customer_id,segment,age,preferred_channel,signup_date,_loyalty,_basket_mean
1,loyal_vip,49.0,mobile_app,2024-08-27,0.85,120
2,regular,31.0,web,2024-10-12,0.6,55
3,regular,56.0,mobile_app,2024-06-16,0.6,55
4,bargain_hunter,43.0,mobile_app,2024-09-03,0.35,25
5,regular,31.0,web,2024-11-27,0.6,55
6,regular,18.0,mobile_app,2024-02-18,0.6,55
7,bargain_hunter,38.0,web,2024-02-27,0.35,25
8,bargain_hunter,76.0,web,2024-01-16,0.35,25
9,bargain_hunter,37.0,mobile_app,2024-08-06,0.35,25
10,regular,18.0,mobile_app,2024-07-25,0.6,55
11,bargain_hunter,37.0,web,2024-04-09,0.35,25
12,loyal_vip,54.0,mobile_app,2024-12-05,0.85,120
13,regular,26.0,web,2024-07-05,0.6,55
14,regular,42.0,mobile_app,2024-08-17,0.6,55
15,one_off,58.0,web,2024-08-26,0.1,40
16,regular,29.0,web,2024-08-02,0.6,55
17,bargain_hunter,28.0,mobile_app,2024-06-01,0.35,25
18,bargain_hunter,32.0,mobile_app,2024-10-20,0.35,25
19,regular,46.0,web,2024-04-06,0.6,55
20,loyal_vip,37.0,web,2024-07-24,0.85,120
21,bargain_hunter,46.0,mobile_app,2024-06-12,0.35,25
22,regular,53.0,in_store,2024-08-05,0.6,55
23,regular,33.0,web,2024-07-29,0.6,55
24,regular,,web,2024-11-05,0.6,55
25,loyal_vip,27.0,mobile_app,2024-07-29,0.85,120
26,loyal_vip,26.0,mobile_app,2024-10-11,0.85,120
27,loyal_vip,37.0,web,2024-03-26,0.85,120
28,regular,27.0,mobile_app,2024-04-15,0.6,55
29,loyal_vip,36.0,in_store,2024-07-03,0.85,120
30,bargain_hunter,,web,2024-06-11,0.35,25
31,regular,43.0,in_store,2024-05-22,0.6,55
32,loyal_vip,38.0,mobile_app,2024-01-23,0.85,120
33,regular,26.0,in_store,2024-02-17,0.6,55
34,bargain_hunter,26.0,web,2024-09-06,0.35,25
35,regular,43.0,mobile_app,2024-01-31,0.6,55
36,bargain_hunter,21.0,web,2024-11-06,0.35,25
37,loyal_vip,42.0,web,2024-08-17,0.85,120
38,bargain_hunter,66.0,mobile_app,2024-05-04,0.35,25
39,regular,45.0,in_store,2024-09-27,0.6,55
40,regular,57.0,web,2024-05-22,0.6,55
41,regular,28.0,web,2024-12-24,0.6,55
42,loyal_vip,53.0,in_store,2024-05-04,0.85,120
43,bargain_hunter,40.0,web,2024-06-20,0.35,25
44,loyal_vip,47.0,web,2024-11-28,0.85,120
45,bargain_hunter,27.0,web,2024-09-14,0.35,25
46,bargain_hunter,55.0,in_store,2024-01-16,0.35,25
47,bargain_hunter,33.0,in_store,2024-04-20,0.35,25
48,regular,45.0,web,2024-05-14,0.6,55
49,regular,33.0,mobile_app,2024-11-17,0.6,55
50,regular,30.0,mobile_app,2024-09-20,0.6,55
51,loyal_vip,18.0,in_store,2024-07-28,0.85,120
52,regular,53.0,in_store,2024-11-22,0.6,55
53,loyal_vip,18.0,web,2024-02-01,0.85,120
54,bargain_hunter,32.0,web,2024-01-08,0.35,25
55,bargain_hunter,38.0,in_store,2024-09-15,0.35,25
56,regular,37.0,web,2024-09-03,0.6,55
57,bargain_hunter,22.0,mobile_app,2024-02-26,0.35,25
58,loyal_vip,47.0,mobile_app,2024-07-04,0.85,120
59,regular,50.0,web,2024-05-04,0.6,55
60,bargain_hunter,50.0,mobile_app,2024-04-30,0.35,25
61,one_off,37.0,mobile_app,2024-04-24,0.1,40
62,regular,49.0,web,2024-08-21,0.6,55
63,loyal_vip,35.0,web,2024-04-30,0.85,120
64,bargain_hunter,18.0,mobile_app,2024-04-19,0.35,25
65,loyal_vip,36.0,web,2024-04-18,0.85,120
66,regular,,mobile_app,2024-10-20,0.6,55
67,loyal_vip,37.0,web,2024-12-01,0.85,120
68,bargain_hunter,41.0,web,2024-03-05,0.35,25
69,loyal_vip,57.0,mobile_app,2024-10-14,0.85,120
70,one_off,40.0,in_store,2024-10-04,0.1,40
71,regular,34.0,in_store,2024-08-29,0.6,55
72,loyal_vip,45.0,mobile_app,2024-09-06,0.85,120
73,loyal_vip,52.0,in_store,2024-02-27,0.85,120
74,loyal_vip,18.0,mobile_app,2024-05-18,0.85,120
75,loyal_vip,39.0,mobile_app,2024-03-08,0.85,120
76,regular,42.0,web,2024-01-12,0.6,55
77,regular,38.0,mobile_app,2024-11-17,0.6,55
78,loyal_vip,39.0,mobile_app,2024-12-13,0.85,120
79,one_off,18.0,mobile_app,2024-07-07,0.1,40
80,bargain_hunter,,mobile_app,2024-04-27,0.35,25
81,bargain_hunter,41.0,web,2024-05-09,0.35,25
82,regular,24.0,mobile_app,2024-05-16,0.6,55
83,regular,24.0,mobile_app,2024-01-09,0.6,55
84,bargain_hunter,30.0,web,2024-11-06,0.35,25
85,regular,,in_store,2024-08-30,0.6,55
86,regular,24.0,web,2024-04-09,0.6,55
87,one_off,61.0,mobile_app,2024-05-29,0.1,40
88,loyal_vip,61.0,in_store,2024-01-18,0.85,120
89,regular,38.0,web,2024-04-05,0.6,55
90,regular,30.0,mobile_app,2024-07-30,0.6,55
91,bargain_hunter,34.0,web,2024-05-15,0.35,25
92,bargain_hunter,63.0,mobile_app,2024-06-07,0.35,25
93,regular,35.0,mobile_app,2024-08-15,0.6,55
94,bargain_hunter,39.0,web,2024-10-15,0.35,25
95,one_off,49.0,mobile_app,2024-12-07,0.1,40
96,regular,18.0,mobile_app,2024-07-13,0.6,55
97,regular,55.0,web,2024-05-30,0.6,55
98,one_off,18.0,in_store,2024-06-09,0.1,40
99,bargain_hunter,18.0,in_store,2024-05-14,0.35,25
100,regular,49.0,web,2024-07-20,0.6,55
101,regular,50.0,mobile_app,2024-09-08,0.6,55
102,loyal_vip,24.0,mobile_app,2024-03-24,0.85,120
103,loyal_vip,40.0,mobile_app,2024-05-30,0.85,120
104,bargain_hunter,53.0,mobile_app,2024-12-30,0.35,25
105,regular,59.0,web,2024-02-29,0.6,55
106,one_off,55.0,web,2024-10-26,0.1,40
107,one_off,,mobile_app,2024-10-05,0.1,40
108,one_off,47.0,web,2024-03-04,0.1,40
109,bargain_hunter,42.0,web,2024-04-27,0.35,25
110,bargain_hunter,39.0,web,2024-12-31,0.35,25
111,one_off,33.0,web,2024-10-10,0.1,40
112,regular,65.0,web,2024-11-18,0.6,55
113,bargain_hunter,23.0,web,2024-05-10,0.35,25
114,loyal_vip,40.0,web,2024-05-06,0.85,120
115,regular,47.0,web,2024-10-31,0.6,55
116,bargain_hunter,38.0,mobile_app,2024-02-05,0.35,25
117,regular,18.0,mobile_app,2024-08-23,0.6,55
118,bargain_hunter,18.0,mobile_app,2024-09-09,0.35,25
119,bargain_hunter,35.0,mobile_app,2024-05-02,0.35,25
120,regular,47.0,web,2024-07-06,0.6,55
121,regular,49.0,mobile_app,2024-07-18,0.6,55
122,bargain_hunter,57.0,mobile_app,2024-04-09,0.35,25
123,bargain_hunter,29.0,web,2024-03-24,0.35,25
124,bargain_hunter,34.0,web,2024-09-11,0.35,25
125,loyal_vip,52.0,web,2024-08-12,0.85,120
126,regular,36.0,web,2024-08-20,0.6,55
127,bargain_hunter,43.0,web,2024-04-10,0.35,25
128,regular,21.0,web,2024-10-21,0.6,55
129,regular,23.0,mobile_app,2024-09-26,0.6,55
130,bargain_hunter,22.0,mobile_app,2024-09-20,0.35,25
131,bargain_hunter,65.0,mobile_app,2024-12-24,0.35,25
132,regular,36.0,web,2024-06-17,0.6,55
133,regular,35.0,mobile_app,2024-01-09,0.6,55
134,bargain_hunter,29.0,web,2024-07-09,0.35,25
135,bargain_hunter,35.0,mobile_app,2024-08-10,0.35,25
136,regular,53.0,mobile_app,2024-05-11,0.6,55
137,one_off,38.0,mobile_app,2024-07-09,0.1,40
138,regular,32.0,mobile_app,2024-07-05,0.6,55
139,bargain_hunter,49.0,web,2024-01-24,0.35,25
140,loyal_vip,18.0,in_store,2024-09-28,0.85,120
141,bargain_hunter,38.0,web,2024-05-05,0.35,25
142,bargain_hunter,41.0,mobile_app,2024-09-04,0.35,25
143,loyal_vip,28.0,mobile_app,2024-08-05,0.85,120
144,regular,56.0,mobile_app,2024-10-22,0.6,55
145,regular,18.0,mobile_app,2024-05-20,0.6,55
146,regular,26.0,mobile_app,2024-04-26,0.6,55
147,bargain_hunter,38.0,in_store,2024-04-05,0.35,25
148,regular,22.0,web,2024-09-06,0.6,55
149,regular,29.0,in_store,2024-06-25,0.6,55
150,regular,36.0,mobile_app,2024-05-07,0.6,55
151,loyal_vip,40.0,mobile_app,2024-12-30,0.85,120
152,bargain_hunter,39.0,web,2024-04-25,0.35,25
153,regular,37.0,web,2024-04-29,0.6,55
154,loyal_vip,26.0,mobile_app,2024-11-03,0.85,120
155,regular,52.0,mobile_app,2024-11-04,0.6,55
156,regular,37.0,web,2024-03-26,0.6,55
157,regular,28.0,in_store,2024-08-11,0.6,55
158,one_off,,web,2024-05-23,0.1,40
159,regular,43.0,mobile_app,2024-07-25,0.6,55
160,bargain_hunter,49.0,web,2024-10-28,0.35,25
161,regular,40.0,in_store,2024-07-18,0.6,55
162,regular,27.0,web,2024-12-17,0.6,55
163,loyal_vip,36.0,web,2024-09-15,0.85,120
164,regular,36.0,mobile_app,2024-04-10,0.6,55
165,one_off,22.0,in_store,2024-01-09,0.1,40
166,one_off,42.0,web,2024-08-25,0.1,40
167,bargain_hunter,20.0,web,2024-08-07,0.35,25
168,regular,37.0,in_store,2024-06-20,0.6,55
169,regular,,mobile_app,2024-04-03,0.6,55
170,bargain_hunter,55.0,mobile_app,2024-09-08,0.35,25
171,bargain_hunter,81.0,mobile_app,2024-11-24,0.35,25
172,regular,30.0,web,2024-07-01,0.6,55
173,regular,38.0,web,2024-12-14,0.6,55
174,regular,18.0,in_store,2024-10-30,0.6,55
175,regular,42.0,mobile_app,2024-11-18,0.6,55
176,bargain_hunter,21.0,web,2024-04-03,0.35,25
177,loyal_vip,52.0,web,2024-07-10,0.85,120
178,regular,30.0,web,2024-11-12,0.6,55
179,regular,24.0,in_store,2024-05-24,0.6,55
180,loyal_vip,54.0,mobile_app,2024-01-17,0.85,120
181,loyal_vip,45.0,in_store,2024-06-02,0.85,120
182,regular,49.0,in_store,2024-06-26,0.6,55
183,loyal_vip,45.0,mobile_app,2024-05-29,0.85,120
184,regular,39.0,web,2024-11-30,0.6,55
185,regular,47.0,mobile_app,2024-05-27,0.6,55
186,loyal_vip,62.0,web,2024-04-19,0.85,120
187,regular,29.0,mobile_app,2024-07-09,0.6,55
188,one_off,39.0,mobile_app,2024-10-15,0.1,40
189,one_off,27.0,in_store,2024-08-04,0.1,40
190,one_off,25.0,mobile_app,2024-03-06,0.1,40
191,loyal_vip,51.0,mobile_app,2024-01-07,0.85,120
192,bargain_hunter,45.0,mobile_app,2024-06-13,0.35,25
193,bargain_hunter,45.0,in_store,2024-10-05,0.35,25
194,loyal_vip,45.0,web,2024-05-21,0.85,120
195,bargain_hunter,34.0,in_store,2024-06-22,0.35,25
196,regular,42.0,web,2024-08-30,0.6,55
197,regular,18.0,web,2024-06-18,0.6,55
198,bargain_hunter,19.0,in_store,2024-06-01,0.35,25
199,loyal_vip,37.0,mobile_app,2024-11-27,0.85,120
200,bargain_hunter,32.0,mobile_app,2024-03-29,0.35,25
201,regular,24.0,web,2024-02-08,0.6,55
202,loyal_vip,29.0,mobile_app,2024-07-25,0.85,120
203,bargain_hunter,42.0,mobile_app,2024-06-11,0.35,25
204,one_off,40.0,web,2024-02-20,0.1,40
205,regular,29.0,mobile_app,2024-02-08,0.6,55
206,regular,43.0,web,2024-08-21,0.6,55
207,loyal_vip,34.0,mobile_app,2024-11-21,0.85,120
208,one_off,46.0,in_store,2024-09-28,0.1,40
209,one_off,43.0,web,2024-11-26,0.1,40
210,bargain_hunter,26.0,web,2024-09-26,0.35,25
211,loyal_vip,24.0,mobile_app,2024-07-02,0.85,120
212,bargain_hunter,51.0,mobile_app,2024-01-13,0.35,25
213,bargain_hunter,30.0,web,2024-05-03,0.35,25
214,bargain_hunter,64.0,mobile_app,2024-02-27,0.35,25
215,loyal_vip,22.0,web,2024-07-04,0.85,120
216,one_off,64.0,mobile_app,2024-02-29,0.1,40
217,regular,39.0,mobile_app,2024-07-14,0.6,55
218,regular,46.0,in_store,2024-11-13,0.6,55
219,loyal_vip,32.0,mobile_app,2024-10-08,0.85,120
220,regular,40.0,mobile_app,2024-02-23,0.6,55
221,regular,57.0,mobile_app,2024-08-13,0.6,55
222,bargain_hunter,20.0,web,2024-10-27,0.35,25
223,bargain_hunter,18.0,mobile_app,2024-10-06,0.35,25
224,bargain_hunter,24.0,web,2024-11-29,0.35,25
225,regular,56.0,in_store,2024-10-11,0.6,55
226,one_off,35.0,mobile_app,2024-01-17,0.1,40
227,bargain_hunter,28.0,mobile_app,2024-03-16,0.35,25
228,bargain_hunter,,web,2024-01-02,0.35,25
229,regular,,mobile_app,2024-03-25,0.6,55
230,bargain_hunter,75.0,web,2024-08-17,0.35,25
231,regular,27.0,web,2024-09-30,0.6,55
232,regular,38.0,mobile_app,2024-12-29,0.6,55
233,one_off,53.0,mobile_app,2024-10-13,0.1,40
234,loyal_vip,21.0,web,2024-10-10,0.85,120
235,loyal_vip,32.0,mobile_app,2024-04-17,0.85,120
236,bargain_hunter,36.0,mobile_app,2024-02-28,0.35,25
237,bargain_hunter,32.0,web,2024-08-23,0.35,25
238,bargain_hunter,48.0,web,2024-01-29,0.35,25
239,bargain_hunter,52.0,mobile_app,2024-10-07,0.35,25
240,regular,18.0,web,2024-04-24,0.6,55
241,bargain_hunter,70.0,mobile_app,2024-05-26,0.35,25
242,one_off,27.0,mobile_app,2024-04-15,0.1,40
243,bargain_hunter,44.0,mobile_app,2024-08-27,0.35,25
244,regular,33.0,web,2024-01-30,0.6,55
245,regular,42.0,in_store,2024-01-15,0.6,55
246,bargain_hunter,57.0,web,2024-07-02,0.35,25
247,bargain_hunter,60.0,in_store,2024-04-24,0.35,25
248,loyal_vip,26.0,web,2024-08-24,0.85,120
249,bargain_hunter,24.0,mobile_app,2024-04-03,0.35,25
250,one_off,28.0,web,2024-02-17,0.1,40
251,bargain_hunter,30.0,mobile_app,2024-06-14,0.35,25
252,regular,52.0,mobile_app,2024-12-10,0.6,55
253,bargain_hunter,35.0,web,2024-01-22,0.35,25
254,loyal_vip,18.0,mobile_app,2024-12-15,0.85,120
255,bargain_hunter,20.0,web,2024-12-22,0.35,25
256,regular,41.0,web,2024-06-21,0.6,55
257,bargain_hunter,44.0,web,2024-07-22,0.35,25
258,loyal_vip,55.0,web,2024-07-27,0.85,120
259,bargain_hunter,27.0,web,2024-08-04,0.35,25
260,one_off,22.0,web,2024-11-29,0.1,40
261,regular,30.0,web,2024-03-15,0.6,55
262,bargain_hunter,57.0,web,2024-08-12,0.35,25
263,bargain_hunter,46.0,web,2024-11-01,0.35,25
264,regular,45.0,in_store,2024-07-26,0.6,55
265,one_off,44.0,mobile_app,2024-10-07,0.1,40
266,regular,39.0,mobile_app,2024-03-09,0.6,55
267,one_off,45.0,web,2024-10-23,0.1,40
268,regular,45.0,web,2024-02-09,0.6,55
269,one_off,38.0,mobile_app,2024-04-05,0.1,40
270,bargain_hunter,18.0,mobile_app,2024-03-31,0.35,25
271,bargain_hunter,32.0,web,2024-05-17,0.35,25
272,regular,24.0,mobile_app,2024-07-04,0.6,55
273,regular,18.0,web,2024-07-24,0.6,55
274,regular,18.0,web,2024-06-15,0.6,55
275,loyal_vip,34.0,in_store,2024-01-22,0.85,120
276,regular,44.0,mobile_app,2024-03-22,0.6,55
277,bargain_hunter,69.0,mobile_app,2024-10-04,0.35,25
278,bargain_hunter,27.0,mobile_app,2024-05-23,0.35,25
279,bargain_hunter,34.0,mobile_app,2024-03-24,0.35,25
280,regular,39.0,mobile_app,2024-07-18,0.6,55
281,loyal_vip,60.0,mobile_app,2024-04-28,0.85,120
282,loyal_vip,51.0,mobile_app,2024-01-29,0.85,120
283,loyal_vip,38.0,web,2024-06-03,0.85,120
284,one_off,58.0,in_store,2024-04-21,0.1,40
285,loyal_vip,35.0,mobile_app,2024-09-27,0.85,120
286,bargain_hunter,46.0,web,2024-01-22,0.35,25
287,bargain_hunter,18.0,mobile_app,2024-09-13,0.35,25
288,bargain_hunter,40.0,web,2024-02-17,0.35,25
289,loyal_vip,46.0,web,2024-03-02,0.85,120
290,bargain_hunter,54.0,web,2024-09-13,0.35,25
291,bargain_hunter,52.0,mobile_app,2024-11-30,0.35,25
292,one_off,33.0,mobile_app,2024-12-08,0.1,40
293,regular,32.0,mobile_app,2024-08-09,0.6,55
294,bargain_hunter,47.0,web,2024-10-21,0.35,25
295,loyal_vip,18.0,mobile_app,2024-12-12,0.85,120
296,regular,41.0,web,2024-02-08,0.6,55
297,regular,,web,2024-07-09,0.6,55
298,bargain_hunter,30.0,web,2024-11-07,0.35,25
299,bargain_hunter,42.0,mobile_app,2024-05-14,0.35,25
300,one_off,46.0,mobile_app,2024-01-23,0.1,40
301,regular,36.0,mobile_app,2024-11-23,0.6,55
302,regular,18.0,mobile_app,2024-01-04,0.6,55
303,regular,29.0,web,2024-02-21,0.6,55
304,bargain_hunter,44.0,mobile_app,2024-07-09,0.35,25
305,regular,37.0,in_store,2024-05-12,0.6,55
306,bargain_hunter,51.0,web,2024-10-12,0.35,25
307,one_off,32.0,mobile_app,2024-07-01,0.1,40
308,loyal_vip,54.0,mobile_app,2024-08-03,0.85,120
309,one_off,33.0,web,2024-09-25,0.1,40
310,loyal_vip,42.0,mobile_app,2024-12-17,0.85,120
311,bargain_hunter,57.0,web,2024-08-12,0.35,25
312,regular,42.0,web,2024-12-07,0.6,55
313,regular,54.0,web,2024-02-26,0.6,55
314,regular,56.0,mobile_app,2024-03-13,0.6,55
315,regular,41.0,web,2024-05-22,0.6,55
316,regular,43.0,web,2024-04-20,0.6,55
317,bargain_hunter,40.0,mobile_app,2024-10-28,0.35,25
318,bargain_hunter,44.0,web,2024-08-19,0.35,25
319,loyal_vip,36.0,mobile_app,2024-02-16,0.85,120
320,bargain_hunter,34.0,web,2024-06-26,0.35,25
321,regular,45.0,mobile_app,2024-07-19,0.6,55
322,bargain_hunter,74.0,mobile_app,2024-10-29,0.35,25
323,loyal_vip,42.0,web,2024-02-29,0.85,120
324,regular,34.0,in_store,2024-09-29,0.6,55
325,bargain_hunter,32.0,mobile_app,2024-07-07,0.35,25
326,bargain_hunter,42.0,mobile_app,2024-05-16,0.35,25
327,loyal_vip,37.0,mobile_app,2024-02-03,0.85,120
328,bargain_hunter,39.0,web,2024-11-19,0.35,25
329,bargain_hunter,27.0,mobile_app,2024-04-20,0.35,25
330,bargain_hunter,26.0,web,2024-02-10,0.35,25
331,regular,27.0,mobile_app,2024-04-29,0.6,55
332,bargain_hunter,57.0,mobile_app,2024-09-01,0.35,25
333,bargain_hunter,46.0,web,2024-01-15,0.35,25
334,regular,,mobile_app,2024-05-08,0.6,55
335,bargain_hunter,48.0,mobile_app,2024-06-25,0.35,25
336,regular,31.0,web,2024-12-31,0.6,55
337,bargain_hunter,51.0,mobile_app,2024-07-24,0.35,25
338,loyal_vip,34.0,mobile_app,2024-12-12,0.85,120
339,one_off,45.0,mobile_app,2024-08-12,0.1,40
340,bargain_hunter,60.0,web,2024-01-02,0.35,25
341,regular,42.0,web,2024-12-08,0.6,55
342,regular,41.0,web,2024-03-28,0.6,55
343,bargain_hunter,53.0,web,2024-05-21,0.35,25
344,regular,38.0,mobile_app,2024-07-21,0.6,55
345,bargain_hunter,51.0,web,2024-06-16,0.35,25
346,regular,27.0,mobile_app,2024-12-27,0.6,55
347,bargain_hunter,60.0,web,2024-12-16,0.35,25
348,loyal_vip,60.0,web,2024-08-27,0.85,120
349,bargain_hunter,49.0,web,2024-09-04,0.35,25
350,regular,33.0,mobile_app,2024-05-24,0.6,55
351,bargain_hunter,43.0,web,2024-09-11,0.35,25
352,regular,18.0,in_store,2024-10-02,0.6,55
353,bargain_hunter,53.0,web,2024-12-26,0.35,25
354,bargain_hunter,43.0,web,2024-07-12,0.35,25
355,bargain_hunter,27.0,web,2024-02-17,0.35,25
356,loyal_vip,38.0,web,2024-08-13,0.85,120
357,loyal_vip,46.0,web,2024-10-01,0.85,120
358,bargain_hunter,51.0,mobile_app,2024-06-30,0.35,25
359,regular,48.0,mobile_app,2024-01-14,0.6,55
360,loyal_vip,53.0,web,2024-12-06,0.85,120
361,regular,43.0,web,2024-12-01,0.6,55
362,regular,48.0,web,2024-08-25,0.6,55
363,regular,48.0,web,2024-01-17,0.6,55
364,regular,56.0,in_store,2024-10-28,0.6,55
365,bargain_hunter,19.0,mobile_app,2024-10-06,0.35,25
366,regular,64.0,in_store,2024-11-18,0.6,55
367,bargain_hunter,25.0,web,2024-03-08,0.35,25
368,bargain_hunter,45.0,mobile_app,2024-09-16,0.35,25
369,bargain_hunter,55.0,web,2024-05-22,0.35,25
370,bargain_hunter,34.0,web,2024-07-17,0.35,25
371,bargain_hunter,45.0,in_store,2024-10-20,0.35,25
372,regular,24.0,mobile_app,2024-09-02,0.6,55
373,regular,26.0,mobile_app,2024-11-23,0.6,55
374,bargain_hunter,,web,2024-02-10,0.35,25
375,bargain_hunter,54.0,mobile_app,2024-07-26,0.35,25
376,bargain_hunter,43.0,web,2024-12-29,0.35,25
377,regular,44.0,web,2024-12-02,0.6,55
378,bargain_hunter,48.0,web,2024-05-05,0.35,25
379,loyal_vip,39.0,web,2024-07-05,0.85,120
380,regular,27.0,mobile_app,2024-03-01,0.6,55
381,regular,41.0,web,2024-12-13,0.6,55
382,regular,56.0,mobile_app,2024-01-07,0.6,55
383,regular,26.0,mobile_app,2024-03-17,0.6,55
384,regular,43.0,web,2024-08-23,0.6,55
385,regular,28.0,mobile_app,2024-01-09,0.6,55
386,loyal_vip,52.0,web,2024-08-15,0.85,120
387,bargain_hunter,18.0,web,2024-12-13,0.35,25
388,regular,18.0,web,2024-10-20,0.6,55
389,loyal_vip,35.0,web,2024-05-13,0.85,120
390,bargain_hunter,52.0,mobile_app,2024-06-21,0.35,25
391,regular,20.0,web,2024-05-13,0.6,55
392,regular,43.0,web,2024-08-09,0.6,55
393,one_off,44.0,mobile_app,2024-01-29,0.1,40
394,regular,,web,2024-09-03,0.6,55
395,loyal_vip,47.0,web,2024-02-02,0.85,120
396,regular,47.0,web,2024-10-14,0.6,55
397,regular,55.0,mobile_app,2024-08-19,0.6,55
398,one_off,34.0,mobile_app,2024-12-11,0.1,40
399,regular,27.0,mobile_app,2024-05-18,0.6,55
400,one_off,44.0,mobile_app,2024-09-02,0.1,40
401,regular,47.0,mobile_app,2024-04-14,0.6,55
402,bargain_hunter,37.0,web,2024-07-25,0.35,25
403,bargain_hunter,43.0,mobile_app,2024-11-07,0.35,25
404,regular,39.0,web,2024-05-25,0.6,55
405,bargain_hunter,66.0,web,2024-08-26,0.35,25
406,regular,36.0,web,2024-03-23,0.6,55
407,regular,22.0,mobile_app,2024-10-11,0.6,55
408,bargain_hunter,28.0,web,2024-09-05,0.35,25
409,bargain_hunter,26.0,web,2024-05-29,0.35,25
410,bargain_hunter,29.0,mobile_app,2024-09-24,0.35,25
411,regular,44.0,web,2024-04-02,0.6,55
412,regular,48.0,mobile_app,2024-12-02,0.6,55
413,loyal_vip,35.0,web,2024-05-10,0.85,120
414,bargain_hunter,52.0,in_store,2024-08-19,0.35,25
415,regular,51.0,web,2024-02-27,0.6,55
416,one_off,19.0,mobile_app,2024-09-18,0.1,40
417,regular,50.0,mobile_app,2024-04-16,0.6,55
418,bargain_hunter,33.0,mobile_app,2024-08-17,0.35,25
419,regular,28.0,web,2024-12-18,0.6,55
420,regular,34.0,mobile_app,2024-09-03,0.6,55
421,regular,38.0,web,2024-02-24,0.6,55
422,regular,26.0,web,2024-08-03,0.6,55
423,regular,46.0,web,2024-01-14,0.6,55
424,regular,31.0,web,2024-01-14,0.6,55
425,bargain_hunter,30.0,web,2024-03-28,0.35,25
426,one_off,19.0,web,2024-12-11,0.1,40
427,regular,58.0,mobile_app,2024-10-27,0.6,55
428,bargain_hunter,44.0,web,2024-06-27,0.35,25
429,regular,28.0,mobile_app,2024-06-30,0.6,55
430,regular,40.0,mobile_app,2024-10-14,0.6,55
431,one_off,49.0,mobile_app,2024-12-22,0.1,40
432,regular,49.0,web,2024-11-23,0.6,55
433,regular,66.0,mobile_app,2024-03-03,0.6,55
434,bargain_hunter,31.0,in_store,2024-04-30,0.35,25
435,regular,63.0,mobile_app,2024-08-23,0.6,55
436,bargain_hunter,50.0,mobile_app,2024-09-06,0.35,25
437,bargain_hunter,27.0,web,2024-10-05,0.35,25
438,one_off,39.0,web,2024-06-10,0.1,40
439,bargain_hunter,29.0,mobile_app,2024-09-04,0.35,25
440,one_off,43.0,mobile_app,2024-05-22,0.1,40
441,regular,46.0,mobile_app,2024-03-09,0.6,55
442,regular,39.0,mobile_app,2024-05-03,0.6,55
443,loyal_vip,43.0,in_store,2024-12-20,0.85,120
444,loyal_vip,51.0,in_store,2024-04-19,0.85,120
445,bargain_hunter,30.0,web,2024-11-25,0.35,25
446,regular,18.0,web,2024-04-01,0.6,55
447,bargain_hunter,30.0,in_store,2024-05-09,0.35,25
448,regular,28.0,mobile_app,2024-11-28,0.6,55
449,bargain_hunter,50.0,web,2024-08-17,0.35,25
450,bargain_hunter,20.0,in_store,2024-04-23,0.35,25
451,bargain_hunter,40.0,web,2024-10-17,0.35,25
452,loyal_vip,28.0,web,2024-06-15,0.85,120
453,bargain_hunter,47.0,web,2024-11-09,0.35,25
454,regular,44.0,web,2024-02-19,0.6,55
455,one_off,33.0,in_store,2024-02-07,0.1,40
456,bargain_hunter,47.0,mobile_app,2024-04-15,0.35,25
457,bargain_hunter,22.0,mobile_app,2024-03-21,0.35,25
458,regular,34.0,web,2024-03-23,0.6,55
459,one_off,70.0,mobile_app,2024-02-11,0.1,40
460,bargain_hunter,57.0,mobile_app,2024-09-01,0.35,25
461,regular,35.0,web,2024-11-20,0.6,55
462,loyal_vip,35.0,web,2024-01-19,0.85,120
463,loyal_vip,28.0,web,2024-02-25,0.85,120
464,regular,35.0,web,2024-09-16,0.6,55
465,bargain_hunter,23.0,mobile_app,2024-04-06,0.35,25
466,bargain_hunter,59.0,mobile_app,2024-10-16,0.35,25
467,bargain_hunter,20.0,mobile_app,2024-01-07,0.35,25
468,bargain_hunter,33.0,mobile_app,2024-02-08,0.35,25
469,bargain_hunter,,in_store,2024-02-29,0.35,25
470,regular,56.0,web,2024-11-11,0.6,55
471,bargain_hunter,63.0,web,2024-05-20,0.35,25
472,bargain_hunter,35.0,web,2024-02-02,0.35,25
473,regular,44.0,in_store,2024-09-19,0.6,55
474,bargain_hunter,32.0,mobile_app,2024-06-26,0.35,25
475,regular,26.0,web,2024-10-27,0.6,55
476,bargain_hunter,23.0,web,2024-05-03,0.35,25
477,regular,39.0,web,2024-12-16,0.6,55
478,loyal_vip,18.0,mobile_app,2024-10-20,0.85,120
479,loyal_vip,53.0,in_store,2024-05-17,0.85,120
480,regular,58.0,mobile_app,2024-11-14,0.6,55
481,bargain_hunter,38.0,web,2024-10-08,0.35,25
482,loyal_vip,31.0,web,2024-05-28,0.85,120
483,loyal_vip,27.0,web,2024-04-03,0.85,120
484,regular,49.0,mobile_app,2024-08-06,0.6,55
485,bargain_hunter,45.0,web,2024-12-27,0.35,25
486,bargain_hunter,39.0,mobile_app,2024-09-13,0.35,25
487,loyal_vip,,web,2024-09-06,0.85,120
488,regular,45.0,web,2024-08-06,0.6,55
489,loyal_vip,47.0,in_store,2024-04-10,0.85,120
490,regular,33.0,in_store,2024-03-18,0.6,55
491,loyal_vip,40.0,web,2024-10-04,0.85,120
492,regular,59.0,in_store,2024-08-23,0.6,55
493,regular,36.0,web,2024-08-19,0.6,55
494,one_off,35.0,web,2024-05-26,0.1,40
495,bargain_hunter,20.0,web,2024-02-25,0.35,25
496,loyal_vip,29.0,mobile_app,2024-04-21,0.85,120
497,one_off,40.0,web,2024-06-16,0.1,40
498,bargain_hunter,,web,2024-11-03,0.35,25
499,bargain_hunter,46.0,web,2024-10-02,0.35,25
500,regular,46.0,web,2024-02-13,0.6,55
501,loyal_vip,46.0,mobile_app,2024-10-09,0.85,120
502,loyal_vip,,web,2024-03-22,0.85,120
503,loyal_vip,43.0,mobile_app,2024-05-11,0.85,120
504,regular,45.0,web,2024-11-23,0.6,55
505,loyal_vip,46.0,web,2024-09-18,0.85,120
506,regular,39.0,mobile_app,2024-10-08,0.6,55
507,bargain_hunter,35.0,web,2024-12-28,0.35,25
508,regular,26.0,web,2024-12-27,0.6,55
509,regular,35.0,in_store,2024-02-04,0.6,55
510,regular,54.0,mobile_app,2024-06-23,0.6,55
511,regular,43.0,in_store,2024-07-30,0.6,55
512,regular,54.0,web,2024-06-25,0.6,55
513,loyal_vip,18.0,mobile_app,2024-02-06,0.85,120
514,regular,34.0,web,2024-01-07,0.6,55
515,regular,46.0,mobile_app,2024-02-01,0.6,55
516,bargain_hunter,50.0,web,2024-06-25,0.35,25
517,bargain_hunter,40.0,web,2024-01-04,0.35,25
518,regular,51.0,web,2024-09-06,0.6,55
519,bargain_hunter,26.0,web,2024-08-20,0.35,25
520,bargain_hunter,35.0,mobile_app,2024-04-02,0.35,25
521,regular,56.0,mobile_app,2024-05-09,0.6,55
522,loyal_vip,37.0,mobile_app,2024-11-26,0.85,120
523,bargain_hunter,43.0,web,2024-09-12,0.35,25
524,bargain_hunter,29.0,mobile_app,2024-02-17,0.35,25
525,one_off,21.0,web,2024-11-26,0.1,40
526,loyal_vip,39.0,mobile_app,2024-04-14,0.85,120
527,regular,44.0,mobile_app,2024-01-26,0.6,55
528,regular,32.0,mobile_app,2024-07-16,0.6,55
529,bargain_hunter,48.0,mobile_app,2024-11-01,0.35,25
530,loyal_vip,36.0,mobile_app,2024-03-03,0.85,120
531,bargain_hunter,51.0,web,2024-01-04,0.35,25
532,bargain_hunter,47.0,web,2024-03-04,0.35,25
533,regular,38.0,mobile_app,2024-10-06,0.6,55
534,bargain_hunter,44.0,web,2024-02-12,0.35,25
535,loyal_vip,50.0,web,2024-11-18,0.85,120
536,loyal_vip,67.0,web,2024-06-22,0.85,120
537,bargain_hunter,30.0,web,2024-03-04,0.35,25
538,one_off,52.0,mobile_app,2024-12-15,0.1,40
539,regular,38.0,in_store,2024-09-12,0.6,55
540,bargain_hunter,45.0,mobile_app,2024-09-22,0.35,25
541,loyal_vip,28.0,web,2024-01-20,0.85,120
542,bargain_hunter,18.0,mobile_app,2024-12-07,0.35,25
543,one_off,34.0,web,2024-11-29,0.1,40
544,regular,34.0,mobile_app,2024-04-03,0.6,55
545,regular,37.0,mobile_app,2024-11-17,0.6,55
546,one_off,61.0,mobile_app,2024-04-14,0.1,40
547,bargain_hunter,27.0,web,2024-02-21,0.35,25
548,one_off,31.0,mobile_app,2024-04-29,0.1,40
549,bargain_hunter,53.0,mobile_app,2024-11-22,0.35,25
550,loyal_vip,55.0,mobile_app,2024-08-06,0.85,120
551,regular,53.0,web,2024-02-16,0.6,55
552,loyal_vip,50.0,in_store,2024-10-04,0.85,120
553,regular,45.0,web,2024-06-02,0.6,55
554,bargain_hunter,51.0,mobile_app,2024-08-25,0.35,25
555,bargain_hunter,45.0,web,2024-04-07,0.35,25
556,regular,29.0,in_store,2024-01-19,0.6,55
557,loyal_vip,46.0,mobile_app,2024-12-23,0.85,120
558,one_off,39.0,web,2024-04-27,0.1,40
559,regular,18.0,web,2024-07-20,0.6,55
560,regular,39.0,mobile_app,2024-03-12,0.6,55
561,loyal_vip,25.0,in_store,2024-04-24,0.85,120
562,one_off,45.0,in_store,2024-09-15,0.1,40
563,bargain_hunter,47.0,mobile_app,2024-08-15,0.35,25
564,bargain_hunter,18.0,mobile_app,2024-12-29,0.35,25
565,regular,29.0,mobile_app,2024-05-02,0.6,55
566,regular,39.0,mobile_app,2024-05-11,0.6,55
567,regular,30.0,mobile_app,2024-06-03,0.6,55
568,one_off,35.0,web,2024-07-19,0.1,40
569,regular,30.0,web,2024-12-18,0.6,55
570,regular,43.0,web,2024-03-21,0.6,55
571,bargain_hunter,41.0,mobile_app,2024-10-24,0.35,25
572,regular,31.0,in_store,2024-05-30,0.6,55
573,loyal_vip,49.0,in_store,2024-03-01,0.85,120
574,loyal_vip,38.0,web,2024-12-01,0.85,120
575,regular,42.0,web,2024-10-31,0.6,55
576,regular,37.0,mobile_app,2024-04-12,0.6,55
577,regular,43.0,web,2024-06-04,0.6,55
578,one_off,38.0,mobile_app,2024-11-04,0.1,40
579,bargain_hunter,24.0,mobile_app,2024-04-16,0.35,25
580,one_off,57.0,mobile_app,2024-11-03,0.1,40
581,regular,51.0,web,2024-06-11,0.6,55
582,bargain_hunter,48.0,mobile_app,2024-05-11,0.35,25
583,regular,40.0,web,2024-05-13,0.6,55
584,loyal_vip,44.0,mobile_app,2024-02-17,0.85,120
585,regular,40.0,mobile_app,2024-12-04,0.6,55
586,bargain_hunter,57.0,web,2024-10-14,0.35,25
587,regular,28.0,web,2024-10-07,0.6,55
588,one_off,40.0,in_store,2024-05-12,0.1,40
589,regular,39.0,in_store,2024-12-19,0.6,55
590,regular,,in_store,2024-02-01,0.6,55
591,loyal_vip,32.0,web,2024-12-05,0.85,120
592,regular,55.0,mobile_app,2024-09-10,0.6,55
593,regular,44.0,mobile_app,2024-04-30,0.6,55
594,regular,37.0,in_store,2024-09-30,0.6,55
595,regular,34.0,web,2024-06-22,0.6,55
596,bargain_hunter,35.0,web,2024-12-10,0.35,25
597,bargain_hunter,56.0,mobile_app,2024-04-13,0.35,25
598,loyal_vip,18.0,web,2024-12-02,0.85,120
599,regular,74.0,mobile_app,2024-11-23,0.6,55
600,regular,36.0,in_store,2024-07-20,0.6,55
601,bargain_hunter,73.0,web,2024-06-12,0.35,25
602,one_off,31.0,in_store,2024-03-27,0.1,40
603,regular,19.0,web,2024-03-29,0.6,55
604,regular,18.0,mobile_app,2024-10-11,0.6,55
605,regular,28.0,in_store,2024-03-25,0.6,55
606,regular,33.0,mobile_app,2024-10-18,0.6,55
607,regular,32.0,web,2024-09-03,0.6,55
608,bargain_hunter,60.0,web,2024-09-27,0.35,25
609,loyal_vip,59.0,web,2024-12-06,0.85,120
610,regular,35.0,web,2024-03-16,0.6,55
611,regular,45.0,web,2024-03-05,0.6,55
612,regular,33.0,mobile_app,2024-08-02,0.6,55
613,regular,37.0,web,2024-08-13,0.6,55
614,bargain_hunter,72.0,web,2024-04-21,0.35,25
615,regular,35.0,web,2024-09-24,0.6,55
616,one_off,27.0,in_store,2024-02-28,0.1,40
617,bargain_hunter,59.0,web,2024-01-08,0.35,25
618,one_off,18.0,mobile_app,2024-08-06,0.1,40
619,regular,69.0,mobile_app,2024-08-29,0.6,55
620,one_off,64.0,mobile_app,2024-09-23,0.1,40
621,loyal_vip,68.0,web,2024-04-21,0.85,120
622,one_off,20.0,web,2024-05-12,0.1,40
623,one_off,29.0,web,2024-11-10,0.1,40
624,loyal_vip,43.0,web,2024-03-25,0.85,120
625,loyal_vip,19.0,web,2024-04-13,0.85,120
626,loyal_vip,50.0,web,2024-05-04,0.85,120
627,loyal_vip,41.0,mobile_app,2024-10-31,0.85,120
628,regular,73.0,mobile_app,2024-07-10,0.6,55
629,regular,19.0,mobile_app,2024-12-29,0.6,55
630,one_off,45.0,web,2024-02-28,0.1,40
631,one_off,48.0,web,2024-12-04,0.1,40
632,regular,67.0,in_store,2024-10-19,0.6,55
633,bargain_hunter,39.0,mobile_app,2024-03-22,0.35,25
634,regular,42.0,mobile_app,2024-03-01,0.6,55
635,loyal_vip,39.0,in_store,2024-04-26,0.85,120
636,one_off,22.0,mobile_app,2024-06-30,0.1,40
637,regular,42.0,web,2024-05-20,0.6,55
638,loyal_vip,37.0,web,2024-06-09,0.85,120
639,bargain_hunter,41.0,web,2024-08-17,0.35,25
640,bargain_hunter,23.0,mobile_app,2024-11-02,0.35,25
641,bargain_hunter,37.0,web,2024-12-18,0.35,25
642,bargain_hunter,32.0,in_store,2024-02-08,0.35,25
643,regular,,in_store,2024-07-09,0.6,55
644,regular,72.0,web,2024-04-20,0.6,55
645,regular,29.0,mobile_app,2024-05-13,0.6,55
646,regular,46.0,mobile_app,2024-11-30,0.6,55
647,bargain_hunter,40.0,mobile_app,2024-08-16,0.35,25
648,bargain_hunter,35.0,in_store,2024-11-24,0.35,25
649,bargain_hunter,26.0,mobile_app,2024-08-21,0.35,25
650,loyal_vip,41.0,in_store,2024-02-21,0.85,120
651,regular,35.0,in_store,2024-05-01,0.6,55
652,regular,28.0,mobile_app,2024-07-20,0.6,55
653,regular,40.0,mobile_app,2024-03-03,0.6,55
654,regular,50.0,mobile_app,2024-09-03,0.6,55
655,one_off,52.0,mobile_app,2024-03-29,0.1,40
656,loyal_vip,,web,2024-07-19,0.85,120
657,loyal_vip,39.0,mobile_app,2024-04-29,0.85,120
658,bargain_hunter,48.0,mobile_app,2024-05-10,0.35,25
659,one_off,53.0,web,2024-09-23,0.1,40
660,one_off,18.0,mobile_app,2024-08-10,0.1,40
661,bargain_hunter,40.0,mobile_app,2024-03-13,0.35,25
662,bargain_hunter,47.0,in_store,2024-07-07,0.35,25
663,regular,39.0,mobile_app,2024-02-05,0.6,55
664,bargain_hunter,19.0,mobile_app,2024-07-18,0.35,25
665,bargain_hunter,42.0,web,2024-04-05,0.35,25
666,bargain_hunter,44.0,web,2024-05-28,0.35,25
667,regular,56.0,web,2024-10-17,0.6,55
668,bargain_hunter,47.0,web,2024-02-02,0.35,25
669,loyal_vip,36.0,mobile_app,2024-10-30,0.85,120
670,one_off,41.0,mobile_app,2024-11-16,0.1,40
671,one_off,34.0,mobile_app,2024-08-08,0.1,40
672,regular,38.0,web,2024-09-08,0.6,55
673,regular,32.0,mobile_app,2024-01-23,0.6,55
674,bargain_hunter,48.0,mobile_app,2024-08-23,0.35,25
675,regular,44.0,web,2024-06-05,0.6,55
676,loyal_vip,42.0,mobile_app,2024-11-06,0.85,120
677,bargain_hunter,37.0,web,2024-11-08,0.35,25
678,bargain_hunter,54.0,web,2024-06-29,0.35,25
679,bargain_hunter,28.0,mobile_app,2024-03-12,0.35,25
680,regular,39.0,web,2024-02-26,0.6,55
681,regular,42.0,in_store,2024-12-14,0.6,55
682,regular,37.0,web,2024-02-06,0.6,55
683,bargain_hunter,49.0,mobile_app,2024-04-26,0.35,25
684,bargain_hunter,52.0,in_store,2024-06-21,0.35,25
685,regular,38.0,web,2024-01-06,0.6,55
686,one_off,28.0,mobile_app,2024-12-25,0.1,40
687,bargain_hunter,52.0,mobile_app,2024-11-03,0.35,25
688,bargain_hunter,29.0,web,2024-06-23,0.35,25
689,bargain_hunter,29.0,web,2024-11-08,0.35,25
690,bargain_hunter,41.0,mobile_app,2024-06-29,0.35,25
691,bargain_hunter,47.0,web,2024-06-17,0.35,25
692,regular,61.0,web,2024-08-14,0.6,55
693,bargain_hunter,53.0,mobile_app,2024-02-14,0.35,25
694,bargain_hunter,53.0,mobile_app,2024-01-28,0.35,25
695,bargain_hunter,58.0,web,2024-12-20,0.35,25
696,one_off,31.0,web,2024-10-09,0.1,40
697,one_off,39.0,web,2024-01-16,0.1,40
698,loyal_vip,32.0,web,2024-01-29,0.85,120
699,regular,61.0,web,2024-10-07,0.6,55
700,bargain_hunter,51.0,in_store,2024-05-14,0.35,25
701,regular,44.0,web,2024-07-19,0.6,55
702,loyal_vip,33.0,web,2024-11-07,0.85,120
703,one_off,52.0,web,2024-10-29,0.1,40
704,regular,37.0,web,2024-06-22,0.6,55
705,bargain_hunter,40.0,web,2024-07-24,0.35,25
706,bargain_hunter,,web,2024-03-25,0.35,25
707,regular,67.0,web,2024-03-25,0.6,55
708,regular,65.0,web,2024-08-12,0.6,55
709,one_off,40.0,web,2024-05-20,0.1,40
710,bargain_hunter,18.0,web,2024-03-05,0.35,25
711,bargain_hunter,22.0,mobile_app,2024-04-03,0.35,25
712,regular,,mobile_app,2024-09-28,0.6,55
713,one_off,39.0,web,2024-06-01,0.1,40
714,bargain_hunter,49.0,web,2024-12-13,0.35,25
715,regular,60.0,in_store,2024-05-19,0.6,55
716,bargain_hunter,45.0,web,2024-01-25,0.35,25
717,regular,34.0,mobile_app,2024-03-05,0.6,55
718,regular,33.0,mobile_app,2024-05-10,0.6,55
719,bargain_hunter,34.0,web,2024-10-01,0.35,25
720,bargain_hunter,26.0,in_store,2024-07-12,0.35,25
721,regular,22.0,web,2024-10-29,0.6,55
722,loyal_vip,53.0,mobile_app,2024-11-03,0.85,120
723,regular,58.0,web,2024-04-23,0.6,55
724,one_off,44.0,web,2024-04-05,0.1,40
725,regular,39.0,mobile_app,2024-06-09,0.6,55
726,bargain_hunter,26.0,mobile_app,2024-04-07,0.35,25
727,regular,32.0,in_store,2024-05-29,0.6,55
728,regular,26.0,mobile_app,2024-06-10,0.6,55
729,one_off,36.0,mobile_app,2024-06-03,0.1,40
730,bargain_hunter,69.0,mobile_app,2024-10-26,0.35,25
731,regular,51.0,mobile_app,2024-04-09,0.6,55
732,bargain_hunter,40.0,mobile_app,2024-06-19,0.35,25
733,loyal_vip,48.0,mobile_app,2024-01-20,0.85,120
734,bargain_hunter,57.0,mobile_app,2024-08-21,0.35,25
735,one_off,35.0,in_store,2024-07-14,0.1,40
736,bargain_hunter,29.0,in_store,2024-03-23,0.35,25
737,bargain_hunter,41.0,mobile_app,2024-10-30,0.35,25
738,regular,48.0,web,2024-04-24,0.6,55
739,regular,44.0,web,2024-11-02,0.6,55
740,one_off,46.0,mobile_app,2024-08-04,0.1,40
741,loyal_vip,35.0,mobile_app,2024-09-07,0.85,120
742,bargain_hunter,36.0,web,2024-11-11,0.35,25
743,loyal_vip,36.0,in_store,2024-01-03,0.85,120
744,loyal_vip,49.0,mobile_app,2024-07-25,0.85,120
745,regular,45.0,web,2024-01-10,0.6,55
746,regular,37.0,web,2024-04-22,0.6,55
747,bargain_hunter,46.0,web,2024-08-11,0.35,25
748,one_off,40.0,mobile_app,2024-11-22,0.1,40
749,one_off,32.0,web,2024-02-08,0.1,40
750,bargain_hunter,52.0,mobile_app,2024-10-03,0.35,25
751,bargain_hunter,51.0,mobile_app,2024-04-10,0.35,25
752,loyal_vip,42.0,mobile_app,2024-10-22,0.85,120
753,loyal_vip,26.0,mobile_app,2024-03-21,0.85,120
754,regular,65.0,web,2024-08-11,0.6,55
755,bargain_hunter,76.0,web,2024-07-14,0.35,25
756,bargain_hunter,30.0,mobile_app,2024-10-16,0.35,25
757,bargain_hunter,62.0,web,2024-02-24,0.35,25
758,regular,34.0,in_store,2024-05-24,0.6,55
759,bargain_hunter,30.0,mobile_app,2024-10-04,0.35,25
760,regular,47.0,mobile_app,2024-09-10,0.6,55
761,regular,19.0,web,2024-09-25,0.6,55
762,regular,24.0,in_store,2024-03-08,0.6,55
763,regular,39.0,web,2024-04-11,0.6,55
764,bargain_hunter,,web,2024-07-19,0.35,25
765,bargain_hunter,23.0,web,2024-02-10,0.35,25
766,regular,57.0,web,2024-01-13,0.6,55
767,loyal_vip,41.0,web,2024-05-14,0.85,120
768,loyal_vip,26.0,mobile_app,2024-01-25,0.85,120
769,bargain_hunter,63.0,in_store,2024-11-01,0.35,25
770,one_off,18.0,mobile_app,2024-06-27,0.1,40
771,regular,48.0,web,2024-04-03,0.6,55
772,bargain_hunter,28.0,mobile_app,2024-10-18,0.35,25
773,regular,65.0,web,2024-04-29,0.6,55
774,regular,31.0,web,2024-05-27,0.6,55
775,one_off,41.0,in_store,2024-05-23,0.1,40
776,loyal_vip,39.0,mobile_app,2024-04-29,0.85,120
777,bargain_hunter,26.0,mobile_app,2024-01-18,0.35,25
778,bargain_hunter,27.0,mobile_app,2024-05-25,0.35,25
779,regular,31.0,in_store,2024-01-22,0.6,55
780,bargain_hunter,18.0,web,2024-03-23,0.35,25
781,regular,57.0,mobile_app,2024-10-08,0.6,55
782,regular,33.0,web,2024-02-17,0.6,55
783,one_off,22.0,mobile_app,2024-10-08,0.1,40
784,regular,32.0,in_store,2024-01-14,0.6,55
785,regular,42.0,mobile_app,2024-04-21,0.6,55
786,regular,43.0,web,2024-07-10,0.6,55
787,loyal_vip,41.0,web,2024-04-06,0.85,120
788,regular,56.0,web,2024-02-07,0.6,55
789,regular,58.0,mobile_app,2024-11-04,0.6,55
790,bargain_hunter,43.0,mobile_app,2024-07-31,0.35,25
791,regular,59.0,mobile_app,2024-06-25,0.6,55
792,regular,24.0,mobile_app,2024-11-26,0.6,55
793,regular,43.0,mobile_app,2024-07-23,0.6,55
794,regular,30.0,web,2024-08-31,0.6,55
795,bargain_hunter,,mobile_app,2024-09-27,0.35,25
796,bargain_hunter,40.0,web,2024-01-17,0.35,25
797,bargain_hunter,34.0,in_store,2024-08-10,0.35,25
798,one_off,38.0,mobile_app,2024-05-24,0.1,40
799,loyal_vip,25.0,web,2024-01-25,0.85,120
800,one_off,33.0,in_store,2024-09-20,0.1,40
801,regular,40.0,web,2024-06-22,0.6,55
802,one_off,70.0,web,2024-07-14,0.1,40
803,loyal_vip,18.0,web,2024-07-31,0.85,120
804,bargain_hunter,45.0,in_store,2024-02-15,0.35,25
805,bargain_hunter,18.0,web,2024-01-05,0.35,25
806,loyal_vip,32.0,web,2024-12-10,0.85,120
807,regular,60.0,in_store,2024-02-21,0.6,55
808,bargain_hunter,44.0,web,2024-11-06,0.35,25
809,bargain_hunter,18.0,mobile_app,2024-09-24,0.35,25
810,regular,28.0,mobile_app,2024-12-10,0.6,55
811,bargain_hunter,43.0,mobile_app,2024-05-12,0.35,25
812,bargain_hunter,27.0,mobile_app,2024-06-16,0.35,25
813,regular,18.0,in_store,2024-12-29,0.6,55
814,loyal_vip,24.0,mobile_app,2024-04-28,0.85,120
815,bargain_hunter,32.0,web,2024-04-10,0.35,25
816,regular,38.0,mobile_app,2024-05-04,0.6,55
817,bargain_hunter,47.0,web,2024-08-05,0.35,25
818,loyal_vip,42.0,web,2024-06-15,0.85,120
819,one_off,43.0,in_store,2024-07-16,0.1,40
820,regular,18.0,web,2024-03-14,0.6,55
821,loyal_vip,30.0,web,2024-07-02,0.85,120
822,regular,25.0,mobile_app,2024-03-23,0.6,55
823,bargain_hunter,46.0,web,2024-05-03,0.35,25
824,bargain_hunter,39.0,mobile_app,2024-01-24,0.35,25
825,one_off,35.0,mobile_app,2024-11-10,0.1,40
826,bargain_hunter,20.0,mobile_app,2024-03-27,0.35,25
827,regular,36.0,web,2024-08-29,0.6,55
828,loyal_vip,29.0,web,2024-06-23,0.85,120
829,regular,18.0,web,2024-07-03,0.6,55
830,loyal_vip,40.0,mobile_app,2024-07-03,0.85,120
831,regular,37.0,web,2024-02-29,0.6,55
832,regular,63.0,web,2024-09-11,0.6,55
833,loyal_vip,28.0,web,2024-04-30,0.85,120
834,bargain_hunter,50.0,in_store,2024-01-19,0.35,25
835,one_off,40.0,web,2024-01-25,0.1,40
836,bargain_hunter,44.0,mobile_app,2024-09-26,0.35,25
837,regular,49.0,web,2024-03-09,0.6,55
838,bargain_hunter,46.0,web,2024-04-15,0.35,25
839,bargain_hunter,,mobile_app,2024-06-03,0.35,25
840,regular,46.0,mobile_app,2024-05-05,0.6,55
841,one_off,24.0,mobile_app,2024-04-06,0.1,40
842,regular,37.0,mobile_app,2024-11-22,0.6,55
843,loyal_vip,25.0,mobile_app,2024-02-28,0.85,120
844,loyal_vip,18.0,web,2024-11-13,0.85,120
845,bargain_hunter,45.0,web,2024-06-18,0.35,25
846,bargain_hunter,39.0,mobile_app,2024-02-11,0.35,25
847,bargain_hunter,43.0,web,2024-10-05,0.35,25
848,loyal_vip,40.0,mobile_app,2024-06-25,0.85,120
849,regular,18.0,in_store,2024-12-17,0.6,55
850,one_off,56.0,web,2024-03-02,0.1,40
851,loyal_vip,31.0,web,2024-07-21,0.85,120
852,bargain_hunter,32.0,mobile_app,2024-09-27,0.35,25
853,regular,71.0,web,2024-03-06,0.6,55
854,bargain_hunter,46.0,mobile_app,2024-04-17,0.35,25
855,loyal_vip,40.0,in_store,2024-08-23,0.85,120
856,regular,25.0,mobile_app,2024-10-08,0.6,55
857,loyal_vip,39.0,mobile_app,2024-04-19,0.85,120
858,bargain_hunter,29.0,web,2024-02-08,0.35,25
859,bargain_hunter,39.0,in_store,2024-04-05,0.35,25
860,regular,59.0,web,2024-08-04,0.6,55
861,regular,55.0,mobile_app,2024-08-16,0.6,55
862,bargain_hunter,40.0,mobile_app,2024-03-18,0.35,25
863,one_off,42.0,in_store,2024-12-28,0.1,40
864,regular,27.0,in_store,2024-04-25,0.6,55
865,regular,51.0,mobile_app,2024-02-04,0.6,55
866,one_off,37.0,in_store,2024-07-31,0.1,40
867,bargain_hunter,50.0,web,2024-02-14,0.35,25
868,regular,57.0,mobile_app,2024-07-02,0.6,55
869,regular,32.0,mobile_app,2024-04-20,0.6,55
870,bargain_hunter,69.0,web,2024-09-25,0.35,25
871,bargain_hunter,48.0,web,2024-01-12,0.35,25
872,loyal_vip,20.0,web,2024-02-11,0.85,120
873,bargain_hunter,33.0,mobile_app,2024-03-15,0.35,25
874,bargain_hunter,32.0,mobile_app,2024-12-11,0.35,25
875,regular,33.0,web,2024-03-02,0.6,55
876,regular,39.0,mobile_app,2024-12-07,0.6,55
877,regular,34.0,mobile_app,2024-01-12,0.6,55
878,bargain_hunter,33.0,web,2024-11-04,0.35,25
879,bargain_hunter,29.0,mobile_app,2024-05-27,0.35,25
880,regular,58.0,web,2024-06-06,0.6,55
881,bargain_hunter,52.0,web,2024-09-17,0.35,25
882,regular,51.0,mobile_app,2024-08-19,0.6,55
883,regular,37.0,web,2024-01-04,0.6,55
884,regular,47.0,mobile_app,2024-12-26,0.6,55
885,bargain_hunter,18.0,web,2024-02-05,0.35,25
886,bargain_hunter,72.0,web,2024-09-30,0.35,25
887,bargain_hunter,52.0,web,2024-11-24,0.35,25
888,regular,61.0,web,2024-02-23,0.6,55
889,regular,58.0,mobile_app,2024-01-24,0.6,55
890,regular,36.0,web,2024-05-16,0.6,55
891,regular,33.0,web,2024-05-18,0.6,55
892,loyal_vip,52.0,mobile_app,2024-03-10,0.85,120
893,regular,48.0,web,2024-08-18,0.6,55
894,regular,56.0,mobile_app,2024-11-22,0.6,55
895,bargain_hunter,45.0,mobile_app,2024-09-11,0.35,25
896,one_off,38.0,mobile_app,2024-01-06,0.1,40
897,loyal_vip,58.0,mobile_app,2024-02-24,0.85,120
898,regular,41.0,mobile_app,2024-06-04,0.6,55
899,bargain_hunter,35.0,in_store,2024-05-17,0.35,25
900,bargain_hunter,39.0,web,2024-08-24,0.35,25
901,bargain_hunter,35.0,web,2024-08-26,0.35,25
902,bargain_hunter,27.0,web,2024-10-22,0.35,25
903,loyal_vip,53.0,in_store,2024-11-27,0.85,120
904,loyal_vip,22.0,in_store,2024-08-29,0.85,120
905,regular,55.0,mobile_app,2024-09-27,0.6,55
906,regular,43.0,mobile_app,2024-10-30,0.6,55
907,bargain_hunter,29.0,mobile_app,2024-02-17,0.35,25
908,one_off,18.0,mobile_app,2024-01-26,0.1,40
909,regular,27.0,web,2024-09-11,0.6,55
910,bargain_hunter,26.0,web,2024-08-26,0.35,25
911,regular,49.0,web,2024-06-26,0.6,55
912,regular,32.0,mobile_app,2024-09-06,0.6,55
913,regular,59.0,web,2024-03-14,0.6,55
914,regular,39.0,web,2024-06-20,0.6,55
915,bargain_hunter,34.0,mobile_app,2024-03-11,0.35,25
916,regular,,mobile_app,2024-06-27,0.6,55
917,regular,51.0,web,2024-10-09,0.6,55
918,bargain_hunter,30.0,mobile_app,2024-08-13,0.35,25
919,bargain_hunter,45.0,mobile_app,2024-05-04,0.35,25
920,bargain_hunter,18.0,mobile_app,2024-10-17,0.35,25
921,one_off,50.0,in_store,2024-01-13,0.1,40
922,bargain_hunter,41.0,web,2024-10-05,0.35,25
923,regular,35.0,mobile_app,2024-11-15,0.6,55
924,one_off,25.0,web,2024-06-17,0.1,40
925,one_off,44.0,mobile_app,2024-11-26,0.1,40
926,bargain_hunter,39.0,web,2024-06-10,0.35,25
927,bargain_hunter,,in_store,2024-05-14,0.35,25
928,loyal_vip,31.0,in_store,2024-12-09,0.85,120
929,regular,29.0,mobile_app,2024-03-26,0.6,55
930,regular,54.0,web,2024-06-22,0.6,55
931,bargain_hunter,39.0,web,2024-07-19,0.35,25
932,one_off,23.0,web,2024-10-26,0.1,40
933,bargain_hunter,73.0,mobile_app,2024-09-23,0.35,25
934,bargain_hunter,43.0,mobile_app,2024-04-03,0.35,25
935,bargain_hunter,56.0,in_store,2024-08-13,0.35,25
936,regular,40.0,mobile_app,2024-09-05,0.6,55
937,one_off,49.0,in_store,2024-09-23,0.1,40
938,loyal_vip,41.0,web,2024-12-03,0.85,120
939,one_off,50.0,web,2024-05-24,0.1,40
940,regular,33.0,web,2024-11-21,0.6,55
941,bargain_hunter,28.0,in_store,2024-11-23,0.35,25
942,regular,34.0,web,2024-08-06,0.6,55
943,one_off,54.0,web,2024-07-23,0.1,40
944,one_off,29.0,mobile_app,2024-03-17,0.1,40
945,bargain_hunter,38.0,mobile_app,2024-06-30,0.35,25
946,regular,41.0,web,2024-04-02,0.6,55
947,regular,49.0,in_store,2024-12-26,0.6,55
948,regular,44.0,mobile_app,2024-09-02,0.6,55
949,loyal_vip,67.0,mobile_app,2024-09-07,0.85,120
950,bargain_hunter,52.0,mobile_app,2024-05-28,0.35,25
951,regular,63.0,web,2024-09-27,0.6,55
952,loyal_vip,44.0,mobile_app,2024-04-07,0.85,120
953,regular,35.0,web,2024-03-26,0.6,55
954,one_off,44.0,in_store,2024-02-27,0.1,40
955,regular,41.0,web,2024-11-02,0.6,55
956,regular,36.0,mobile_app,2024-12-27,0.6,55
957,bargain_hunter,66.0,web,2024-08-22,0.35,25
958,regular,45.0,mobile_app,2024-06-07,0.6,55
959,regular,19.0,mobile_app,2024-04-17,0.6,55
960,regular,18.0,web,2024-03-05,0.6,55
961,bargain_hunter,37.0,mobile_app,2024-09-26,0.35,25
962,one_off,36.0,web,2024-03-29,0.1,40
963,loyal_vip,31.0,web,2024-04-11,0.85,120
964,loyal_vip,20.0,web,2024-02-19,0.85,120
965,bargain_hunter,22.0,web,2024-12-30,0.35,25
966,loyal_vip,36.0,web,2024-11-21,0.85,120
967,regular,30.0,mobile_app,2024-10-10,0.6,55
968,bargain_hunter,18.0,web,2024-01-30,0.35,25
969,bargain_hunter,46.0,in_store,2024-11-21,0.35,25
970,bargain_hunter,51.0,web,2024-01-30,0.35,25
971,bargain_hunter,27.0,web,2024-04-09,0.35,25
972,regular,44.0,mobile_app,2024-06-21,0.6,55
973,regular,33.0,web,2024-05-28,0.6,55
974,regular,18.0,mobile_app,2024-11-29,0.6,55
975,regular,43.0,mobile_app,2024-07-03,0.6,55
976,regular,69.0,web,2024-01-05,0.6,55
977,bargain_hunter,71.0,mobile_app,2024-05-30,0.35,25
978,bargain_hunter,21.0,web,2024-07-01,0.35,25
979,loyal_vip,31.0,web,2024-10-14,0.85,120
980,bargain_hunter,53.0,in_store,2024-07-11,0.35,25
981,bargain_hunter,41.0,in_store,2024-01-01,0.35,25
982,regular,51.0,mobile_app,2024-09-21,0.6,55
983,bargain_hunter,35.0,mobile_app,2024-06-07,0.35,25
984,bargain_hunter,38.0,mobile_app,2024-03-31,0.35,25
985,regular,54.0,in_store,2024-07-06,0.6,55
986,regular,23.0,mobile_app,2024-05-02,0.6,55
987,loyal_vip,48.0,web,2024-03-28,0.85,120
988,bargain_hunter,18.0,web,2024-01-25,0.35,25
989,loyal_vip,25.0,mobile_app,2024-06-13,0.85,120
990,loyal_vip,55.0,mobile_app,2024-03-27,0.85,120
991,bargain_hunter,38.0,web,2024-12-04,0.35,25
992,bargain_hunter,32.0,mobile_app,2024-12-27,0.35,25
993,bargain_hunter,40.0,web,2024-06-01,0.35,25
994,bargain_hunter,25.0,web,2024-02-16,0.35,25
995,regular,41.0,web,2024-08-17,0.6,55
996,one_off,33.0,web,2024-06-20,0.1,40
997,bargain_hunter,32.0,web,2024-11-24,0.35,25
998,bargain_hunter,36.0,mobile_app,2024-05-17,0.35,25
999,regular,47.0,web,2024-07-23,0.6,55
1000,loyal_vip,48.0,web,2024-03-24,0.85,120
1001,regular,41.0,web,2024-05-27,0.6,55
1002,loyal_vip,,mobile_app,2024-09-07,0.85,120
1003,regular,31.0,mobile_app,2024-12-05,0.6,55
1004,regular,27.0,mobile_app,2024-11-16,0.6,55
1005,loyal_vip,49.0,web,2024-06-23,0.85,120
1006,regular,37.0,web,2024-11-30,0.6,55
1007,bargain_hunter,59.0,web,2024-06-02,0.35,25
1008,regular,42.0,mobile_app,2024-05-27,0.6,55
1009,loyal_vip,50.0,mobile_app,2024-04-15,0.85,120
1010,regular,47.0,in_store,2024-12-12,0.6,55
1011,regular,51.0,mobile_app,2024-07-17,0.6,55
1012,bargain_hunter,41.0,in_store,2024-10-17,0.35,25
1013,loyal_vip,37.0,web,2024-01-14,0.85,120
1014,regular,29.0,mobile_app,2024-06-02,0.6,55
1015,bargain_hunter,45.0,mobile_app,2024-08-13,0.35,25
1016,loyal_vip,41.0,web,2024-01-02,0.85,120
1017,regular,32.0,web,2024-08-17,0.6,55
1018,bargain_hunter,32.0,mobile_app,2024-10-01,0.35,25
1019,regular,19.0,in_store,2024-08-21,0.6,55
1020,regular,27.0,web,2024-02-04,0.6,55
1021,bargain_hunter,57.0,mobile_app,2024-01-30,0.35,25
1022,bargain_hunter,19.0,web,2024-09-18,0.35,25
1023,bargain_hunter,58.0,mobile_app,2024-11-05,0.35,25
1024,regular,43.0,web,2024-03-03,0.6,55
1025,regular,32.0,mobile_app,2024-07-09,0.6,55
1026,regular,22.0,web,2024-12-18,0.6,55
1027,regular,60.0,web,2024-09-20,0.6,55
1028,bargain_hunter,45.0,web,2024-09-13,0.35,25
1029,regular,46.0,web,2024-10-09,0.6,55
1030,bargain_hunter,46.0,web,2024-06-01,0.35,25
1031,bargain_hunter,28.0,in_store,2024-06-09,0.35,25
1032,bargain_hunter,44.0,web,2024-03-16,0.35,25
1033,loyal_vip,57.0,web,2024-05-21,0.85,120
1034,bargain_hunter,32.0,web,2024-08-27,0.35,25
1035,loyal_vip,36.0,mobile_app,2024-07-10,0.85,120
1036,regular,43.0,in_store,2024-11-06,0.6,55
1037,bargain_hunter,34.0,mobile_app,2024-12-01,0.35,25
1038,bargain_hunter,38.0,mobile_app,2024-10-15,0.35,25
1039,regular,47.0,in_store,2024-10-08,0.6,55
1040,one_off,46.0,mobile_app,2024-03-07,0.1,40
1041,one_off,38.0,mobile_app,2024-01-26,0.1,40
1042,one_off,35.0,web,2024-05-01,0.1,40
1043,bargain_hunter,48.0,web,2024-11-25,0.35,25
1044,one_off,33.0,in_store,2024-11-02,0.1,40
1045,loyal_vip,39.0,web,2024-05-03,0.85,120
1046,one_off,28.0,in_store,2024-12-04,0.1,40
1047,regular,27.0,in_store,2024-07-03,0.6,55
1048,loyal_vip,71.0,web,2024-01-30,0.85,120
1049,regular,18.0,web,2024-05-14,0.6,55
1050,bargain_hunter,37.0,web,2024-02-10,0.35,25
1051,bargain_hunter,47.0,web,2024-09-04,0.35,25
1052,regular,38.0,mobile_app,2024-11-03,0.6,55
1053,one_off,26.0,mobile_app,2024-12-03,0.1,40
1054,loyal_vip,24.0,mobile_app,2024-09-16,0.85,120
1055,regular,40.0,mobile_app,2024-07-09,0.6,55
1056,regular,,web,2024-09-12,0.6,55
1057,bargain_hunter,55.0,mobile_app,2024-10-07,0.35,25
1058,regular,50.0,in_store,2024-02-21,0.6,55
1059,regular,18.0,web,2024-03-21,0.6,55
1060,regular,49.0,web,2024-11-20,0.6,55
1061,regular,44.0,mobile_app,2024-01-02,0.6,55
1062,loyal_vip,46.0,web,2024-10-20,0.85,120
1063,regular,18.0,in_store,2024-08-01,0.6,55
1064,loyal_vip,55.0,mobile_app,2024-04-27,0.85,120
1065,bargain_hunter,37.0,web,2024-08-02,0.35,25
1066,regular,31.0,in_store,2024-05-13,0.6,55
1067,bargain_hunter,55.0,in_store,2024-07-29,0.35,25
1068,bargain_hunter,44.0,mobile_app,2024-09-02,0.35,25
1069,regular,32.0,mobile_app,2024-03-28,0.6,55
1070,loyal_vip,20.0,mobile_app,2024-08-03,0.85,120
1071,bargain_hunter,42.0,in_store,2024-12-02,0.35,25
1072,loyal_vip,46.0,mobile_app,2024-05-27,0.85,120
1073,one_off,39.0,web,2024-01-21,0.1,40
1074,regular,,mobile_app,2024-01-29,0.6,55
1075,regular,45.0,mobile_app,2024-08-12,0.6,55
1076,regular,35.0,mobile_app,2024-02-12,0.6,55
1077,bargain_hunter,61.0,mobile_app,2024-10-14,0.35,25
1078,bargain_hunter,47.0,in_store,2024-11-26,0.35,25
1079,bargain_hunter,31.0,mobile_app,2024-06-10,0.35,25
1080,bargain_hunter,36.0,web,2024-01-31,0.35,25
1081,loyal_vip,21.0,web,2024-12-10,0.85,120
1082,regular,43.0,mobile_app,2024-03-15,0.6,55
1083,bargain_hunter,35.0,web,2024-04-08,0.35,25
1084,one_off,27.0,web,2024-11-17,0.1,40
1085,regular,,web,2024-04-16,0.6,55
1086,regular,42.0,mobile_app,2024-12-14,0.6,55
1087,regular,66.0,web,2024-12-31,0.6,55
1088,regular,45.0,in_store,2024-01-09,0.6,55
1089,regular,42.0,web,2024-02-09,0.6,55
1090,regular,49.0,web,2024-05-31,0.6,55
1091,loyal_vip,23.0,web,2024-03-16,0.85,120
1092,regular,37.0,mobile_app,2024-08-15,0.6,55
1093,bargain_hunter,37.0,mobile_app,2024-06-30,0.35,25
1094,loyal_vip,32.0,in_store,2024-04-06,0.85,120
1095,regular,47.0,mobile_app,2024-07-31,0.6,55
1096,bargain_hunter,27.0,mobile_app,2024-05-12,0.35,25
1097,bargain_hunter,18.0,mobile_app,2024-12-16,0.35,25
1098,loyal_vip,31.0,mobile_app,2024-08-02,0.85,120
1099,loyal_vip,55.0,mobile_app,2024-03-31,0.85,120
1100,loyal_vip,45.0,web,2024-03-06,0.85,120
1101,bargain_hunter,37.0,mobile_app,2024-12-05,0.35,25
1102,bargain_hunter,44.0,in_store,2024-02-21,0.35,25
1103,regular,33.0,mobile_app,2024-04-10,0.6,55
1104,loyal_vip,,in_store,2024-10-19,0.85,120
1105,bargain_hunter,37.0,mobile_app,2024-10-29,0.35,25
1106,regular,22.0,mobile_app,2024-08-22,0.6,55
1107,loyal_vip,32.0,mobile_app,2024-04-30,0.85,120
1108,bargain_hunter,48.0,web,2024-03-15,0.35,25
1109,bargain_hunter,41.0,mobile_app,2024-02-15,0.35,25
1110,bargain_hunter,32.0,mobile_app,2024-03-31,0.35,25
1111,bargain_hunter,40.0,web,2024-12-13,0.35,25
1112,one_off,43.0,web,2024-05-27,0.1,40
1113,one_off,39.0,mobile_app,2024-06-10,0.1,40
1114,loyal_vip,19.0,in_store,2024-08-28,0.85,120
1115,regular,54.0,mobile_app,2024-06-12,0.6,55
1116,regular,44.0,web,2024-08-01,0.6,55
1117,bargain_hunter,18.0,mobile_app,2024-07-01,0.35,25
1118,regular,,mobile_app,2024-09-11,0.6,55
1119,regular,40.0,web,2024-05-12,0.6,55
1120,loyal_vip,70.0,mobile_app,2024-11-15,0.85,120
1121,regular,18.0,mobile_app,2024-10-03,0.6,55
1122,regular,21.0,web,2024-04-26,0.6,55
1123,bargain_hunter,51.0,web,2024-12-06,0.35,25
1124,bargain_hunter,26.0,in_store,2024-12-10,0.35,25
1125,bargain_hunter,35.0,in_store,2024-06-12,0.35,25
1126,regular,26.0,mobile_app,2024-07-09,0.6,55
1127,bargain_hunter,23.0,mobile_app,2024-06-03,0.35,25
1128,bargain_hunter,61.0,mobile_app,2024-02-02,0.35,25
1129,one_off,36.0,mobile_app,2024-04-16,0.1,40
1130,regular,35.0,mobile_app,2024-04-01,0.6,55
1131,regular,19.0,in_store,2024-06-04,0.6,55
1132,bargain_hunter,30.0,mobile_app,2024-06-05,0.35,25
1133,regular,43.0,mobile_app,2024-06-29,0.6,55
1134,loyal_vip,30.0,web,2024-03-18,0.85,120
1135,regular,32.0,web,2024-08-03,0.6,55
1136,bargain_hunter,18.0,mobile_app,2024-11-28,0.35,25
1137,loyal_vip,36.0,mobile_app,2024-10-01,0.85,120
1138,loyal_vip,21.0,mobile_app,2024-11-05,0.85,120
1139,bargain_hunter,18.0,in_store,2024-12-01,0.35,25
1140,regular,44.0,web,2024-08-21,0.6,55
1141,one_off,53.0,web,2024-10-13,0.1,40
1142,regular,39.0,mobile_app,2024-03-23,0.6,55
1143,regular,30.0,mobile_app,2024-07-07,0.6,55
1144,regular,57.0,mobile_app,2024-02-04,0.6,55
1145,regular,,in_store,2024-03-28,0.6,55
1146,bargain_hunter,51.0,mobile_app,2024-12-08,0.35,25
1147,regular,64.0,mobile_app,2024-05-21,0.6,55
1148,bargain_hunter,30.0,mobile_app,2024-02-23,0.35,25
1149,regular,49.0,web,2024-08-17,0.6,55
1150,regular,18.0,web,2024-01-03,0.6,55
1151,regular,54.0,mobile_app,2024-07-27,0.6,55
1152,bargain_hunter,18.0,mobile_app,2024-08-15,0.35,25
1153,bargain_hunter,34.0,web,2024-09-28,0.35,25
1154,bargain_hunter,43.0,web,2024-04-16,0.35,25
1155,one_off,41.0,in_store,2024-01-09,0.1,40
1156,bargain_hunter,45.0,web,2024-07-08,0.35,25
1157,one_off,35.0,in_store,2024-05-17,0.1,40
1158,bargain_hunter,33.0,mobile_app,2024-06-03,0.35,25
1159,loyal_vip,33.0,mobile_app,2024-09-17,0.85,120
1160,regular,62.0,mobile_app,2024-09-26,0.6,55
1161,bargain_hunter,31.0,web,2024-01-25,0.35,25
1162,bargain_hunter,33.0,mobile_app,2024-04-06,0.35,25
1163,loyal_vip,26.0,web,2024-03-22,0.85,120
1164,loyal_vip,51.0,web,2024-05-31,0.85,120
1165,bargain_hunter,28.0,web,2024-08-27,0.35,25
1166,one_off,18.0,web,2024-04-15,0.1,40
1167,regular,35.0,web,2024-09-24,0.6,55
1168,bargain_hunter,39.0,mobile_app,2024-12-31,0.35,25
1169,bargain_hunter,24.0,web,2024-07-23,0.35,25
1170,loyal_vip,42.0,in_store,2024-12-05,0.85,120
1171,regular,18.0,web,2024-06-30,0.6,55
1172,bargain_hunter,30.0,web,2024-04-14,0.35,25
1173,regular,42.0,web,2024-09-17,0.6,55
1174,regular,55.0,mobile_app,2024-08-25,0.6,55
1175,regular,34.0,web,2024-05-21,0.6,55
1176,regular,45.0,web,2024-07-05,0.6,55
1177,bargain_hunter,18.0,mobile_app,2024-11-17,0.35,25
1178,bargain_hunter,54.0,web,2024-09-21,0.35,25
1179,loyal_vip,51.0,mobile_app,2024-05-06,0.85,120
1180,bargain_hunter,18.0,web,2024-02-10,0.35,25
1181,regular,46.0,in_store,2024-01-14,0.6,55
1182,bargain_hunter,50.0,web,2024-03-17,0.35,25
1183,one_off,32.0,web,2024-08-17,0.1,40
1184,loyal_vip,41.0,web,2024-04-18,0.85,120
1185,regular,52.0,web,2024-11-12,0.6,55
1186,loyal_vip,45.0,web,2024-05-24,0.85,120
1187,regular,47.0,web,2024-05-24,0.6,55
1188,regular,57.0,in_store,2024-04-06,0.6,55
1189,regular,67.0,mobile_app,2024-05-17,0.6,55
1190,loyal_vip,66.0,web,2024-10-21,0.85,120
1191,bargain_hunter,65.0,web,2024-12-20,0.35,25
1192,bargain_hunter,45.0,web,2024-03-04,0.35,25
1193,regular,49.0,mobile_app,2024-06-22,0.6,55
1194,regular,33.0,mobile_app,2024-08-29,0.6,55
1195,bargain_hunter,42.0,web,2024-08-26,0.35,25
1196,regular,29.0,mobile_app,2024-06-10,0.6,55
1197,bargain_hunter,44.0,in_store,2024-07-14,0.35,25
1198,regular,36.0,in_store,2024-11-06,0.6,55
1199,bargain_hunter,41.0,mobile_app,2024-08-21,0.35,25
1200,regular,30.0,mobile_app,2024-06-16,0.6,55
1201,bargain_hunter,18.0,web,2024-11-20,0.35,25
1202,bargain_hunter,36.0,mobile_app,2024-03-16,0.35,25
1203,regular,37.0,web,2024-11-07,0.6,55
1204,bargain_hunter,50.0,web,2024-03-06,0.35,25
1205,bargain_hunter,46.0,in_store,2024-04-08,0.35,25
1206,regular,31.0,web,2024-03-30,0.6,55
1207,bargain_hunter,36.0,in_store,2024-01-21,0.35,25
1208,bargain_hunter,36.0,mobile_app,2024-03-13,0.35,25
1209,regular,38.0,web,2024-08-26,0.6,55
1210,regular,40.0,web,2024-08-17,0.6,55
1211,regular,18.0,mobile_app,2024-08-08,0.6,55
1212,one_off,25.0,web,2024-09-06,0.1,40
1213,regular,19.0,web,2024-02-28,0.6,55
1214,regular,47.0,web,2024-12-11,0.6,55
1215,bargain_hunter,43.0,web,2024-10-21,0.35,25
1216,bargain_hunter,55.0,web,2024-08-30,0.35,25
1217,one_off,43.0,in_store,2024-12-02,0.1,40
1218,regular,18.0,web,2024-07-06,0.6,55
1219,loyal_vip,43.0,web,2024-04-29,0.85,120
1220,regular,45.0,web,2024-06-05,0.6,55
1221,one_off,29.0,mobile_app,2024-10-28,0.1,40
1222,bargain_hunter,22.0,mobile_app,2024-08-26,0.35,25
1223,bargain_hunter,65.0,mobile_app,2024-01-15,0.35,25
1224,bargain_hunter,35.0,web,2024-02-07,0.35,25
1225,regular,29.0,mobile_app,2024-08-14,0.6,55
1226,regular,42.0,web,2024-01-08,0.6,55
1227,regular,37.0,in_store,2024-05-04,0.6,55
1228,regular,24.0,mobile_app,2024-07-02,0.6,55
1229,one_off,40.0,mobile_app,2024-06-22,0.1,40
1230,loyal_vip,32.0,mobile_app,2024-07-01,0.85,120
1231,regular,37.0,web,2024-06-27,0.6,55
1232,bargain_hunter,18.0,mobile_app,2024-09-06,0.35,25
1233,bargain_hunter,54.0,web,2024-02-16,0.35,25
1234,regular,18.0,mobile_app,2024-03-15,0.6,55
1235,regular,18.0,mobile_app,2024-03-17,0.6,55
1236,regular,39.0,in_store,2024-03-01,0.6,55
1237,bargain_hunter,70.0,in_store,2024-09-25,0.35,25
1238,bargain_hunter,50.0,web,2024-10-07,0.35,25
1239,bargain_hunter,51.0,web,2024-01-25,0.35,25
1240,bargain_hunter,37.0,mobile_app,2024-12-02,0.35,25
1241,bargain_hunter,51.0,web,2024-10-25,0.35,25
1242,regular,27.0,web,2024-09-03,0.6,55
1243,bargain_hunter,50.0,web,2024-02-11,0.35,25
1244,regular,41.0,mobile_app,2024-01-30,0.6,55
1245,regular,18.0,mobile_app,2024-01-20,0.6,55
1246,regular,43.0,web,2024-07-08,0.6,55
1247,loyal_vip,50.0,in_store,2024-04-15,0.85,120
1248,bargain_hunter,67.0,mobile_app,2024-08-19,0.35,25
1249,loyal_vip,43.0,web,2024-09-15,0.85,120
1250,one_off,41.0,mobile_app,2024-01-07,0.1,40
1251,bargain_hunter,31.0,mobile_app,2024-06-10,0.35,25
1252,regular,18.0,in_store,2024-11-04,0.6,55
1253,loyal_vip,25.0,web,2024-05-28,0.85,120
1254,loyal_vip,32.0,web,2024-03-05,0.85,120
1255,bargain_hunter,29.0,mobile_app,2024-11-29,0.35,25
1256,regular,64.0,web,2024-06-14,0.6,55
1257,loyal_vip,39.0,web,2024-10-24,0.85,120
1258,bargain_hunter,40.0,web,2024-12-04,0.35,25
1259,regular,43.0,web,2024-11-13,0.6,55
1260,regular,35.0,web,2024-06-15,0.6,55
1261,regular,31.0,in_store,2024-01-22,0.6,55
1262,one_off,50.0,web,2024-07-10,0.1,40
1263,bargain_hunter,45.0,web,2024-03-15,0.35,25
1264,bargain_hunter,18.0,in_store,2024-03-04,0.35,25
1265,one_off,33.0,web,2024-09-10,0.1,40
1266,loyal_vip,40.0,mobile_app,2024-07-31,0.85,120
1267,regular,35.0,mobile_app,2024-10-19,0.6,55
1268,loyal_vip,46.0,web,2024-02-01,0.85,120
1269,regular,47.0,web,2024-12-14,0.6,55
1270,loyal_vip,35.0,mobile_app,2024-08-02,0.85,120
1271,bargain_hunter,38.0,web,2024-07-02,0.35,25
1272,bargain_hunter,22.0,mobile_app,2024-02-23,0.35,25
1273,one_off,58.0,mobile_app,2024-04-11,0.1,40
1274,bargain_hunter,64.0,in_store,2024-06-12,0.35,25
1275,regular,39.0,web,2024-10-21,0.6,55
1276,regular,35.0,mobile_app,2024-12-10,0.6,55
1277,bargain_hunter,43.0,web,2024-07-25,0.35,25
1278,one_off,18.0,mobile_app,2024-09-04,0.1,40
1279,regular,34.0,web,2024-03-17,0.6,55
1280,bargain_hunter,41.0,web,2024-04-28,0.35,25
1281,regular,39.0,mobile_app,2024-09-27,0.6,55
1282,regular,47.0,web,2024-07-24,0.6,55
1283,one_off,56.0,web,2024-11-21,0.1,40
1284,bargain_hunter,26.0,mobile_app,2024-06-20,0.35,25
1285,bargain_hunter,28.0,web,2024-02-19,0.35,25
1286,bargain_hunter,41.0,mobile_app,2024-05-14,0.35,25
1287,bargain_hunter,43.0,mobile_app,2024-10-15,0.35,25
1288,regular,27.0,in_store,2024-10-21,0.6,55
1289,loyal_vip,50.0,web,2024-04-13,0.85,120
1290,bargain_hunter,28.0,mobile_app,2024-01-10,0.35,25
1291,one_off,24.0,in_store,2024-12-29,0.1,40
1292,regular,46.0,web,2024-07-05,0.6,55
1293,one_off,26.0,web,2024-09-14,0.1,40
1294,bargain_hunter,26.0,web,2024-01-10,0.35,25
1295,regular,37.0,web,2024-10-17,0.6,55
1296,regular,,in_store,2024-02-24,0.6,55
1297,bargain_hunter,57.0,mobile_app,2024-02-10,0.35,25
1298,bargain_hunter,18.0,mobile_app,2024-01-11,0.35,25
1299,bargain_hunter,40.0,mobile_app,2024-06-22,0.35,25
1300,regular,27.0,in_store,2024-08-28,0.6,55
1301,bargain_hunter,48.0,web,2024-09-06,0.35,25
1302,bargain_hunter,39.0,web,2024-01-11,0.35,25
1303,regular,34.0,in_store,2024-02-14,0.6,55
1304,regular,25.0,mobile_app,2024-02-05,0.6,55
1305,regular,28.0,web,2024-05-21,0.6,55
1306,bargain_hunter,31.0,in_store,2024-01-05,0.35,25
1307,regular,30.0,in_store,2024-06-17,0.6,55
1308,regular,45.0,in_store,2024-04-26,0.6,55
1309,regular,29.0,web,2024-01-20,0.6,55
1310,one_off,18.0,mobile_app,2024-04-03,0.1,40
1311,loyal_vip,31.0,mobile_app,2024-06-05,0.85,120
1312,regular,44.0,mobile_app,2024-04-15,0.6,55
1313,regular,46.0,in_store,2024-11-20,0.6,55
1314,regular,42.0,mobile_app,2024-03-27,0.6,55
1315,bargain_hunter,18.0,web,2024-10-01,0.35,25
1316,regular,18.0,mobile_app,2024-08-29,0.6,55
1317,regular,40.0,in_store,2024-03-26,0.6,55
1318,regular,44.0,web,2024-03-17,0.6,55
1319,loyal_vip,40.0,web,2024-03-06,0.85,120
1320,regular,28.0,mobile_app,2024-10-05,0.6,55
1321,bargain_hunter,32.0,web,2024-01-30,0.35,25
1322,regular,49.0,web,2024-10-25,0.6,55
1323,loyal_vip,43.0,web,2024-03-20,0.85,120
1324,loyal_vip,27.0,mobile_app,2024-06-25,0.85,120
1325,bargain_hunter,33.0,mobile_app,2024-12-21,0.35,25
1326,bargain_hunter,35.0,web,2024-09-26,0.35,25
1327,regular,36.0,web,2024-05-03,0.6,55
1328,bargain_hunter,38.0,web,2024-02-09,0.35,25
1329,regular,51.0,web,2024-04-09,0.6,55
1330,regular,35.0,mobile_app,2024-11-16,0.6,55
1331,bargain_hunter,18.0,mobile_app,2024-02-04,0.35,25
1332,regular,35.0,in_store,2024-05-15,0.6,55
1333,bargain_hunter,41.0,web,2024-04-01,0.35,25
1334,regular,27.0,web,2024-06-09,0.6,55
1335,bargain_hunter,38.0,mobile_app,2024-04-08,0.35,25
1336,bargain_hunter,25.0,web,2024-05-12,0.35,25
1337,regular,18.0,mobile_app,2024-08-04,0.6,55
1338,regular,37.0,web,2024-05-28,0.6,55
1339,regular,34.0,web,2024-05-26,0.6,55
1340,regular,40.0,mobile_app,2024-01-06,0.6,55
1341,loyal_vip,53.0,mobile_app,2024-04-01,0.85,120
1342,one_off,57.0,mobile_app,2024-06-15,0.1,40
1343,bargain_hunter,32.0,in_store,2024-11-26,0.35,25
1344,bargain_hunter,29.0,in_store,2024-02-05,0.35,25
1345,one_off,41.0,mobile_app,2024-04-01,0.1,40
1346,regular,53.0,mobile_app,2024-06-28,0.6,55
1347,bargain_hunter,24.0,mobile_app,2024-07-17,0.35,25
1348,bargain_hunter,39.0,mobile_app,2024-09-29,0.35,25
1349,bargain_hunter,48.0,web,2024-03-14,0.35,25
1350,bargain_hunter,30.0,in_store,2024-07-12,0.35,25
1351,loyal_vip,49.0,web,2024-11-16,0.85,120
1352,bargain_hunter,43.0,web,2024-04-08,0.35,25
1353,regular,18.0,web,2024-11-03,0.6,55
1354,loyal_vip,38.0,web,2024-11-05,0.85,120
1355,one_off,25.0,web,2024-12-11,0.1,40
1356,bargain_hunter,23.0,web,2024-04-08,0.35,25
1357,regular,48.0,mobile_app,2024-07-28,0.6,55
1358,loyal_vip,25.0,mobile_app,2024-05-05,0.85,120
1359,regular,70.0,mobile_app,2024-02-15,0.6,55
1360,regular,42.0,web,2024-05-01,0.6,55
1361,loyal_vip,28.0,mobile_app,2024-12-11,0.85,120
1362,regular,32.0,in_store,2024-03-09,0.6,55
1363,bargain_hunter,53.0,mobile_app,2024-10-31,0.35,25
1364,regular,43.0,web,2024-07-15,0.6,55
1365,bargain_hunter,18.0,web,2024-09-23,0.35,25
1366,regular,25.0,in_store,2024-11-22,0.6,55
1367,bargain_hunter,51.0,in_store,2024-07-11,0.35,25
1368,bargain_hunter,48.0,in_store,2024-04-16,0.35,25
1369,regular,21.0,web,2024-01-03,0.6,55
1370,regular,59.0,in_store,2024-06-25,0.6,55
1371,regular,57.0,mobile_app,2024-03-10,0.6,55
1372,one_off,57.0,web,2024-08-03,0.1,40
1373,regular,50.0,in_store,2024-06-18,0.6,55
1374,bargain_hunter,40.0,web,2024-03-04,0.35,25
1375,bargain_hunter,37.0,mobile_app,2024-02-04,0.35,25
1376,regular,52.0,web,2024-07-02,0.6,55
1377,regular,28.0,mobile_app,2024-05-26,0.6,55
1378,regular,64.0,in_store,2024-07-05,0.6,55
1379,bargain_hunter,53.0,mobile_app,2024-10-23,0.35,25
1380,one_off,36.0,web,2024-07-03,0.1,40
1381,bargain_hunter,35.0,web,2024-08-19,0.35,25
1382,regular,20.0,mobile_app,2024-06-18,0.6,55
1383,one_off,41.0,mobile_app,2024-04-27,0.1,40
1384,regular,51.0,mobile_app,2024-07-03,0.6,55
1385,one_off,22.0,mobile_app,2024-11-23,0.1,40
1386,bargain_hunter,35.0,mobile_app,2024-11-18,0.35,25
1387,bargain_hunter,34.0,in_store,2024-01-30,0.35,25
1388,regular,38.0,mobile_app,2024-07-18,0.6,55
1389,regular,58.0,mobile_app,2024-08-07,0.6,55
1390,one_off,55.0,mobile_app,2024-02-25,0.1,40
1391,bargain_hunter,34.0,in_store,2024-07-02,0.35,25
1392,regular,52.0,web,2024-10-27,0.6,55
1393,regular,24.0,mobile_app,2024-04-21,0.6,55
1394,loyal_vip,31.0,web,2024-09-29,0.85,120
1395,bargain_hunter,46.0,mobile_app,2024-12-26,0.35,25
1396,regular,36.0,mobile_app,2024-06-23,0.6,55
1397,bargain_hunter,39.0,in_store,2024-06-16,0.35,25
1398,bargain_hunter,34.0,web,2024-01-26,0.35,25
1399,regular,18.0,web,2024-12-02,0.6,55
1400,bargain_hunter,44.0,web,2024-05-07,0.35,25
1401,regular,26.0,web,2024-04-29,0.6,55
1402,regular,29.0,web,2024-03-04,0.6,55
1403,regular,39.0,web,2024-02-03,0.6,55
1404,regular,48.0,web,2024-08-05,0.6,55
1405,bargain_hunter,18.0,web,2024-03-27,0.35,25
1406,loyal_vip,51.0,mobile_app,2024-07-22,0.85,120
1407,bargain_hunter,52.0,mobile_app,2024-12-23,0.35,25
1408,regular,57.0,in_store,2024-06-01,0.6,55
1409,regular,22.0,web,2024-08-13,0.6,55
1410,regular,64.0,web,2024-07-01,0.6,55
1411,bargain_hunter,44.0,web,2024-05-31,0.35,25
1412,regular,36.0,in_store,2024-01-03,0.6,55
1413,regular,63.0,mobile_app,2024-11-24,0.6,55
1414,one_off,,mobile_app,2024-07-27,0.1,40
1415,regular,48.0,mobile_app,2024-03-16,0.6,55
1416,bargain_hunter,76.0,mobile_app,2024-06-04,0.35,25
1417,loyal_vip,67.0,mobile_app,2024-11-16,0.85,120
1418,one_off,37.0,in_store,2024-01-15,0.1,40
1419,regular,54.0,web,2024-03-08,0.6,55
1420,regular,67.0,web,2024-07-06,0.6,55
1421,bargain_hunter,40.0,web,2024-06-13,0.35,25
1422,one_off,49.0,web,2024-02-11,0.1,40
1423,regular,50.0,mobile_app,2024-09-16,0.6,55
1424,regular,23.0,mobile_app,2024-04-29,0.6,55
1425,regular,24.0,in_store,2024-01-27,0.6,55
1426,bargain_hunter,48.0,in_store,2024-07-13,0.35,25
1427,bargain_hunter,35.0,web,2024-04-05,0.35,25
1428,bargain_hunter,53.0,mobile_app,2024-10-14,0.35,25
1429,bargain_hunter,28.0,web,2024-11-01,0.35,25
1430,bargain_hunter,58.0,mobile_app,2024-09-08,0.35,25
1431,regular,40.0,mobile_app,2024-10-07,0.6,55
1432,bargain_hunter,36.0,web,2024-08-12,0.35,25
1433,regular,42.0,in_store,2024-07-27,0.6,55
1434,bargain_hunter,62.0,web,2024-06-15,0.35,25
1435,regular,51.0,mobile_app,2024-03-21,0.6,55
1436,bargain_hunter,38.0,mobile_app,2024-10-12,0.35,25
1437,regular,34.0,in_store,2024-05-29,0.6,55
1438,bargain_hunter,41.0,mobile_app,2024-09-15,0.35,25
1439,regular,53.0,web,2024-06-05,0.6,55
1440,loyal_vip,51.0,mobile_app,2024-04-29,0.85,120
1441,regular,46.0,web,2024-09-19,0.6,55
1442,regular,46.0,web,2024-04-05,0.6,55
1443,one_off,28.0,mobile_app,2024-08-20,0.1,40
1444,regular,37.0,mobile_app,2024-02-20,0.6,55
1445,one_off,41.0,web,2024-03-23,0.1,40
1446,regular,39.0,web,2024-02-27,0.6,55
1447,bargain_hunter,62.0,web,2024-09-22,0.35,25
1448,loyal_vip,47.0,web,2024-03-29,0.85,120
1449,bargain_hunter,54.0,mobile_app,2024-05-20,0.35,25
1450,bargain_hunter,54.0,mobile_app,2024-07-06,0.35,25
1451,regular,36.0,web,2024-10-10,0.6,55
1452,regular,37.0,mobile_app,2024-03-07,0.6,55
1453,bargain_hunter,52.0,web,2024-06-09,0.35,25
1454,regular,49.0,web,2024-12-12,0.6,55
1455,regular,42.0,web,2024-03-06,0.6,55
1456,regular,18.0,web,2024-03-20,0.6,55
1457,regular,36.0,in_store,2024-03-07,0.6,55
1458,one_off,44.0,in_store,2024-06-27,0.1,40
1459,bargain_hunter,48.0,web,2024-03-29,0.35,25
1460,regular,49.0,web,2024-05-30,0.6,55
1461,bargain_hunter,30.0,web,2024-01-06,0.35,25
1462,regular,51.0,web,2024-06-09,0.6,55
1463,bargain_hunter,22.0,web,2024-09-20,0.35,25
1464,regular,28.0,mobile_app,2024-08-18,0.6,55
1465,regular,39.0,web,2024-02-22,0.6,55
1466,regular,54.0,in_store,2024-08-05,0.6,55
1467,bargain_hunter,44.0,mobile_app,2024-12-05,0.35,25
1468,bargain_hunter,46.0,web,2024-07-02,0.35,25
1469,one_off,27.0,mobile_app,2024-10-21,0.1,40
1470,loyal_vip,34.0,in_store,2024-08-01,0.85,120
1471,bargain_hunter,50.0,web,2024-11-17,0.35,25
1472,regular,45.0,web,2024-11-14,0.6,55
1473,regular,47.0,mobile_app,2024-03-10,0.6,55
1474,loyal_vip,18.0,web,2024-05-09,0.85,120
1475,bargain_hunter,23.0,in_store,2024-07-15,0.35,25
1476,loyal_vip,57.0,web,2024-06-07,0.85,120
1477,regular,38.0,web,2024-07-28,0.6,55
1478,bargain_hunter,18.0,mobile_app,2024-06-08,0.35,25
1479,one_off,34.0,in_store,2024-08-20,0.1,40
1480,regular,61.0,web,2024-06-02,0.6,55
1481,regular,57.0,web,2024-10-01,0.6,55
1482,bargain_hunter,42.0,mobile_app,2024-12-03,0.35,25
1483,regular,36.0,web,2024-02-04,0.6,55
1484,bargain_hunter,29.0,mobile_app,2024-08-07,0.35,25
1485,bargain_hunter,58.0,mobile_app,2024-05-14,0.35,25
1486,regular,33.0,web,2024-06-20,0.6,55
1487,bargain_hunter,50.0,mobile_app,2024-11-21,0.35,25
1488,bargain_hunter,43.0,mobile_app,2024-10-16,0.35,25
1489,bargain_hunter,24.0,mobile_app,2024-01-15,0.35,25
1490,loyal_vip,38.0,in_store,2024-08-03,0.85,120
1491,bargain_hunter,43.0,web,2024-05-30,0.35,25
1492,regular,43.0,mobile_app,2024-08-03,0.6,55
1493,regular,32.0,web,2024-11-26,0.6,55
1494,regular,18.0,web,2024-01-31,0.6,55
1495,regular,38.0,web,2024-05-24,0.6,55
1496,bargain_hunter,36.0,web,2024-02-05,0.35,25
1497,bargain_hunter,51.0,in_store,2024-10-20,0.35,25
1498,bargain_hunter,36.0,web,2024-02-01,0.35,25
1499,regular,45.0,mobile_app,2024-07-24,0.6,55
1500,regular,28.0,mobile_app,2024-06-02,0.6,55
1501,loyal_vip,37.0,web,2024-08-12,0.85,120
1502,bargain_hunter,,in_store,2024-02-05,0.35,25
1503,regular,21.0,web,2024-04-29,0.6,55
1504,bargain_hunter,48.0,in_store,2024-02-14,0.35,25
1505,one_off,53.0,in_store,2024-02-28,0.1,40
1506,bargain_hunter,24.0,in_store,2024-05-17,0.35,25
1507,bargain_hunter,35.0,web,2024-08-23,0.35,25
1508,bargain_hunter,39.0,mobile_app,2024-01-19,0.35,25
1509,regular,36.0,mobile_app,2024-10-14,0.6,55
1510,regular,33.0,in_store,2024-10-28,0.6,55
1511,bargain_hunter,40.0,in_store,2024-09-16,0.35,25
1512,regular,34.0,web,2024-07-27,0.6,55
1513,regular,41.0,web,2024-11-23,0.6,55
1514,one_off,18.0,web,2024-01-01,0.1,40
1515,bargain_hunter,63.0,in_store,2024-02-06,0.35,25
1516,regular,24.0,mobile_app,2024-06-03,0.6,55
1517,regular,48.0,in_store,2024-06-19,0.6,55
1518,loyal_vip,33.0,web,2024-02-01,0.85,120
1519,regular,35.0,mobile_app,2024-03-22,0.6,55
1520,regular,40.0,web,2024-09-17,0.6,55
1521,regular,50.0,mobile_app,2024-11-06,0.6,55
1522,regular,40.0,web,2024-12-15,0.6,55
1523,one_off,33.0,in_store,2024-07-05,0.1,40
1524,loyal_vip,24.0,mobile_app,2024-02-12,0.85,120
1525,regular,56.0,web,2024-08-03,0.6,55
1526,bargain_hunter,43.0,web,2024-10-12,0.35,25
1527,regular,31.0,in_store,2024-03-14,0.6,55
1528,bargain_hunter,39.0,in_store,2024-04-08,0.35,25
1529,regular,28.0,in_store,2024-07-12,0.6,55
1530,regular,49.0,web,2024-06-20,0.6,55
1531,bargain_hunter,55.0,web,2024-06-25,0.35,25
1532,one_off,18.0,web,2024-02-01,0.1,40
1533,one_off,33.0,web,2024-08-27,0.1,40
1534,regular,43.0,mobile_app,2024-08-07,0.6,55
1535,regular,18.0,mobile_app,2024-03-14,0.6,55
1536,loyal_vip,21.0,web,2024-01-31,0.85,120
1537,bargain_hunter,45.0,mobile_app,2024-03-20,0.35,25
1538,bargain_hunter,55.0,mobile_app,2024-01-29,0.35,25
1539,bargain_hunter,31.0,mobile_app,2024-05-10,0.35,25
1540,one_off,22.0,web,2024-02-18,0.1,40
1541,loyal_vip,51.0,mobile_app,2024-08-03,0.85,120
1542,regular,51.0,in_store,2024-11-19,0.6,55
1543,regular,31.0,web,2024-02-19,0.6,55
1544,one_off,69.0,mobile_app,2024-08-21,0.1,40
1545,bargain_hunter,42.0,web,2024-11-11,0.35,25
1546,bargain_hunter,19.0,web,2024-09-08,0.35,25
1547,regular,67.0,mobile_app,2024-10-30,0.6,55
1548,bargain_hunter,29.0,web,2024-05-01,0.35,25
1549,regular,38.0,mobile_app,2024-05-26,0.6,55
1550,regular,44.0,mobile_app,2024-04-09,0.6,55
1551,bargain_hunter,49.0,mobile_app,2024-10-15,0.35,25
1552,one_off,80.0,mobile_app,2024-11-15,0.1,40
1553,bargain_hunter,18.0,web,2024-08-25,0.35,25
1554,regular,42.0,mobile_app,2024-02-19,0.6,55
1555,bargain_hunter,20.0,mobile_app,2024-09-24,0.35,25
1556,regular,64.0,web,2024-05-05,0.6,55
1557,loyal_vip,23.0,mobile_app,2024-09-05,0.85,120
1558,bargain_hunter,53.0,mobile_app,2024-10-04,0.35,25
1559,regular,32.0,web,2024-05-10,0.6,55
1560,one_off,39.0,in_store,2024-04-19,0.1,40
1561,bargain_hunter,74.0,web,2024-11-06,0.35,25
1562,regular,27.0,mobile_app,2024-04-19,0.6,55
1563,regular,63.0,mobile_app,2024-12-27,0.6,55
1564,bargain_hunter,18.0,in_store,2024-06-29,0.35,25
1565,one_off,27.0,web,2024-01-01,0.1,40
1566,regular,33.0,web,2024-04-04,0.6,55
1567,bargain_hunter,36.0,mobile_app,2024-06-11,0.35,25
1568,regular,35.0,in_store,2024-11-16,0.6,55
1569,bargain_hunter,45.0,in_store,2024-08-05,0.35,25
1570,regular,52.0,mobile_app,2024-12-19,0.6,55
1571,bargain_hunter,41.0,mobile_app,2024-05-31,0.35,25
1572,bargain_hunter,38.0,mobile_app,2024-09-30,0.35,25
1573,regular,47.0,web,2024-07-25,0.6,55
1574,bargain_hunter,31.0,mobile_app,2024-01-29,0.35,25
1575,regular,49.0,web,2024-12-29,0.6,55
1576,bargain_hunter,38.0,web,2024-08-02,0.35,25
1577,regular,30.0,web,2024-12-27,0.6,55
1578,regular,67.0,web,2024-02-15,0.6,55
1579,one_off,44.0,web,2024-11-17,0.1,40
1580,bargain_hunter,41.0,web,2024-05-06,0.35,25
1581,one_off,48.0,in_store,2024-09-17,0.1,40
1582,regular,42.0,in_store,2024-03-27,0.6,55
1583,loyal_vip,54.0,mobile_app,2024-11-05,0.85,120
1584,one_off,60.0,mobile_app,2024-01-10,0.1,40
1585,one_off,50.0,mobile_app,2024-05-10,0.1,40
1586,regular,55.0,web,2024-01-22,0.6,55
1587,bargain_hunter,41.0,mobile_app,2024-04-16,0.35,25
1588,bargain_hunter,36.0,web,2024-05-13,0.35,25
1589,one_off,18.0,mobile_app,2024-10-30,0.1,40
1590,bargain_hunter,55.0,web,2024-04-11,0.35,25
1591,regular,26.0,mobile_app,2024-10-25,0.6,55
1592,loyal_vip,45.0,mobile_app,2024-11-07,0.85,120
1593,bargain_hunter,57.0,mobile_app,2024-10-16,0.35,25
1594,bargain_hunter,20.0,in_store,2024-08-30,0.35,25
1595,loyal_vip,19.0,mobile_app,2024-07-16,0.85,120
1596,loyal_vip,36.0,in_store,2024-08-24,0.85,120
1597,bargain_hunter,73.0,mobile_app,2024-11-01,0.35,25
1598,loyal_vip,54.0,web,2024-11-11,0.85,120
1599,regular,44.0,web,2024-04-24,0.6,55
1600,regular,47.0,web,2024-01-22,0.6,55
1601,regular,,mobile_app,2024-12-18,0.6,55
1602,regular,28.0,web,2024-05-05,0.6,55
1603,bargain_hunter,44.0,mobile_app,2024-12-07,0.35,25
1604,regular,56.0,mobile_app,2024-11-07,0.6,55
1605,regular,51.0,web,2024-10-31,0.6,55
1606,bargain_hunter,62.0,web,2024-07-20,0.35,25
1607,regular,57.0,web,2024-07-25,0.6,55
1608,regular,61.0,mobile_app,2024-01-28,0.6,55
1609,regular,53.0,web,2024-07-26,0.6,55
1610,regular,22.0,web,2024-12-08,0.6,55
1611,loyal_vip,52.0,mobile_app,2024-09-22,0.85,120
1612,bargain_hunter,36.0,web,2024-10-13,0.35,25
1613,bargain_hunter,29.0,mobile_app,2024-10-20,0.35,25
1614,regular,59.0,mobile_app,2024-10-02,0.6,55
1615,regular,63.0,mobile_app,2024-12-17,0.6,55
1616,one_off,,in_store,2024-04-11,0.1,40
1617,loyal_vip,38.0,web,2024-04-12,0.85,120
1618,regular,20.0,mobile_app,2024-07-12,0.6,55
1619,bargain_hunter,44.0,web,2024-01-31,0.35,25
1620,loyal_vip,55.0,web,2024-06-17,0.85,120
1621,bargain_hunter,49.0,web,2024-04-19,0.35,25
1622,bargain_hunter,54.0,mobile_app,2024-10-16,0.35,25
1623,loyal_vip,23.0,in_store,2024-12-12,0.85,120
1624,bargain_hunter,27.0,mobile_app,2024-03-22,0.35,25
1625,bargain_hunter,43.0,mobile_app,2024-10-25,0.35,25
1626,bargain_hunter,27.0,mobile_app,2024-07-27,0.35,25
1627,loyal_vip,29.0,web,2024-03-10,0.85,120
1628,one_off,18.0,web,2024-04-25,0.1,40
1629,regular,24.0,web,2024-12-09,0.6,55
1630,regular,49.0,mobile_app,2024-06-26,0.6,55
1631,bargain_hunter,40.0,in_store,2024-03-15,0.35,25
1632,loyal_vip,63.0,in_store,2024-01-30,0.85,120
1633,regular,59.0,mobile_app,2024-12-10,0.6,55
1634,regular,43.0,web,2024-06-29,0.6,55
1635,bargain_hunter,26.0,mobile_app,2024-01-19,0.35,25
1636,regular,36.0,mobile_app,2024-06-05,0.6,55
1637,one_off,53.0,in_store,2024-10-23,0.1,40
1638,regular,53.0,mobile_app,2024-03-17,0.6,55
1639,regular,39.0,in_store,2024-03-08,0.6,55
1640,regular,22.0,in_store,2024-02-09,0.6,55
1641,one_off,52.0,in_store,2024-03-30,0.1,40
1642,bargain_hunter,47.0,in_store,2024-01-17,0.35,25
1643,bargain_hunter,32.0,web,2024-03-12,0.35,25
1644,bargain_hunter,32.0,web,2024-05-11,0.35,25
1645,one_off,22.0,web,2024-07-27,0.1,40
1646,bargain_hunter,26.0,in_store,2024-04-15,0.35,25
1647,bargain_hunter,23.0,web,2024-12-27,0.35,25
1648,bargain_hunter,42.0,web,2024-12-13,0.35,25
1649,regular,42.0,web,2024-09-05,0.6,55
1650,loyal_vip,18.0,mobile_app,2024-05-11,0.85,120
1651,bargain_hunter,40.0,web,2024-03-19,0.35,25
1652,regular,23.0,web,2024-07-10,0.6,55
1653,regular,24.0,mobile_app,2024-02-15,0.6,55
1654,loyal_vip,32.0,web,2024-01-31,0.85,120
1655,one_off,38.0,web,2024-08-09,0.1,40
1656,regular,55.0,in_store,2024-06-09,0.6,55
1657,bargain_hunter,46.0,mobile_app,2024-05-15,0.35,25
1658,regular,38.0,web,2024-11-24,0.6,55
1659,regular,44.0,in_store,2024-08-23,0.6,55
1660,regular,47.0,mobile_app,2024-08-18,0.6,55
1661,bargain_hunter,32.0,in_store,2024-01-17,0.35,25
1662,bargain_hunter,39.0,web,2024-05-28,0.35,25
1663,regular,63.0,mobile_app,2024-02-02,0.6,55
1664,regular,47.0,mobile_app,2024-09-03,0.6,55
1665,regular,52.0,web,2024-02-19,0.6,55
1666,one_off,33.0,in_store,2024-09-01,0.1,40
1667,regular,38.0,in_store,2024-07-14,0.6,55
1668,regular,25.0,web,2024-07-02,0.6,55
1669,regular,28.0,in_store,2024-11-19,0.6,55
1670,loyal_vip,42.0,web,2024-07-11,0.85,120
1671,regular,,in_store,2024-09-01,0.6,55
1672,loyal_vip,30.0,web,2024-04-01,0.85,120
1673,one_off,45.0,web,2024-11-23,0.1,40
1674,regular,24.0,mobile_app,2024-03-05,0.6,55
1675,bargain_hunter,18.0,web,2024-03-04,0.35,25
1676,regular,18.0,web,2024-12-24,0.6,55
1677,regular,51.0,in_store,2024-01-18,0.6,55
1678,regular,25.0,mobile_app,2024-02-25,0.6,55
1679,loyal_vip,34.0,in_store,2024-11-22,0.85,120
1680,loyal_vip,49.0,web,2024-01-13,0.85,120
1681,regular,57.0,mobile_app,2024-05-10,0.6,55
1682,bargain_hunter,55.0,mobile_app,2024-11-26,0.35,25
1683,regular,35.0,mobile_app,2024-11-20,0.6,55
1684,bargain_hunter,32.0,web,2024-06-04,0.35,25
1685,regular,57.0,web,2024-06-06,0.6,55
1686,regular,31.0,mobile_app,2024-09-30,0.6,55
1687,bargain_hunter,52.0,in_store,2024-11-28,0.35,25
1688,regular,41.0,web,2024-03-10,0.6,55
1689,regular,52.0,mobile_app,2024-08-27,0.6,55
1690,regular,29.0,mobile_app,2024-07-04,0.6,55
1691,bargain_hunter,51.0,in_store,2024-01-24,0.35,25
1692,loyal_vip,42.0,in_store,2024-04-15,0.85,120
1693,bargain_hunter,39.0,in_store,2024-02-22,0.35,25
1694,bargain_hunter,51.0,mobile_app,2024-04-12,0.35,25
1695,regular,36.0,web,2024-02-29,0.6,55
1696,loyal_vip,42.0,web,2024-07-09,0.85,120
1697,loyal_vip,43.0,mobile_app,2024-02-17,0.85,120
1698,loyal_vip,51.0,web,2024-07-12,0.85,120
1699,regular,30.0,mobile_app,2024-10-26,0.6,55
1700,bargain_hunter,42.0,in_store,2024-08-27,0.35,25
1701,regular,33.0,web,2024-09-13,0.6,55
1702,regular,30.0,web,2024-08-21,0.6,55
1703,regular,54.0,mobile_app,2024-03-04,0.6,55
1704,bargain_hunter,21.0,mobile_app,2024-11-22,0.35,25
1705,bargain_hunter,43.0,web,2024-02-09,0.35,25
1706,regular,62.0,in_store,2024-05-11,0.6,55
1707,bargain_hunter,37.0,web,2024-03-11,0.35,25
1708,one_off,18.0,mobile_app,2024-04-01,0.1,40
1709,regular,47.0,mobile_app,2024-07-11,0.6,55
1710,bargain_hunter,70.0,web,2024-12-05,0.35,25
1711,bargain_hunter,57.0,in_store,2024-10-02,0.35,25
1712,loyal_vip,28.0,mobile_app,2024-08-22,0.85,120
1713,regular,47.0,in_store,2024-10-09,0.6,55
1714,bargain_hunter,37.0,mobile_app,2024-10-06,0.35,25
1715,regular,51.0,web,2024-05-12,0.6,55
1716,regular,59.0,web,2024-02-21,0.6,55
1717,regular,54.0,web,2024-08-22,0.6,55
1718,regular,37.0,mobile_app,2024-07-22,0.6,55
1719,regular,32.0,mobile_app,2024-08-05,0.6,55
1720,bargain_hunter,37.0,in_store,2024-07-22,0.35,25
1721,bargain_hunter,51.0,web,2024-01-05,0.35,25
1722,loyal_vip,29.0,web,2024-06-10,0.85,120
1723,bargain_hunter,42.0,web,2024-04-15,0.35,25
1724,bargain_hunter,58.0,web,2024-08-02,0.35,25
1725,one_off,34.0,web,2024-01-17,0.1,40
1726,bargain_hunter,49.0,web,2024-05-31,0.35,25
1727,regular,45.0,mobile_app,2024-06-14,0.6,55
1728,one_off,36.0,mobile_app,2024-05-03,0.1,40
1729,regular,29.0,mobile_app,2024-03-26,0.6,55
1730,bargain_hunter,32.0,mobile_app,2024-12-15,0.35,25
1731,bargain_hunter,26.0,web,2024-09-30,0.35,25
1732,bargain_hunter,35.0,mobile_app,2024-11-09,0.35,25
1733,bargain_hunter,19.0,web,2024-09-19,0.35,25
1734,regular,50.0,mobile_app,2024-12-05,0.6,55
1735,regular,40.0,mobile_app,2024-11-22,0.6,55
1736,bargain_hunter,36.0,in_store,2024-07-05,0.35,25
1737,regular,49.0,mobile_app,2024-09-22,0.6,55
1738,regular,23.0,web,2024-04-19,0.6,55
1739,regular,50.0,web,2024-03-06,0.6,55
1740,one_off,30.0,mobile_app,2024-06-01,0.1,40
1741,regular,25.0,mobile_app,2024-07-19,0.6,55
1742,bargain_hunter,45.0,mobile_app,2024-01-30,0.35,25
1743,bargain_hunter,19.0,mobile_app,2024-07-31,0.35,25
1744,loyal_vip,63.0,mobile_app,2024-02-20,0.85,120
1745,one_off,,mobile_app,2024-07-31,0.1,40
1746,bargain_hunter,34.0,web,2024-05-07,0.35,25
1747,bargain_hunter,45.0,mobile_app,2024-09-24,0.35,25
1748,loyal_vip,33.0,web,2024-12-09,0.85,120
1749,regular,46.0,web,2024-04-21,0.6,55
1750,regular,62.0,web,2024-01-21,0.6,55
1751,bargain_hunter,36.0,mobile_app,2024-03-29,0.35,25
1752,regular,46.0,web,2024-04-09,0.6,55
1753,one_off,58.0,web,2024-09-28,0.1,40
1754,regular,60.0,web,2024-10-28,0.6,55
1755,loyal_vip,36.0,web,2024-10-03,0.85,120
1756,bargain_hunter,,in_store,2024-04-19,0.35,25
1757,regular,37.0,mobile_app,2024-08-25,0.6,55
1758,bargain_hunter,41.0,mobile_app,2024-10-28,0.35,25
1759,one_off,28.0,mobile_app,2024-02-23,0.1,40
1760,regular,51.0,mobile_app,2024-01-16,0.6,55
1761,bargain_hunter,54.0,web,2024-01-26,0.35,25
1762,bargain_hunter,23.0,web,2024-11-23,0.35,25
1763,bargain_hunter,73.0,mobile_app,2024-03-23,0.35,25
1764,regular,18.0,web,2024-08-21,0.6,55
1765,bargain_hunter,21.0,web,2024-09-14,0.35,25
1766,regular,53.0,mobile_app,2024-06-22,0.6,55
1767,bargain_hunter,42.0,web,2024-08-20,0.35,25
1768,regular,20.0,in_store,2024-08-14,0.6,55
1769,regular,20.0,mobile_app,2024-10-18,0.6,55
1770,bargain_hunter,42.0,web,2024-08-02,0.35,25
1771,bargain_hunter,20.0,mobile_app,2024-01-19,0.35,25
1772,regular,52.0,in_store,2024-05-05,0.6,55
1773,regular,44.0,mobile_app,2024-01-07,0.6,55
1774,one_off,55.0,in_store,2024-01-16,0.1,40
1775,loyal_vip,18.0,mobile_app,2024-02-14,0.85,120
1776,bargain_hunter,32.0,web,2024-09-16,0.35,25
1777,regular,30.0,mobile_app,2024-08-30,0.6,55
1778,regular,45.0,mobile_app,2024-01-18,0.6,55
1779,loyal_vip,40.0,mobile_app,2024-07-05,0.85,120
1780,regular,28.0,in_store,2024-04-11,0.6,55
1781,bargain_hunter,21.0,web,2024-05-02,0.35,25
1782,regular,23.0,mobile_app,2024-07-08,0.6,55
1783,loyal_vip,48.0,web,2024-12-28,0.85,120
1784,one_off,20.0,web,2024-05-06,0.1,40
1785,loyal_vip,34.0,mobile_app,2024-04-22,0.85,120
1786,loyal_vip,53.0,web,2024-09-25,0.85,120
1787,regular,48.0,web,2024-12-17,0.6,55
1788,loyal_vip,63.0,mobile_app,2024-03-23,0.85,120
1789,bargain_hunter,50.0,mobile_app,2024-01-21,0.35,25
1790,regular,27.0,mobile_app,2024-06-08,0.6,55
1791,regular,33.0,mobile_app,2024-10-02,0.6,55
1792,loyal_vip,18.0,mobile_app,2024-10-03,0.85,120
1793,loyal_vip,66.0,web,2024-11-03,0.85,120
1794,regular,48.0,web,2024-12-24,0.6,55
1795,loyal_vip,47.0,web,2024-04-06,0.85,120
1796,one_off,39.0,web,2024-10-17,0.1,40
1797,bargain_hunter,18.0,web,2024-05-16,0.35,25
1798,bargain_hunter,18.0,mobile_app,2024-02-08,0.35,25
1799,regular,34.0,mobile_app,2024-11-24,0.6,55
1800,regular,32.0,mobile_app,2024-06-24,0.6,55
1801,bargain_hunter,34.0,web,2024-08-22,0.35,25
1802,bargain_hunter,19.0,web,2024-07-17,0.35,25
1803,regular,38.0,web,2024-08-13,0.6,55
1804,bargain_hunter,22.0,mobile_app,2024-09-20,0.35,25
1805,regular,49.0,mobile_app,2024-04-16,0.6,55
1806,regular,55.0,web,2024-06-20,0.6,55
1807,one_off,18.0,web,2024-12-22,0.1,40
1808,loyal_vip,20.0,web,2024-11-16,0.85,120
1809,bargain_hunter,50.0,mobile_app,2024-09-27,0.35,25
1810,bargain_hunter,51.0,mobile_app,2024-03-07,0.35,25
1811,regular,39.0,web,2024-05-13,0.6,55
1812,regular,18.0,mobile_app,2024-05-18,0.6,55
1813,regular,52.0,in_store,2024-09-16,0.6,55
1814,one_off,33.0,mobile_app,2024-11-27,0.1,40
1815,bargain_hunter,18.0,mobile_app,2024-12-12,0.35,25
1816,bargain_hunter,40.0,mobile_app,2024-10-08,0.35,25
1817,regular,24.0,web,2024-11-04,0.6,55
1818,loyal_vip,53.0,mobile_app,2024-12-28,0.85,120
1819,loyal_vip,22.0,mobile_app,2024-11-10,0.85,120
1820,loyal_vip,46.0,web,2024-10-03,0.85,120
1821,regular,29.0,mobile_app,2024-11-11,0.6,55
1822,loyal_vip,39.0,mobile_app,2024-08-22,0.85,120
1823,regular,51.0,mobile_app,2024-02-05,0.6,55
1824,regular,42.0,web,2024-06-27,0.6,55
1825,regular,28.0,web,2024-09-21,0.6,55
1826,regular,27.0,in_store,2024-03-23,0.6,55
1827,loyal_vip,30.0,web,2024-08-05,0.85,120
1828,regular,22.0,mobile_app,2024-03-10,0.6,55
1829,regular,34.0,mobile_app,2024-08-08,0.6,55
1830,regular,35.0,web,2024-11-07,0.6,55
1831,regular,44.0,web,2024-11-01,0.6,55
1832,loyal_vip,26.0,mobile_app,2024-08-16,0.85,120
1833,regular,33.0,web,2024-04-26,0.6,55
1834,bargain_hunter,44.0,in_store,2024-11-16,0.35,25
1835,loyal_vip,19.0,web,2024-08-24,0.85,120
1836,one_off,27.0,web,2024-05-04,0.1,40
1837,bargain_hunter,64.0,mobile_app,2024-05-07,0.35,25
1838,regular,18.0,web,2024-05-02,0.6,55
1839,bargain_hunter,51.0,in_store,2024-09-19,0.35,25
1840,one_off,29.0,web,2024-10-09,0.1,40
1841,regular,37.0,mobile_app,2024-02-06,0.6,55
1842,regular,56.0,web,2024-09-30,0.6,55
1843,regular,38.0,mobile_app,2024-04-29,0.6,55
1844,loyal_vip,38.0,mobile_app,2024-02-02,0.85,120
1845,regular,40.0,web,2024-10-03,0.6,55
1846,regular,41.0,web,2024-09-04,0.6,55
1847,loyal_vip,18.0,mobile_app,2024-10-22,0.85,120
1848,regular,35.0,mobile_app,2024-03-10,0.6,55
1849,loyal_vip,59.0,web,2024-09-09,0.85,120
1850,regular,35.0,mobile_app,2024-09-06,0.6,55
1851,regular,36.0,mobile_app,2024-02-23,0.6,55
1852,loyal_vip,58.0,web,2024-04-10,0.85,120
1853,bargain_hunter,65.0,web,2024-12-03,0.35,25
1854,bargain_hunter,27.0,mobile_app,2024-09-03,0.35,25
1855,loyal_vip,54.0,in_store,2024-11-15,0.85,120
1856,loyal_vip,46.0,in_store,2024-12-31,0.85,120
1857,regular,49.0,web,2024-11-14,0.6,55
1858,regular,55.0,mobile_app,2024-06-15,0.6,55
1859,bargain_hunter,29.0,web,2024-08-17,0.35,25
1860,regular,38.0,web,2024-12-20,0.6,55
1861,regular,36.0,web,2024-06-03,0.6,55
1862,regular,46.0,web,2024-12-15,0.6,55
1863,regular,40.0,mobile_app,2024-07-13,0.6,55
1864,regular,35.0,web,2024-06-18,0.6,55
1865,bargain_hunter,38.0,mobile_app,2024-10-31,0.35,25
1866,regular,53.0,web,2024-07-07,0.6,55
1867,bargain_hunter,48.0,mobile_app,2024-10-20,0.35,25
1868,loyal_vip,27.0,mobile_app,2024-08-14,0.85,120
1869,bargain_hunter,30.0,mobile_app,2024-01-21,0.35,25
1870,one_off,64.0,in_store,2024-10-18,0.1,40
1871,bargain_hunter,67.0,mobile_app,2024-01-23,0.35,25
1872,bargain_hunter,30.0,web,2024-05-27,0.35,25
1873,regular,19.0,in_store,2024-02-08,0.6,55
1874,loyal_vip,18.0,web,2024-11-24,0.85,120
1875,bargain_hunter,38.0,web,2024-09-30,0.35,25
1876,bargain_hunter,29.0,mobile_app,2024-12-09,0.35,25
1877,bargain_hunter,34.0,web,2024-12-14,0.35,25
1878,one_off,53.0,mobile_app,2024-02-26,0.1,40
1879,bargain_hunter,21.0,mobile_app,2024-07-27,0.35,25
1880,regular,21.0,mobile_app,2024-02-11,0.6,55
1881,bargain_hunter,49.0,mobile_app,2024-09-15,0.35,25
1882,bargain_hunter,48.0,web,2024-02-26,0.35,25
1883,one_off,68.0,web,2024-12-19,0.1,40
1884,regular,32.0,web,2024-07-04,0.6,55
1885,regular,18.0,mobile_app,2024-04-04,0.6,55
1886,regular,31.0,in_store,2024-05-08,0.6,55
1887,bargain_hunter,18.0,mobile_app,2024-10-05,0.35,25
1888,bargain_hunter,57.0,mobile_app,2024-03-26,0.35,25
1889,regular,45.0,web,2024-04-12,0.6,55
1890,one_off,35.0,in_store,2024-06-21,0.1,40
1891,regular,62.0,web,2024-01-14,0.6,55
1892,regular,43.0,mobile_app,2024-11-14,0.6,55
1893,regular,29.0,web,2024-10-18,0.6,55
1894,regular,25.0,web,2024-06-30,0.6,55
1895,regular,21.0,web,2024-07-04,0.6,55
1896,regular,50.0,mobile_app,2024-02-02,0.6,55
1897,loyal_vip,21.0,web,2024-01-19,0.85,120
1898,regular,50.0,web,2024-08-15,0.6,55
1899,loyal_vip,51.0,mobile_app,2024-12-05,0.85,120
1900,one_off,46.0,mobile_app,2024-03-26,0.1,40
1901,bargain_hunter,46.0,mobile_app,2024-02-17,0.35,25
1902,bargain_hunter,40.0,mobile_app,2024-04-23,0.35,25
1903,loyal_vip,33.0,mobile_app,2024-05-09,0.85,120
1904,one_off,33.0,web,2024-02-14,0.1,40
1905,regular,39.0,web,2024-06-04,0.6,55
1906,regular,42.0,web,2024-03-03,0.6,55
1907,bargain_hunter,59.0,mobile_app,2024-08-28,0.35,25
1908,one_off,,in_store,2024-11-01,0.1,40
1909,regular,28.0,mobile_app,2024-03-03,0.6,55
1910,regular,59.0,in_store,2024-02-05,0.6,55
1911,one_off,25.0,web,2024-11-27,0.1,40
1912,regular,47.0,web,2024-09-05,0.6,55
1913,bargain_hunter,43.0,web,2024-12-19,0.35,25
1914,regular,60.0,in_store,2024-04-10,0.6,55
1915,bargain_hunter,18.0,in_store,2024-02-26,0.35,25
1916,regular,71.0,web,2024-04-25,0.6,55
1917,regular,51.0,mobile_app,2024-12-22,0.6,55
1918,one_off,55.0,in_store,2024-08-09,0.1,40
1919,regular,67.0,web,2024-05-09,0.6,55
1920,regular,22.0,web,2024-10-09,0.6,55
1921,bargain_hunter,47.0,web,2024-09-14,0.35,25
1922,bargain_hunter,33.0,web,2024-12-27,0.35,25
1923,one_off,33.0,mobile_app,2024-09-08,0.1,40
1924,one_off,54.0,web,2024-12-06,0.1,40
1925,loyal_vip,39.0,mobile_app,2024-04-20,0.85,120
1926,regular,50.0,web,2024-06-02,0.6,55
1927,one_off,18.0,web,2024-12-22,0.1,40
1928,bargain_hunter,58.0,mobile_app,2024-05-12,0.35,25
1929,one_off,18.0,web,2024-02-29,0.1,40
1930,regular,40.0,web,2024-11-24,0.6,55
1931,bargain_hunter,40.0,web,2024-03-18,0.35,25
1932,regular,44.0,mobile_app,2024-03-29,0.6,55
1933,loyal_vip,46.0,web,2024-02-21,0.85,120
1934,bargain_hunter,35.0,mobile_app,2024-03-18,0.35,25
1935,regular,63.0,web,2024-12-20,0.6,55
1936,one_off,41.0,web,2024-08-10,0.1,40
1937,bargain_hunter,41.0,web,2024-04-14,0.35,25
1938,regular,51.0,web,2024-02-09,0.6,55
1939,regular,47.0,in_store,2024-07-31,0.6,55
1940,regular,32.0,web,2024-10-05,0.6,55
1941,regular,28.0,in_store,2024-12-06,0.6,55
1942,loyal_vip,26.0,mobile_app,2024-01-17,0.85,120
1943,loyal_vip,47.0,in_store,2024-12-17,0.85,120
1944,one_off,25.0,web,2024-01-25,0.1,40
1945,bargain_hunter,18.0,mobile_app,2024-06-30,0.35,25
1946,bargain_hunter,30.0,mobile_app,2024-04-19,0.35,25
1947,one_off,29.0,mobile_app,2024-08-12,0.1,40
1948,bargain_hunter,39.0,in_store,2024-11-20,0.35,25
1949,one_off,35.0,mobile_app,2024-08-22,0.1,40
1950,regular,38.0,in_store,2024-11-06,0.6,55
1951,regular,34.0,mobile_app,2024-01-21,0.6,55
1952,bargain_hunter,34.0,web,2024-04-03,0.35,25
1953,regular,32.0,mobile_app,2024-06-14,0.6,55
1954,loyal_vip,36.0,web,2024-02-17,0.85,120
1955,regular,53.0,web,2024-06-04,0.6,55
1956,loyal_vip,47.0,mobile_app,2024-03-15,0.85,120
1957,regular,32.0,web,2024-01-10,0.6,55
1958,bargain_hunter,36.0,web,2024-09-27,0.35,25
1959,bargain_hunter,53.0,mobile_app,2024-08-06,0.35,25
1960,bargain_hunter,47.0,in_store,2024-04-05,0.35,25
1961,regular,38.0,in_store,2024-03-27,0.6,55
1962,regular,37.0,mobile_app,2024-05-09,0.6,55
1963,bargain_hunter,,in_store,2024-10-07,0.35,25
1964,regular,34.0,web,2024-10-14,0.6,55
1965,regular,39.0,mobile_app,2024-11-11,0.6,55
1966,loyal_vip,50.0,mobile_app,2024-06-19,0.85,120
1967,loyal_vip,35.0,web,2024-08-05,0.85,120
1968,bargain_hunter,44.0,mobile_app,2024-08-30,0.35,25
1969,one_off,25.0,in_store,2024-11-30,0.1,40
1970,bargain_hunter,46.0,in_store,2024-02-20,0.35,25
1971,regular,50.0,in_store,2024-03-09,0.6,55
1972,regular,73.0,web,2024-03-14,0.6,55
1973,regular,45.0,in_store,2024-11-15,0.6,55
1974,regular,35.0,in_store,2024-04-29,0.6,55
1975,regular,50.0,web,2024-07-30,0.6,55
1976,bargain_hunter,39.0,mobile_app,2024-11-10,0.35,25
1977,bargain_hunter,39.0,mobile_app,2024-06-10,0.35,25
1978,bargain_hunter,37.0,web,2024-03-24,0.35,25
1979,loyal_vip,34.0,mobile_app,2024-07-19,0.85,120
1980,bargain_hunter,32.0,web,2024-12-30,0.35,25
1981,bargain_hunter,18.0,web,2024-07-21,0.35,25
1982,bargain_hunter,36.0,mobile_app,2024-03-22,0.35,25
1983,loyal_vip,47.0,mobile_app,2024-04-25,0.85,120
1984,bargain_hunter,49.0,mobile_app,2024-04-11,0.35,25
1985,regular,39.0,web,2024-07-05,0.6,55
1986,one_off,66.0,web,2024-08-21,0.1,40
1987,regular,56.0,mobile_app,2024-02-07,0.6,55
1988,bargain_hunter,27.0,mobile_app,2024-12-06,0.35,25
1989,loyal_vip,49.0,web,2024-04-26,0.85,120
1990,bargain_hunter,39.0,in_store,2024-04-13,0.35,25
1991,bargain_hunter,56.0,web,2024-09-17,0.35,25
1992,bargain_hunter,53.0,web,2024-01-10,0.35,25
1993,regular,53.0,mobile_app,2024-04-22,0.6,55
1994,bargain_hunter,35.0,web,2024-10-27,0.35,25
1995,regular,34.0,web,2024-03-04,0.6,55
1996,regular,18.0,web,2024-01-05,0.6,55
1997,bargain_hunter,49.0,mobile_app,2024-04-29,0.35,25
1998,regular,41.0,web,2024-03-13,0.6,55
1999,regular,48.0,mobile_app,2024-12-23,0.6,55
2000,one_off,36.0,web,2024-12-04,0.1,40
2001,loyal_vip,47.0,web,2024-11-01,0.85,120
2002,bargain_hunter,53.0,mobile_app,2024-05-08,0.35,25
2003,bargain_hunter,41.0,web,2024-08-29,0.35,25
2004,bargain_hunter,19.0,mobile_app,2024-12-27,0.35,25
2005,loyal_vip,36.0,mobile_app,2024-07-04,0.85,120
2006,regular,40.0,web,2024-08-27,0.6,55
2007,regular,29.0,in_store,2024-01-06,0.6,55
2008,bargain_hunter,38.0,mobile_app,2024-05-18,0.35,25
2009,regular,39.0,in_store,2024-02-03,0.6,55
2010,regular,48.0,mobile_app,2024-10-21,0.6,55
2011,regular,47.0,mobile_app,2024-01-21,0.6,55
2012,bargain_hunter,53.0,mobile_app,2024-03-17,0.35,25
2013,one_off,26.0,mobile_app,2024-10-07,0.1,40
2014,bargain_hunter,18.0,mobile_app,2024-02-14,0.35,25
2015,bargain_hunter,28.0,web,2024-03-18,0.35,25
2016,bargain_hunter,39.0,in_store,2024-02-12,0.35,25
2017,loyal_vip,28.0,web,2024-06-03,0.85,120
2018,bargain_hunter,28.0,in_store,2024-07-15,0.35,25
2019,one_off,48.0,mobile_app,2024-07-23,0.1,40
2020,regular,31.0,in_store,2024-02-08,0.6,55
2021,one_off,33.0,web,2024-07-11,0.1,40
2022,regular,29.0,mobile_app,2024-10-22,0.6,55
2023,bargain_hunter,42.0,web,2024-09-14,0.35,25
2024,regular,49.0,mobile_app,2024-06-06,0.6,55
2025,loyal_vip,25.0,mobile_app,2024-11-02,0.85,120
2026,bargain_hunter,31.0,web,2024-07-09,0.35,25
2027,loyal_vip,39.0,web,2024-04-04,0.85,120
2028,bargain_hunter,41.0,web,2024-11-24,0.35,25
2029,regular,38.0,web,2024-03-17,0.6,55
2030,bargain_hunter,25.0,web,2024-05-12,0.35,25
2031,bargain_hunter,58.0,web,2024-12-04,0.35,25
2032,regular,46.0,mobile_app,2024-01-21,0.6,55
2033,regular,39.0,mobile_app,2024-10-22,0.6,55
2034,regular,53.0,web,2024-04-20,0.6,55
2035,regular,39.0,in_store,2024-05-03,0.6,55
2036,regular,23.0,in_store,2024-01-22,0.6,55
2037,loyal_vip,28.0,web,2024-12-22,0.85,120
2038,regular,51.0,web,2024-10-17,0.6,55
2039,regular,18.0,mobile_app,2024-12-07,0.6,55
2040,regular,42.0,mobile_app,2024-04-07,0.6,55
2041,one_off,33.0,web,2024-02-10,0.1,40
2042,bargain_hunter,18.0,mobile_app,2024-06-16,0.35,25
2043,one_off,29.0,in_store,2024-01-20,0.1,40
2044,one_off,35.0,web,2024-08-31,0.1,40
2045,bargain_hunter,42.0,in_store,2024-01-31,0.35,25
2046,regular,28.0,mobile_app,2024-09-23,0.6,55
2047,bargain_hunter,41.0,web,2024-12-11,0.35,25
2048,regular,24.0,web,2024-06-22,0.6,55
2049,bargain_hunter,18.0,mobile_app,2024-05-24,0.35,25
2050,bargain_hunter,38.0,web,2024-03-27,0.35,25
2051,bargain_hunter,21.0,mobile_app,2024-08-02,0.35,25
2052,one_off,18.0,in_store,2024-02-13,0.1,40
2053,bargain_hunter,48.0,mobile_app,2024-03-10,0.35,25
2054,regular,25.0,mobile_app,2024-11-14,0.6,55
2055,bargain_hunter,44.0,mobile_app,2024-11-12,0.35,25
2056,loyal_vip,47.0,web,2024-04-20,0.85,120
2057,bargain_hunter,18.0,web,2024-02-22,0.35,25
2058,regular,40.0,web,2024-10-19,0.6,55
2059,bargain_hunter,59.0,mobile_app,2024-12-02,0.35,25
2060,regular,25.0,web,2024-01-14,0.6,55
2061,one_off,36.0,web,2024-12-31,0.1,40
2062,regular,18.0,mobile_app,2024-07-12,0.6,55
2063,bargain_hunter,34.0,web,2024-06-03,0.35,25
2064,regular,32.0,web,2024-06-14,0.6,55
2065,regular,22.0,web,2024-03-25,0.6,55
2066,regular,43.0,mobile_app,2024-11-30,0.6,55
2067,bargain_hunter,40.0,web,2024-12-28,0.35,25
2068,bargain_hunter,45.0,web,2024-05-02,0.35,25
2069,bargain_hunter,52.0,web,2024-10-08,0.35,25
2070,bargain_hunter,26.0,mobile_app,2024-09-16,0.35,25
2071,bargain_hunter,35.0,mobile_app,2024-02-07,0.35,25
2072,regular,73.0,web,2024-08-18,0.6,55
2073,regular,51.0,mobile_app,2024-09-22,0.6,55
2074,bargain_hunter,48.0,mobile_app,2024-12-19,0.35,25
2075,regular,32.0,mobile_app,2024-11-10,0.6,55
2076,one_off,43.0,mobile_app,2024-02-14,0.1,40
2077,regular,53.0,web,2024-05-01,0.6,55
2078,regular,46.0,mobile_app,2024-06-12,0.6,55
2079,loyal_vip,51.0,web,2024-01-27,0.85,120
2080,one_off,18.0,mobile_app,2024-12-10,0.1,40
2081,loyal_vip,44.0,mobile_app,2024-05-13,0.85,120
2082,bargain_hunter,51.0,web,2024-05-25,0.35,25
2083,one_off,19.0,web,2024-11-19,0.1,40
2084,bargain_hunter,41.0,web,2024-09-26,0.35,25
2085,regular,36.0,mobile_app,2024-06-01,0.6,55
2086,loyal_vip,46.0,web,2024-01-02,0.85,120
2087,regular,40.0,mobile_app,2024-11-16,0.6,55
2088,loyal_vip,27.0,in_store,2024-02-05,0.85,120
2089,loyal_vip,26.0,web,2024-04-13,0.85,120
2090,one_off,51.0,web,2024-11-01,0.1,40
2091,loyal_vip,61.0,mobile_app,2024-03-22,0.85,120
2092,bargain_hunter,48.0,mobile_app,2024-08-08,0.35,25
2093,regular,31.0,web,2024-11-10,0.6,55
2094,bargain_hunter,37.0,web,2024-09-02,0.35,25
2095,loyal_vip,44.0,mobile_app,2024-01-31,0.85,120
2096,regular,39.0,mobile_app,2024-05-31,0.6,55
2097,bargain_hunter,27.0,mobile_app,2024-05-06,0.35,25
2098,regular,37.0,mobile_app,2024-09-16,0.6,55
2099,loyal_vip,40.0,web,2024-07-21,0.85,120
2100,loyal_vip,,mobile_app,2024-05-23,0.85,120
2101,bargain_hunter,40.0,mobile_app,2024-12-29,0.35,25
2102,bargain_hunter,60.0,web,2024-06-13,0.35,25
2103,loyal_vip,41.0,in_store,2024-08-05,0.85,120
2104,loyal_vip,64.0,web,2024-07-23,0.85,120
2105,regular,40.0,web,2024-06-18,0.6,55
2106,loyal_vip,47.0,web,2024-01-13,0.85,120
2107,loyal_vip,39.0,web,2024-12-14,0.85,120
2108,bargain_hunter,66.0,web,2024-11-13,0.35,25
2109,bargain_hunter,49.0,web,2024-09-25,0.35,25
2110,regular,46.0,web,2024-12-17,0.6,55
2111,regular,38.0,mobile_app,2024-07-12,0.6,55
2112,loyal_vip,32.0,web,2024-02-29,0.85,120
2113,loyal_vip,26.0,web,2024-09-28,0.85,120
2114,regular,38.0,mobile_app,2024-06-24,0.6,55
2115,bargain_hunter,49.0,web,2024-03-01,0.35,25
2116,regular,58.0,web,2024-12-19,0.6,55
2117,bargain_hunter,34.0,mobile_app,2024-04-21,0.35,25
2118,loyal_vip,27.0,mobile_app,2024-08-04,0.85,120
2119,bargain_hunter,23.0,web,2024-08-04,0.35,25
2120,loyal_vip,35.0,web,2024-08-08,0.85,120
2121,regular,44.0,in_store,2024-06-01,0.6,55
2122,one_off,25.0,web,2024-07-04,0.1,40
2123,one_off,29.0,mobile_app,2024-08-04,0.1,40
2124,bargain_hunter,28.0,mobile_app,2024-06-19,0.35,25
2125,regular,20.0,mobile_app,2024-07-26,0.6,55
2126,bargain_hunter,50.0,web,2024-10-03,0.35,25
2127,bargain_hunter,30.0,web,2024-03-02,0.35,25
2128,regular,26.0,web,2024-02-28,0.6,55
2129,bargain_hunter,44.0,mobile_app,2024-04-15,0.35,25
2130,bargain_hunter,33.0,web,2024-03-09,0.35,25
2131,regular,28.0,web,2024-06-12,0.6,55
2132,one_off,24.0,web,2024-02-01,0.1,40
2133,bargain_hunter,19.0,web,2024-04-05,0.35,25
2134,bargain_hunter,56.0,web,2024-11-10,0.35,25
2135,regular,34.0,in_store,2024-06-28,0.6,55
2136,bargain_hunter,27.0,mobile_app,2024-05-25,0.35,25
2137,regular,73.0,web,2024-05-26,0.6,55
2138,bargain_hunter,35.0,web,2024-07-12,0.35,25
2139,bargain_hunter,,mobile_app,2024-08-19,0.35,25
2140,bargain_hunter,38.0,mobile_app,2024-10-25,0.35,25
2141,regular,46.0,mobile_app,2024-05-16,0.6,55
2142,regular,36.0,web,2024-12-30,0.6,55
2143,one_off,36.0,in_store,2024-11-28,0.1,40
2144,bargain_hunter,27.0,mobile_app,2024-10-10,0.35,25
2145,bargain_hunter,27.0,web,2024-03-04,0.35,25
2146,bargain_hunter,45.0,web,2024-11-15,0.35,25
2147,regular,18.0,mobile_app,2024-12-21,0.6,55
2148,regular,31.0,in_store,2024-11-13,0.6,55
2149,bargain_hunter,42.0,mobile_app,2024-01-28,0.35,25
2150,loyal_vip,40.0,mobile_app,2024-01-11,0.85,120
2151,bargain_hunter,43.0,web,2024-12-06,0.35,25
2152,regular,35.0,web,2024-10-03,0.6,55
2153,regular,20.0,mobile_app,2024-10-10,0.6,55
2154,bargain_hunter,23.0,mobile_app,2024-01-04,0.35,25
2155,bargain_hunter,29.0,web,2024-09-07,0.35,25
2156,regular,34.0,mobile_app,2024-08-27,0.6,55
2157,loyal_vip,24.0,in_store,2024-02-10,0.85,120
2158,bargain_hunter,39.0,web,2024-11-13,0.35,25
2159,bargain_hunter,35.0,in_store,2024-12-14,0.35,25
2160,bargain_hunter,25.0,mobile_app,2024-12-11,0.35,25
2161,regular,58.0,mobile_app,2024-07-16,0.6,55
2162,loyal_vip,33.0,web,2024-09-10,0.85,120
2163,bargain_hunter,62.0,web,2024-09-14,0.35,25
2164,one_off,36.0,mobile_app,2024-06-28,0.1,40
2165,regular,41.0,mobile_app,2024-11-27,0.6,55
2166,bargain_hunter,43.0,web,2024-05-23,0.35,25
2167,regular,55.0,in_store,2024-03-23,0.6,55
2168,bargain_hunter,24.0,mobile_app,2024-11-12,0.35,25
2169,bargain_hunter,38.0,mobile_app,2024-09-20,0.35,25
2170,loyal_vip,18.0,mobile_app,2024-02-19,0.85,120
2171,one_off,28.0,web,2024-09-12,0.1,40
2172,bargain_hunter,61.0,in_store,2024-09-22,0.35,25
2173,regular,46.0,mobile_app,2024-06-28,0.6,55
2174,regular,49.0,mobile_app,2024-10-02,0.6,55
2175,one_off,35.0,web,2024-07-06,0.1,40
2176,one_off,41.0,in_store,2024-01-09,0.1,40
2177,loyal_vip,34.0,web,2024-03-31,0.85,120
2178,regular,22.0,in_store,2024-07-14,0.6,55
2179,loyal_vip,58.0,mobile_app,2024-11-11,0.85,120
2180,regular,39.0,in_store,2024-05-15,0.6,55
2181,one_off,34.0,mobile_app,2024-11-04,0.1,40
2182,regular,18.0,in_store,2024-12-14,0.6,55
2183,bargain_hunter,29.0,mobile_app,2024-10-14,0.35,25
2184,regular,30.0,mobile_app,2024-08-02,0.6,55
2185,regular,47.0,web,2024-01-14,0.6,55
2186,bargain_hunter,26.0,mobile_app,2024-04-05,0.35,25
2187,regular,44.0,mobile_app,2024-10-04,0.6,55
2188,bargain_hunter,42.0,web,2024-02-16,0.35,25
2189,bargain_hunter,45.0,in_store,2024-10-04,0.35,25
2190,bargain_hunter,55.0,web,2024-03-31,0.35,25
2191,regular,79.0,web,2024-12-20,0.6,55
2192,regular,42.0,mobile_app,2024-03-16,0.6,55
2193,one_off,18.0,in_store,2024-11-11,0.1,40
2194,bargain_hunter,24.0,web,2024-01-04,0.35,25
2195,loyal_vip,27.0,mobile_app,2024-04-04,0.85,120
2196,regular,43.0,web,2024-12-23,0.6,55
2197,regular,38.0,in_store,2024-08-04,0.6,55
2198,bargain_hunter,43.0,in_store,2024-01-31,0.35,25
2199,regular,41.0,in_store,2024-02-06,0.6,55
2200,regular,47.0,web,2024-09-28,0.6,55
2201,regular,58.0,web,2024-12-08,0.6,55
2202,regular,41.0,web,2024-03-04,0.6,55
2203,regular,66.0,web,2024-03-01,0.6,55
2204,bargain_hunter,47.0,mobile_app,2024-05-16,0.35,25
2205,regular,33.0,web,2024-01-02,0.6,55
2206,bargain_hunter,53.0,mobile_app,2024-10-02,0.35,25
2207,bargain_hunter,51.0,web,2024-08-06,0.35,25
2208,bargain_hunter,27.0,web,2024-09-20,0.35,25
2209,bargain_hunter,53.0,mobile_app,2024-10-06,0.35,25
2210,bargain_hunter,34.0,web,2024-11-29,0.35,25
2211,one_off,24.0,mobile_app,2024-12-17,0.1,40
2212,bargain_hunter,39.0,mobile_app,2024-12-02,0.35,25
2213,loyal_vip,58.0,mobile_app,2024-05-10,0.85,120
2214,loyal_vip,28.0,web,2024-11-05,0.85,120
2215,regular,18.0,mobile_app,2024-11-03,0.6,55
2216,one_off,,web,2024-01-16,0.1,40
2217,loyal_vip,67.0,web,2024-08-29,0.85,120
2218,loyal_vip,33.0,in_store,2024-07-02,0.85,120
2219,regular,25.0,web,2024-07-02,0.6,55
2220,bargain_hunter,43.0,web,2024-01-01,0.35,25
2221,bargain_hunter,52.0,mobile_app,2024-08-13,0.35,25
2222,bargain_hunter,51.0,web,2024-12-15,0.35,25
2223,loyal_vip,18.0,mobile_app,2024-04-02,0.85,120
2224,loyal_vip,25.0,web,2024-10-30,0.85,120
2225,bargain_hunter,54.0,web,2024-08-24,0.35,25
2226,regular,50.0,mobile_app,2024-11-19,0.6,55
2227,bargain_hunter,39.0,in_store,2024-03-21,0.35,25
2228,regular,20.0,in_store,2024-01-07,0.6,55
2229,bargain_hunter,52.0,web,2024-02-21,0.35,25
2230,regular,39.0,in_store,2024-10-29,0.6,55
2231,regular,29.0,web,2024-04-11,0.6,55
2232,regular,35.0,in_store,2024-01-23,0.6,55
2233,regular,33.0,mobile_app,2024-05-21,0.6,55
2234,bargain_hunter,40.0,mobile_app,2024-02-13,0.35,25
2235,regular,39.0,web,2024-09-20,0.6,55
2236,bargain_hunter,36.0,mobile_app,2024-12-07,0.35,25
2237,bargain_hunter,32.0,web,2024-10-17,0.35,25
2238,regular,40.0,web,2024-01-08,0.6,55
2239,one_off,61.0,mobile_app,2024-09-21,0.1,40
2240,one_off,38.0,web,2024-01-13,0.1,40
2241,regular,38.0,mobile_app,2024-05-09,0.6,55
2242,bargain_hunter,44.0,web,2024-09-06,0.35,25
2243,bargain_hunter,30.0,web,2024-06-13,0.35,25
2244,bargain_hunter,53.0,mobile_app,2024-03-04,0.35,25
2245,regular,40.0,mobile_app,2024-04-27,0.6,55
2246,bargain_hunter,18.0,web,2024-10-20,0.35,25
2247,loyal_vip,48.0,web,2024-05-27,0.85,120
2248,one_off,53.0,web,2024-10-20,0.1,40
2249,bargain_hunter,22.0,in_store,2024-06-07,0.35,25
2250,regular,41.0,in_store,2024-01-23,0.6,55
2251,loyal_vip,32.0,web,2024-01-25,0.85,120
2252,regular,30.0,web,2024-02-13,0.6,55
2253,one_off,40.0,web,2024-01-04,0.1,40
2254,one_off,57.0,mobile_app,2024-04-26,0.1,40
2255,regular,35.0,mobile_app,2024-06-14,0.6,55
2256,loyal_vip,24.0,web,2024-07-04,0.85,120
2257,loyal_vip,33.0,web,2024-01-10,0.85,120
2258,bargain_hunter,37.0,web,2024-08-13,0.35,25
2259,regular,51.0,mobile_app,2024-01-22,0.6,55
2260,bargain_hunter,19.0,mobile_app,2024-05-20,0.35,25
2261,bargain_hunter,58.0,mobile_app,2024-10-19,0.35,25
2262,loyal_vip,25.0,mobile_app,2024-07-17,0.85,120
2263,regular,53.0,web,2024-12-12,0.6,55
2264,loyal_vip,36.0,mobile_app,2024-03-14,0.85,120
2265,bargain_hunter,33.0,mobile_app,2024-09-08,0.35,25
2266,regular,54.0,web,2024-11-20,0.6,55
2267,regular,18.0,mobile_app,2024-02-03,0.6,55
2268,regular,18.0,web,2024-04-13,0.6,55
2269,loyal_vip,55.0,mobile_app,2024-07-01,0.85,120
2270,bargain_hunter,35.0,in_store,2024-10-31,0.35,25
2271,one_off,43.0,in_store,2024-07-20,0.1,40
2272,regular,49.0,web,2024-08-26,0.6,55
2273,loyal_vip,52.0,web,2024-05-20,0.85,120
2274,one_off,35.0,mobile_app,2024-08-13,0.1,40
2275,regular,45.0,mobile_app,2024-05-23,0.6,55
2276,regular,37.0,web,2024-03-02,0.6,55
2277,loyal_vip,18.0,web,2024-03-27,0.85,120
2278,regular,49.0,mobile_app,2024-01-05,0.6,55
2279,one_off,37.0,in_store,2024-05-24,0.1,40
2280,bargain_hunter,30.0,mobile_app,2024-12-18,0.35,25
2281,loyal_vip,52.0,web,2024-10-27,0.85,120
2282,loyal_vip,33.0,web,2024-09-11,0.85,120
2283,regular,39.0,mobile_app,2024-12-09,0.6,55
2284,regular,34.0,web,2024-01-15,0.6,55
2285,regular,58.0,mobile_app,2024-04-01,0.6,55
2286,bargain_hunter,36.0,mobile_app,2024-07-30,0.35,25
2287,regular,33.0,mobile_app,2024-04-23,0.6,55
2288,loyal_vip,37.0,web,2024-06-09,0.85,120
2289,regular,48.0,web,2024-10-12,0.6,55
2290,loyal_vip,41.0,web,2024-06-29,0.85,120
2291,bargain_hunter,33.0,mobile_app,2024-09-18,0.35,25
2292,regular,41.0,in_store,2024-08-23,0.6,55
2293,one_off,28.0,web,2024-10-21,0.1,40
2294,bargain_hunter,40.0,mobile_app,2024-07-19,0.35,25
2295,regular,41.0,in_store,2024-02-29,0.6,55
2296,regular,39.0,in_store,2024-09-18,0.6,55
2297,regular,44.0,in_store,2024-05-01,0.6,55
2298,bargain_hunter,30.0,web,2024-04-22,0.35,25
2299,one_off,45.0,web,2024-01-05,0.1,40
2300,bargain_hunter,40.0,mobile_app,2024-11-03,0.35,25
2301,regular,53.0,web,2024-06-12,0.6,55
2302,regular,80.0,web,2024-06-14,0.6,55
2303,bargain_hunter,33.0,web,2024-01-02,0.35,25
2304,bargain_hunter,35.0,mobile_app,2024-10-07,0.35,25
2305,bargain_hunter,46.0,mobile_app,2024-02-11,0.35,25
2306,regular,55.0,web,2024-04-09,0.6,55
2307,regular,66.0,in_store,2024-06-10,0.6,55
2308,regular,25.0,web,2024-09-02,0.6,55
2309,bargain_hunter,66.0,web,2024-04-05,0.35,25
2310,loyal_vip,34.0,in_store,2024-12-03,0.85,120
2311,one_off,40.0,web,2024-06-08,0.1,40
2312,loyal_vip,21.0,web,2024-06-02,0.85,120
2313,regular,34.0,web,2024-08-30,0.6,55
2314,bargain_hunter,41.0,mobile_app,2024-12-12,0.35,25
2315,one_off,57.0,mobile_app,2024-11-15,0.1,40
2316,regular,65.0,web,2024-03-02,0.6,55
2317,regular,55.0,web,2024-06-27,0.6,55
2318,bargain_hunter,59.0,mobile_app,2024-09-21,0.35,25
2319,loyal_vip,18.0,mobile_app,2024-05-02,0.85,120
2320,bargain_hunter,36.0,mobile_app,2024-03-29,0.35,25
2321,loyal_vip,33.0,web,2024-11-17,0.85,120
2322,bargain_hunter,30.0,mobile_app,2024-11-05,0.35,25
2323,bargain_hunter,38.0,web,2024-10-16,0.35,25
2324,regular,49.0,in_store,2024-09-24,0.6,55
2325,bargain_hunter,28.0,mobile_app,2024-09-03,0.35,25
2326,regular,40.0,mobile_app,2024-04-08,0.6,55
2327,regular,40.0,mobile_app,2024-04-08,0.6,55
2328,one_off,64.0,in_store,2024-01-20,0.1,40
2329,regular,54.0,in_store,2024-06-14,0.6,55
2330,regular,25.0,web,2024-05-03,0.6,55
2331,regular,32.0,web,2024-02-21,0.6,55
2332,regular,76.0,in_store,2024-02-25,0.6,55
2333,bargain_hunter,33.0,web,2024-09-13,0.35,25
2334,regular,18.0,web,2024-04-11,0.6,55
2335,regular,35.0,mobile_app,2024-04-07,0.6,55
2336,loyal_vip,49.0,web,2024-03-06,0.85,120
2337,bargain_hunter,36.0,web,2024-07-16,0.35,25
2338,regular,43.0,web,2024-06-26,0.6,55
2339,regular,19.0,in_store,2024-11-04,0.6,55
2340,bargain_hunter,24.0,web,2024-07-11,0.35,25
2341,regular,41.0,web,2024-05-15,0.6,55
2342,loyal_vip,53.0,web,2024-11-16,0.85,120
2343,loyal_vip,42.0,mobile_app,2024-07-17,0.85,120
2344,bargain_hunter,40.0,mobile_app,2024-03-07,0.35,25
2345,regular,28.0,web,2024-04-27,0.6,55
2346,bargain_hunter,34.0,web,2024-06-19,0.35,25
2347,loyal_vip,55.0,web,2024-09-22,0.85,120
2348,bargain_hunter,36.0,in_store,2024-12-31,0.35,25
2349,loyal_vip,36.0,web,2024-05-24,0.85,120
2350,regular,34.0,mobile_app,2024-04-06,0.6,55
2351,bargain_hunter,42.0,web,2024-06-23,0.35,25
2352,bargain_hunter,57.0,web,2024-09-22,0.35,25
2353,regular,36.0,mobile_app,2024-10-18,0.6,55
2354,regular,31.0,mobile_app,2024-10-25,0.6,55
2355,loyal_vip,18.0,mobile_app,2024-04-16,0.85,120
2356,bargain_hunter,37.0,web,2024-04-02,0.35,25
2357,regular,32.0,mobile_app,2024-05-08,0.6,55
2358,bargain_hunter,18.0,mobile_app,2024-08-30,0.35,25
2359,regular,42.0,mobile_app,2024-01-31,0.6,55
2360,regular,41.0,mobile_app,2024-11-09,0.6,55
2361,one_off,42.0,in_store,2024-03-17,0.1,40
2362,regular,28.0,web,2024-10-26,0.6,55
2363,regular,30.0,in_store,2024-08-14,0.6,55
2364,loyal_vip,37.0,web,2024-11-09,0.85,120
2365,bargain_hunter,43.0,web,2024-03-14,0.35,25
2366,regular,51.0,mobile_app,2024-06-12,0.6,55
2367,regular,37.0,mobile_app,2024-04-18,0.6,55
2368,regular,43.0,web,2024-07-26,0.6,55
2369,bargain_hunter,40.0,mobile_app,2024-02-24,0.35,25
2370,bargain_hunter,47.0,mobile_app,2024-01-08,0.35,25
2371,bargain_hunter,31.0,in_store,2024-08-17,0.35,25
2372,bargain_hunter,37.0,mobile_app,2024-04-11,0.35,25
2373,one_off,31.0,web,2024-10-04,0.1,40
2374,regular,37.0,web,2024-12-01,0.6,55
2375,bargain_hunter,34.0,mobile_app,2024-06-02,0.35,25
2376,bargain_hunter,42.0,mobile_app,2024-06-10,0.35,25
2377,regular,28.0,web,2024-06-19,0.6,55
2378,bargain_hunter,,mobile_app,2024-04-17,0.35,25
2379,one_off,39.0,in_store,2024-08-13,0.1,40
2380,regular,26.0,mobile_app,2024-03-27,0.6,55
2381,regular,38.0,mobile_app,2024-08-06,0.6,55
2382,regular,35.0,in_store,2024-04-29,0.6,55
2383,regular,18.0,in_store,2024-04-08,0.6,55
2384,regular,28.0,web,2024-08-04,0.6,55
2385,bargain_hunter,21.0,web,2024-05-12,0.35,25
2386,one_off,20.0,mobile_app,2024-10-24,0.1,40
2387,loyal_vip,59.0,mobile_app,2024-05-28,0.85,120
2388,bargain_hunter,40.0,web,2024-11-25,0.35,25
2389,bargain_hunter,34.0,web,2024-11-16,0.35,25
2390,loyal_vip,20.0,in_store,2024-04-13,0.85,120
2391,bargain_hunter,36.0,in_store,2024-04-22,0.35,25
2392,regular,51.0,web,2024-05-24,0.6,55
2393,bargain_hunter,46.0,web,2024-12-02,0.35,25
2394,loyal_vip,47.0,web,2024-06-01,0.85,120
2395,regular,34.0,web,2024-04-20,0.6,55
2396,regular,18.0,mobile_app,2024-03-06,0.6,55
2397,bargain_hunter,41.0,web,2024-06-09,0.35,25
2398,bargain_hunter,38.0,mobile_app,2024-02-16,0.35,25
2399,bargain_hunter,49.0,web,2024-12-14,0.35,25
2400,loyal_vip,50.0,mobile_app,2024-04-20,0.85,120
2401,regular,54.0,web,2024-09-02,0.6,55
2402,regular,33.0,mobile_app,2024-06-26,0.6,55
2403,loyal_vip,27.0,web,2024-03-15,0.85,120
2404,bargain_hunter,71.0,mobile_app,2024-07-20,0.35,25
2405,regular,27.0,mobile_app,2024-08-03,0.6,55
2406,regular,60.0,web,2024-04-02,0.6,55
2407,loyal_vip,18.0,mobile_app,2024-01-16,0.85,120
2408,regular,37.0,mobile_app,2024-06-09,0.6,55
2409,regular,63.0,web,2024-09-22,0.6,55
2410,bargain_hunter,35.0,mobile_app,2024-12-28,0.35,25
2411,one_off,34.0,in_store,2024-02-11,0.1,40
2412,loyal_vip,33.0,web,2024-04-13,0.85,120
2413,bargain_hunter,40.0,mobile_app,2024-09-14,0.35,25
2414,one_off,,mobile_app,2024-10-20,0.1,40
2415,loyal_vip,59.0,mobile_app,2024-04-19,0.85,120
2416,regular,46.0,in_store,2024-07-06,0.6,55
2417,regular,44.0,in_store,2024-09-16,0.6,55
2418,bargain_hunter,37.0,mobile_app,2024-10-30,0.35,25
2419,bargain_hunter,38.0,web,2024-10-26,0.35,25
2420,regular,43.0,mobile_app,2024-09-12,0.6,55
2421,loyal_vip,62.0,in_store,2024-06-18,0.85,120
2422,bargain_hunter,39.0,web,2024-10-18,0.35,25
2423,regular,44.0,web,2024-07-17,0.6,55
2424,regular,39.0,in_store,2024-10-22,0.6,55
2425,bargain_hunter,32.0,web,2024-04-17,0.35,25
2426,bargain_hunter,52.0,web,2024-12-06,0.35,25
2427,regular,52.0,mobile_app,2024-12-14,0.6,55
2428,bargain_hunter,21.0,mobile_app,2024-03-09,0.35,25
2429,loyal_vip,18.0,mobile_app,2024-02-03,0.85,120
2430,regular,28.0,in_store,2024-07-08,0.6,55
2431,regular,42.0,mobile_app,2024-07-05,0.6,55
2432,loyal_vip,46.0,mobile_app,2024-08-20,0.85,120
2433,bargain_hunter,38.0,mobile_app,2024-11-22,0.35,25
2434,regular,40.0,web,2024-02-16,0.6,55
2435,bargain_hunter,49.0,web,2024-03-21,0.35,25
2436,loyal_vip,27.0,web,2024-10-05,0.85,120
2437,regular,44.0,mobile_app,2024-11-05,0.6,55
2438,regular,47.0,web,2024-12-18,0.6,55
2439,regular,19.0,mobile_app,2024-11-05,0.6,55
2440,loyal_vip,33.0,web,2024-10-24,0.85,120
2441,bargain_hunter,49.0,web,2024-03-07,0.35,25
2442,regular,29.0,web,2024-04-12,0.6,55
2443,loyal_vip,70.0,in_store,2024-05-10,0.85,120
2444,bargain_hunter,53.0,web,2024-02-07,0.35,25
2445,loyal_vip,54.0,mobile_app,2024-07-01,0.85,120
2446,bargain_hunter,30.0,mobile_app,2024-07-19,0.35,25
2447,bargain_hunter,44.0,web,2024-08-13,0.35,25
2448,one_off,44.0,mobile_app,2024-09-10,0.1,40
2449,loyal_vip,54.0,in_store,2024-03-15,0.85,120
2450,bargain_hunter,47.0,web,2024-09-13,0.35,25
2451,bargain_hunter,51.0,in_store,2024-08-18,0.35,25
2452,bargain_hunter,,mobile_app,2024-08-29,0.35,25
2453,regular,30.0,web,2024-11-22,0.6,55
2454,one_off,60.0,mobile_app,2024-12-16,0.1,40
2455,bargain_hunter,54.0,mobile_app,2024-08-08,0.35,25
2456,bargain_hunter,33.0,mobile_app,2024-12-01,0.35,25
2457,regular,24.0,web,2024-06-08,0.6,55
2458,bargain_hunter,38.0,web,2024-01-11,0.35,25
2459,bargain_hunter,43.0,web,2024-11-21,0.35,25
2460,bargain_hunter,37.0,web,2024-07-31,0.35,25
2461,regular,63.0,web,2024-06-06,0.6,55
2462,loyal_vip,18.0,in_store,2024-06-24,0.85,120
2463,regular,43.0,in_store,2024-01-29,0.6,55
2464,regular,21.0,web,2024-05-09,0.6,55
2465,regular,,web,2024-10-23,0.6,55
2466,regular,32.0,web,2024-09-04,0.6,55
2467,regular,57.0,mobile_app,2024-03-24,0.6,55
2468,regular,18.0,mobile_app,2024-06-09,0.6,55
2469,regular,,web,2024-01-03,0.6,55
2470,regular,22.0,in_store,2024-10-14,0.6,55
2471,regular,43.0,web,2024-01-07,0.6,55
2472,one_off,38.0,mobile_app,2024-02-05,0.1,40
2473,regular,66.0,web,2024-08-12,0.6,55
2474,regular,39.0,mobile_app,2024-10-12,0.6,55
2475,one_off,38.0,web,2024-09-24,0.1,40
2476,bargain_hunter,62.0,mobile_app,2024-09-09,0.35,25
2477,regular,39.0,web,2024-07-25,0.6,55
2478,bargain_hunter,18.0,in_store,2024-02-25,0.35,25
2479,regular,33.0,web,2024-03-12,0.6,55
2480,regular,41.0,web,2024-08-16,0.6,55
2481,loyal_vip,65.0,web,2024-05-27,0.85,120
2482,bargain_hunter,50.0,mobile_app,2024-08-24,0.35,25
2483,regular,69.0,web,2024-05-17,0.6,55
2484,one_off,34.0,mobile_app,2024-02-09,0.1,40
2485,bargain_hunter,42.0,mobile_app,2024-06-24,0.35,25
2486,regular,29.0,mobile_app,2024-11-16,0.6,55
2487,bargain_hunter,18.0,mobile_app,2024-03-20,0.35,25
2488,loyal_vip,39.0,mobile_app,2024-11-13,0.85,120
2489,regular,19.0,web,2024-03-18,0.6,55
2490,regular,49.0,web,2024-04-24,0.6,55
2491,bargain_hunter,39.0,in_store,2024-09-10,0.35,25
2492,bargain_hunter,25.0,in_store,2024-08-14,0.35,25
2493,loyal_vip,51.0,web,2024-06-26,0.85,120
2494,bargain_hunter,45.0,mobile_app,2024-09-13,0.35,25
2495,regular,18.0,mobile_app,2024-10-05,0.6,55
2496,regular,18.0,mobile_app,2024-08-06,0.6,55
2497,bargain_hunter,59.0,mobile_app,2024-09-11,0.35,25
2498,regular,32.0,mobile_app,2024-10-25,0.6,55
2499,regular,42.0,mobile_app,2024-02-14,0.6,55
2500,one_off,49.0,in_store,2024-07-20,0.1,40
2501,one_off,57.0,web,2024-10-01,0.1,40
2502,regular,62.0,in_store,2024-07-29,0.6,55
2503,bargain_hunter,29.0,mobile_app,2024-07-03,0.35,25
2504,bargain_hunter,42.0,mobile_app,2024-09-10,0.35,25
2505,bargain_hunter,46.0,mobile_app,2024-07-21,0.35,25
2506,bargain_hunter,31.0,mobile_app,2024-10-02,0.35,25
2507,regular,37.0,mobile_app,2024-01-02,0.6,55
2508,regular,46.0,web,2024-10-02,0.6,55
2509,one_off,18.0,mobile_app,2024-01-08,0.1,40
2510,regular,50.0,mobile_app,2024-02-10,0.6,55
2511,regular,51.0,web,2024-03-05,0.6,55
2512,regular,41.0,in_store,2024-10-23,0.6,55
2513,regular,37.0,in_store,2024-02-06,0.6,55
2514,one_off,36.0,mobile_app,2024-04-13,0.1,40
2515,loyal_vip,55.0,web,2024-03-01,0.85,120
2516,regular,,mobile_app,2024-10-17,0.6,55
2517,loyal_vip,73.0,mobile_app,2024-01-29,0.85,120
2518,one_off,50.0,web,2024-05-26,0.1,40
2519,bargain_hunter,28.0,web,2024-02-23,0.35,25
2520,bargain_hunter,26.0,mobile_app,2024-03-29,0.35,25
2521,regular,23.0,mobile_app,2024-03-03,0.6,55
2522,loyal_vip,58.0,web,2024-10-05,0.85,120
2523,one_off,33.0,web,2024-03-15,0.1,40
2524,bargain_hunter,30.0,web,2024-03-19,0.35,25
2525,bargain_hunter,43.0,web,2024-03-31,0.35,25
2526,bargain_hunter,48.0,mobile_app,2024-09-06,0.35,25
2527,bargain_hunter,18.0,web,2024-10-25,0.35,25
2528,one_off,,mobile_app,2024-05-19,0.1,40
2529,bargain_hunter,31.0,mobile_app,2024-04-24,0.35,25
2530,regular,41.0,mobile_app,2024-03-14,0.6,55
2531,regular,45.0,web,2024-11-07,0.6,55
2532,bargain_hunter,28.0,mobile_app,2024-03-03,0.35,25
2533,regular,37.0,in_store,2024-09-06,0.6,55
2534,regular,75.0,web,2024-05-23,0.6,55
2535,regular,49.0,web,2024-01-26,0.6,55
2536,loyal_vip,52.0,web,2024-08-01,0.85,120
2537,loyal_vip,27.0,web,2024-01-08,0.85,120
2538,loyal_vip,26.0,in_store,2024-12-02,0.85,120
2539,bargain_hunter,36.0,mobile_app,2024-07-18,0.35,25
2540,loyal_vip,53.0,web,2024-02-19,0.85,120
2541,bargain_hunter,35.0,web,2024-07-20,0.35,25
2542,regular,53.0,web,2024-08-06,0.6,55
2543,regular,47.0,mobile_app,2024-12-10,0.6,55
2544,regular,56.0,web,2024-05-22,0.6,55
2545,loyal_vip,45.0,web,2024-06-11,0.85,120
2546,bargain_hunter,38.0,web,2024-08-22,0.35,25
2547,bargain_hunter,49.0,mobile_app,2024-09-26,0.35,25
2548,regular,25.0,mobile_app,2024-06-12,0.6,55
2549,regular,34.0,mobile_app,2024-04-09,0.6,55
2550,regular,39.0,web,2024-09-09,0.6,55
2551,bargain_hunter,38.0,in_store,2024-03-27,0.35,25
2552,loyal_vip,34.0,in_store,2024-11-14,0.85,120
2553,bargain_hunter,54.0,web,2024-11-18,0.35,25
2554,bargain_hunter,49.0,mobile_app,2024-11-01,0.35,25
2555,loyal_vip,40.0,web,2024-09-04,0.85,120
2556,bargain_hunter,44.0,in_store,2024-10-12,0.35,25
2557,loyal_vip,49.0,mobile_app,2024-08-15,0.85,120
2558,regular,18.0,mobile_app,2024-02-06,0.6,55
2559,bargain_hunter,71.0,web,2024-02-24,0.35,25
2560,loyal_vip,40.0,mobile_app,2024-01-12,0.85,120
2561,regular,51.0,mobile_app,2024-08-26,0.6,55
2562,regular,32.0,mobile_app,2024-03-26,0.6,55
2563,regular,47.0,web,2024-07-08,0.6,55
2564,bargain_hunter,63.0,web,2024-05-15,0.35,25
2565,regular,44.0,mobile_app,2024-08-25,0.6,55
2566,regular,52.0,web,2024-02-12,0.6,55
2567,loyal_vip,77.0,in_store,2024-07-06,0.85,120
2568,one_off,51.0,web,2024-08-27,0.1,40
2569,regular,37.0,in_store,2024-01-07,0.6,55
2570,loyal_vip,18.0,web,2024-01-19,0.85,120
2571,bargain_hunter,,web,2024-03-16,0.35,25
2572,regular,52.0,mobile_app,2024-09-01,0.6,55
2573,bargain_hunter,57.0,in_store,2024-08-30,0.35,25
2574,bargain_hunter,39.0,mobile_app,2024-09-25,0.35,25
2575,bargain_hunter,46.0,mobile_app,2024-12-15,0.35,25
2576,regular,43.0,mobile_app,2024-02-28,0.6,55
2577,regular,52.0,web,2024-07-25,0.6,55
2578,bargain_hunter,36.0,web,2024-08-20,0.35,25
2579,bargain_hunter,60.0,web,2024-05-04,0.35,25
2580,one_off,20.0,web,2024-11-27,0.1,40
2581,loyal_vip,41.0,mobile_app,2024-05-27,0.85,120
2582,loyal_vip,42.0,mobile_app,2024-03-22,0.85,120
2583,regular,22.0,mobile_app,2024-04-08,0.6,55
2584,bargain_hunter,60.0,web,2024-01-29,0.35,25
2585,bargain_hunter,18.0,web,2024-07-28,0.35,25
2586,regular,42.0,mobile_app,2024-06-28,0.6,55
2587,regular,,web,2024-09-07,0.6,55
2588,regular,25.0,mobile_app,2024-05-24,0.6,55
2589,bargain_hunter,37.0,in_store,2024-03-19,0.35,25
2590,loyal_vip,33.0,web,2024-06-12,0.85,120
2591,bargain_hunter,46.0,in_store,2024-02-21,0.35,25
2592,regular,53.0,web,2024-08-02,0.6,55
2593,regular,48.0,web,2024-02-03,0.6,55
2594,bargain_hunter,42.0,in_store,2024-07-09,0.35,25
2595,regular,37.0,web,2024-09-26,0.6,55
2596,loyal_vip,69.0,web,2024-06-08,0.85,120
2597,bargain_hunter,42.0,mobile_app,2024-07-10,0.35,25
2598,regular,28.0,web,2024-03-20,0.6,55
2599,regular,57.0,mobile_app,2024-08-24,0.6,55
2600,bargain_hunter,41.0,mobile_app,2024-02-13,0.35,25
2601,bargain_hunter,40.0,web,2024-03-07,0.35,25
2602,loyal_vip,43.0,web,2024-12-31,0.85,120
2603,regular,51.0,web,2024-10-14,0.6,55
2604,bargain_hunter,28.0,web,2024-06-22,0.35,25
2605,loyal_vip,47.0,in_store,2024-11-07,0.85,120
2606,regular,36.0,web,2024-02-09,0.6,55
2607,regular,60.0,in_store,2024-08-19,0.6,55
2608,regular,45.0,mobile_app,2024-10-20,0.6,55
2609,regular,51.0,in_store,2024-10-24,0.6,55
2610,regular,46.0,in_store,2024-07-31,0.6,55
2611,regular,30.0,mobile_app,2024-10-05,0.6,55
2612,bargain_hunter,20.0,mobile_app,2024-07-26,0.35,25
2613,bargain_hunter,31.0,in_store,2024-02-09,0.35,25
2614,bargain_hunter,35.0,mobile_app,2024-10-03,0.35,25
2615,bargain_hunter,68.0,web,2024-03-11,0.35,25
2616,regular,48.0,in_store,2024-02-19,0.6,55
2617,loyal_vip,26.0,web,2024-09-12,0.85,120
2618,bargain_hunter,67.0,in_store,2024-05-16,0.35,25
2619,regular,59.0,in_store,2024-02-15,0.6,55
2620,bargain_hunter,18.0,in_store,2024-01-17,0.35,25
2621,bargain_hunter,54.0,in_store,2024-03-28,0.35,25
2622,regular,33.0,web,2024-12-01,0.6,55
2623,one_off,43.0,web,2024-05-06,0.1,40
2624,loyal_vip,35.0,web,2024-03-08,0.85,120
2625,regular,39.0,web,2024-11-25,0.6,55
2626,bargain_hunter,18.0,mobile_app,2024-05-13,0.35,25
2627,bargain_hunter,49.0,web,2024-08-09,0.35,25
2628,bargain_hunter,29.0,mobile_app,2024-11-02,0.35,25
2629,regular,31.0,web,2024-02-12,0.6,55
2630,regular,59.0,mobile_app,2024-04-09,0.6,55
2631,regular,26.0,in_store,2024-08-31,0.6,55
2632,loyal_vip,37.0,mobile_app,2024-11-16,0.85,120
2633,bargain_hunter,50.0,in_store,2024-04-22,0.35,25
2634,regular,,web,2024-05-22,0.6,55
2635,regular,45.0,web,2024-09-04,0.6,55
2636,bargain_hunter,58.0,web,2024-01-03,0.35,25
2637,regular,32.0,web,2024-07-19,0.6,55
2638,regular,57.0,web,2024-01-10,0.6,55
2639,regular,26.0,mobile_app,2024-11-25,0.6,55
2640,one_off,76.0,mobile_app,2024-09-27,0.1,40
2641,bargain_hunter,44.0,web,2024-09-04,0.35,25
2642,loyal_vip,39.0,web,2024-05-14,0.85,120
2643,bargain_hunter,30.0,web,2024-08-19,0.35,25
2644,regular,73.0,web,2024-09-23,0.6,55
2645,regular,48.0,web,2024-12-09,0.6,55
2646,regular,43.0,web,2024-09-12,0.6,55
2647,loyal_vip,28.0,mobile_app,2024-10-27,0.85,120
2648,regular,22.0,web,2024-10-29,0.6,55
2649,bargain_hunter,27.0,mobile_app,2024-03-08,0.35,25
2650,bargain_hunter,45.0,mobile_app,2024-03-06,0.35,25
2651,bargain_hunter,36.0,web,2024-07-19,0.35,25
2652,bargain_hunter,46.0,mobile_app,2024-08-18,0.35,25
2653,bargain_hunter,59.0,mobile_app,2024-08-01,0.35,25
2654,regular,,web,2024-06-08,0.6,55
2655,loyal_vip,52.0,web,2024-12-07,0.85,120
2656,one_off,43.0,mobile_app,2024-12-23,0.1,40
2657,bargain_hunter,27.0,mobile_app,2024-03-07,0.35,25
2658,bargain_hunter,42.0,mobile_app,2024-03-01,0.35,25
2659,loyal_vip,48.0,mobile_app,2024-10-24,0.85,120
2660,regular,,mobile_app,2024-02-07,0.6,55
2661,loyal_vip,34.0,web,2024-11-07,0.85,120
2662,regular,38.0,web,2024-09-26,0.6,55
2663,loyal_vip,19.0,mobile_app,2024-08-21,0.85,120
2664,bargain_hunter,51.0,web,2024-02-21,0.35,25
2665,bargain_hunter,42.0,mobile_app,2024-05-09,0.35,25
2666,regular,52.0,in_store,2024-05-06,0.6,55
2667,regular,41.0,web,2024-05-11,0.6,55
2668,bargain_hunter,35.0,mobile_app,2024-06-06,0.35,25
2669,loyal_vip,35.0,web,2024-08-15,0.85,120
2670,loyal_vip,31.0,web,2024-04-02,0.85,120
2671,bargain_hunter,18.0,web,2024-11-24,0.35,25
2672,loyal_vip,18.0,mobile_app,2024-01-31,0.85,120
2673,loyal_vip,32.0,mobile_app,2024-06-11,0.85,120
2674,loyal_vip,41.0,mobile_app,2024-04-13,0.85,120
2675,regular,39.0,in_store,2024-05-16,0.6,55
2676,regular,42.0,in_store,2024-04-28,0.6,55
2677,bargain_hunter,31.0,mobile_app,2024-06-14,0.35,25
2678,loyal_vip,34.0,mobile_app,2024-11-14,0.85,120
2679,loyal_vip,35.0,web,2024-08-19,0.85,120
2680,one_off,28.0,in_store,2024-11-08,0.1,40
2681,bargain_hunter,53.0,web,2024-03-13,0.35,25
2682,one_off,18.0,mobile_app,2024-04-15,0.1,40
2683,one_off,50.0,in_store,2024-03-10,0.1,40
2684,bargain_hunter,40.0,web,2024-06-01,0.35,25
2685,loyal_vip,43.0,mobile_app,2024-07-16,0.85,120
2686,bargain_hunter,40.0,mobile_app,2024-01-12,0.35,25
2687,one_off,45.0,web,2024-03-22,0.1,40
2688,regular,42.0,mobile_app,2024-08-01,0.6,55
2689,regular,56.0,web,2024-04-04,0.6,55
2690,regular,33.0,web,2024-05-11,0.6,55
2691,regular,34.0,web,2024-04-15,0.6,55
2692,regular,38.0,web,2024-09-11,0.6,55
2693,regular,31.0,web,2024-05-29,0.6,55
2694,regular,45.0,web,2024-12-21,0.6,55
2695,bargain_hunter,54.0,in_store,2024-03-28,0.35,25
2696,regular,27.0,web,2024-06-21,0.6,55
2697,regular,59.0,web,2024-02-07,0.6,55
2698,regular,65.0,web,2024-06-20,0.6,55
2699,bargain_hunter,20.0,in_store,2024-05-07,0.35,25
2700,loyal_vip,25.0,web,2024-03-09,0.85,120
2701,bargain_hunter,46.0,mobile_app,2024-08-18,0.35,25
2702,bargain_hunter,37.0,mobile_app,2024-10-26,0.35,25
2703,regular,18.0,mobile_app,2024-05-31,0.6,55
2704,regular,22.0,mobile_app,2024-11-06,0.6,55
2705,bargain_hunter,38.0,mobile_app,2024-09-12,0.35,25
2706,regular,39.0,web,2024-11-27,0.6,55
2707,regular,36.0,in_store,2024-01-22,0.6,55
2708,bargain_hunter,57.0,mobile_app,2024-09-03,0.35,25
2709,bargain_hunter,43.0,in_store,2024-12-29,0.35,25
2710,regular,22.0,in_store,2024-05-20,0.6,55
2711,loyal_vip,31.0,web,2024-08-15,0.85,120
2712,loyal_vip,20.0,mobile_app,2024-09-18,0.85,120
2713,regular,45.0,web,2024-04-19,0.6,55
2714,regular,32.0,mobile_app,2024-01-04,0.6,55
2715,one_off,32.0,mobile_app,2024-07-02,0.1,40
2716,bargain_hunter,56.0,web,2024-02-09,0.35,25
2717,loyal_vip,26.0,mobile_app,2024-11-21,0.85,120
2718,regular,50.0,web,2024-11-22,0.6,55
2719,loyal_vip,64.0,web,2024-07-27,0.85,120
2720,regular,61.0,mobile_app,2024-12-23,0.6,55
2721,regular,27.0,in_store,2024-02-02,0.6,55
2722,loyal_vip,33.0,web,2024-01-01,0.85,120
2723,regular,40.0,mobile_app,2024-05-21,0.6,55
2724,loyal_vip,40.0,in_store,2024-07-05,0.85,120
2725,regular,25.0,web,2024-12-03,0.6,55
2726,regular,18.0,web,2024-04-28,0.6,55
2727,regular,64.0,mobile_app,2024-03-24,0.6,55
2728,loyal_vip,40.0,mobile_app,2024-04-05,0.85,120
2729,one_off,22.0,in_store,2024-04-13,0.1,40
2730,regular,49.0,web,2024-05-29,0.6,55
2731,regular,54.0,web,2024-07-06,0.6,55
2732,regular,51.0,mobile_app,2024-09-29,0.6,55
2733,regular,43.0,web,2024-09-24,0.6,55
2734,loyal_vip,48.0,web,2024-04-11,0.85,120
2735,regular,31.0,mobile_app,2024-06-28,0.6,55
2736,bargain_hunter,22.0,mobile_app,2024-02-21,0.35,25
2737,one_off,47.0,web,2024-12-29,0.1,40
2738,loyal_vip,36.0,mobile_app,2024-08-04,0.85,120
2739,regular,39.0,in_store,2024-10-26,0.6,55
2740,regular,23.0,web,2024-03-08,0.6,55
2741,one_off,33.0,mobile_app,2024-06-11,0.1,40
2742,regular,33.0,web,2024-04-03,0.6,55
2743,loyal_vip,30.0,mobile_app,2024-01-25,0.85,120
2744,loyal_vip,35.0,web,2024-05-17,0.85,120
2745,regular,41.0,web,2024-12-10,0.6,55
2746,loyal_vip,37.0,mobile_app,2024-07-18,0.85,120
2747,bargain_hunter,23.0,web,2024-12-31,0.35,25
2748,regular,22.0,web,2024-10-05,0.6,55
2749,regular,18.0,mobile_app,2024-05-24,0.6,55
2750,regular,37.0,web,2024-08-27,0.6,55
2751,bargain_hunter,30.0,mobile_app,2024-08-28,0.35,25
2752,bargain_hunter,39.0,web,2024-07-02,0.35,25
2753,regular,33.0,mobile_app,2024-10-28,0.6,55
2754,one_off,30.0,mobile_app,2024-07-08,0.1,40
2755,bargain_hunter,47.0,web,2024-04-24,0.35,25
2756,regular,58.0,mobile_app,2024-06-10,0.6,55
2757,bargain_hunter,45.0,web,2024-11-20,0.35,25
2758,regular,30.0,web,2024-12-06,0.6,55
2759,loyal_vip,52.0,mobile_app,2024-07-09,0.85,120
2760,regular,61.0,mobile_app,2024-10-18,0.6,55
2761,one_off,46.0,web,2024-08-26,0.1,40
2762,regular,18.0,web,2024-03-10,0.6,55
2763,bargain_hunter,45.0,web,2024-06-20,0.35,25
2764,regular,18.0,web,2024-07-31,0.6,55
2765,bargain_hunter,37.0,mobile_app,2024-05-09,0.35,25
2766,one_off,56.0,mobile_app,2024-09-15,0.1,40
2767,regular,42.0,web,2024-11-25,0.6,55
2768,regular,43.0,web,2024-04-25,0.6,55
2769,regular,56.0,web,2024-09-03,0.6,55
2770,bargain_hunter,31.0,in_store,2024-12-18,0.35,25
2771,one_off,41.0,mobile_app,2024-12-14,0.1,40
2772,regular,18.0,web,2024-02-05,0.6,55
2773,bargain_hunter,45.0,mobile_app,2024-01-18,0.35,25
2774,bargain_hunter,27.0,web,2024-01-21,0.35,25
2775,bargain_hunter,35.0,mobile_app,2024-08-20,0.35,25
2776,one_off,32.0,mobile_app,2024-01-11,0.1,40
2777,one_off,42.0,web,2024-04-27,0.1,40
2778,bargain_hunter,24.0,web,2024-08-16,0.35,25
2779,bargain_hunter,38.0,mobile_app,2024-06-29,0.35,25
2780,regular,50.0,in_store,2024-02-04,0.6,55
2781,regular,18.0,mobile_app,2024-09-03,0.6,55
2782,bargain_hunter,47.0,mobile_app,2024-03-23,0.35,25
2783,one_off,65.0,mobile_app,2024-09-28,0.1,40
2784,regular,18.0,mobile_app,2024-09-29,0.6,55
2785,regular,32.0,in_store,2024-01-31,0.6,55
2786,loyal_vip,45.0,web,2024-02-01,0.85,120
2787,bargain_hunter,61.0,mobile_app,2024-06-07,0.35,25
2788,loyal_vip,56.0,in_store,2024-03-23,0.85,120
2789,regular,43.0,mobile_app,2024-03-10,0.6,55
2790,bargain_hunter,32.0,mobile_app,2024-01-11,0.35,25
2791,bargain_hunter,59.0,mobile_app,2024-07-31,0.35,25
2792,regular,37.0,web,2024-05-15,0.6,55
2793,regular,26.0,in_store,2024-05-13,0.6,55
2794,one_off,67.0,mobile_app,2024-11-04,0.1,40
2795,regular,46.0,mobile_app,2024-01-25,0.6,55
2796,regular,50.0,mobile_app,2024-09-15,0.6,55
2797,regular,62.0,mobile_app,2024-10-17,0.6,55
2798,bargain_hunter,24.0,mobile_app,2024-05-25,0.35,25
2799,one_off,48.0,mobile_app,2024-08-05,0.1,40
2800,one_off,29.0,web,2024-04-10,0.1,40
2801,regular,61.0,web,2024-03-29,0.6,55
2802,bargain_hunter,,web,2024-11-29,0.35,25
2803,regular,48.0,in_store,2024-03-03,0.6,55
2804,bargain_hunter,18.0,mobile_app,2024-10-15,0.35,25
2805,bargain_hunter,43.0,mobile_app,2024-01-15,0.35,25
2806,regular,49.0,mobile_app,2024-03-14,0.6,55
2807,regular,51.0,mobile_app,2024-06-27,0.6,55
2808,bargain_hunter,38.0,mobile_app,2024-10-13,0.35,25
2809,bargain_hunter,43.0,mobile_app,2024-12-15,0.35,25
2810,bargain_hunter,51.0,web,2024-07-06,0.35,25
2811,regular,47.0,web,2024-07-24,0.6,55
2812,bargain_hunter,26.0,in_store,2024-04-02,0.35,25
2813,regular,48.0,mobile_app,2024-10-13,0.6,55
2814,one_off,53.0,mobile_app,2024-08-09,0.1,40
2815,one_off,61.0,web,2024-12-05,0.1,40
2816,regular,49.0,mobile_app,2024-01-25,0.6,55
2817,one_off,41.0,mobile_app,2024-02-18,0.1,40
2818,regular,44.0,mobile_app,2024-12-15,0.6,55
2819,bargain_hunter,44.0,mobile_app,2024-11-05,0.35,25
2820,bargain_hunter,20.0,web,2024-03-02,0.35,25
2821,bargain_hunter,25.0,web,2024-03-31,0.35,25
2822,one_off,50.0,web,2024-08-13,0.1,40
2823,loyal_vip,24.0,web,2024-04-22,0.85,120
2824,regular,62.0,web,2024-05-26,0.6,55
2825,regular,44.0,in_store,2024-03-20,0.6,55
2826,regular,53.0,web,2024-09-27,0.6,55
2827,one_off,31.0,mobile_app,2024-12-12,0.1,40
2828,regular,21.0,in_store,2024-12-11,0.6,55
2829,regular,39.0,mobile_app,2024-09-29,0.6,55
2830,bargain_hunter,18.0,web,2024-06-19,0.35,25
2831,regular,51.0,web,2024-02-10,0.6,55
2832,bargain_hunter,35.0,web,2024-04-19,0.35,25
2833,regular,61.0,web,2024-02-18,0.6,55
2834,regular,48.0,in_store,2024-01-28,0.6,55
2835,regular,39.0,in_store,2024-04-08,0.6,55
2836,one_off,57.0,in_store,2024-09-24,0.1,40
2837,bargain_hunter,63.0,web,2024-06-03,0.35,25
2838,bargain_hunter,31.0,in_store,2024-12-16,0.35,25
2839,one_off,49.0,mobile_app,2024-03-08,0.1,40
2840,regular,30.0,mobile_app,2024-12-13,0.6,55
2841,bargain_hunter,55.0,mobile_app,2024-11-15,0.35,25
2842,regular,49.0,web,2024-05-19,0.6,55
2843,regular,39.0,web,2024-12-16,0.6,55
2844,regular,48.0,web,2024-11-21,0.6,55
2845,one_off,38.0,web,2024-03-25,0.1,40
2846,one_off,42.0,mobile_app,2024-11-10,0.1,40
2847,regular,,web,2024-08-05,0.6,55
2848,regular,26.0,in_store,2024-08-14,0.6,55
2849,loyal_vip,26.0,web,2024-10-31,0.85,120
2850,one_off,51.0,mobile_app,2024-08-09,0.1,40
2851,bargain_hunter,52.0,web,2024-04-08,0.35,25
2852,one_off,52.0,mobile_app,2024-02-07,0.1,40
2853,one_off,54.0,web,2024-11-26,0.1,40
2854,regular,35.0,web,2024-12-18,0.6,55
2855,regular,63.0,in_store,2024-05-26,0.6,55
2856,bargain_hunter,19.0,web,2024-10-25,0.35,25
2857,bargain_hunter,30.0,web,2024-07-25,0.35,25
2858,bargain_hunter,41.0,mobile_app,2024-06-10,0.35,25
2859,regular,47.0,mobile_app,2024-03-25,0.6,55
2860,regular,38.0,web,2024-05-15,0.6,55
2861,bargain_hunter,34.0,web,2024-10-10,0.35,25
2862,loyal_vip,60.0,mobile_app,2024-08-03,0.85,120
2863,one_off,39.0,mobile_app,2024-11-16,0.1,40
2864,bargain_hunter,47.0,mobile_app,2024-11-06,0.35,25
2865,loyal_vip,44.0,mobile_app,2024-11-05,0.85,120
2866,bargain_hunter,23.0,in_store,2024-02-02,0.35,25
2867,bargain_hunter,34.0,web,2024-07-16,0.35,25
2868,regular,43.0,web,2024-06-20,0.6,55
2869,regular,54.0,mobile_app,2024-04-30,0.6,55
2870,bargain_hunter,55.0,web,2024-03-31,0.35,25
2871,loyal_vip,57.0,web,2024-09-13,0.85,120
2872,regular,27.0,mobile_app,2024-10-29,0.6,55
2873,bargain_hunter,46.0,web,2024-01-07,0.35,25
2874,bargain_hunter,44.0,web,2024-05-11,0.35,25
2875,regular,64.0,web,2024-02-01,0.6,55
2876,regular,46.0,mobile_app,2024-04-07,0.6,55
2877,bargain_hunter,51.0,mobile_app,2024-06-03,0.35,25
2878,loyal_vip,22.0,web,2024-05-16,0.85,120
2879,regular,48.0,in_store,2024-11-26,0.6,55
2880,bargain_hunter,29.0,in_store,2024-10-01,0.35,25
2881,regular,40.0,web,2024-03-14,0.6,55
2882,bargain_hunter,42.0,mobile_app,2024-01-05,0.35,25
2883,bargain_hunter,40.0,mobile_app,2024-01-20,0.35,25
2884,bargain_hunter,34.0,mobile_app,2024-09-16,0.35,25
2885,regular,33.0,mobile_app,2024-12-03,0.6,55
2886,loyal_vip,60.0,web,2024-03-20,0.85,120
2887,regular,49.0,web,2024-08-26,0.6,55
2888,regular,39.0,web,2024-10-18,0.6,55
2889,regular,19.0,mobile_app,2024-03-12,0.6,55
2890,bargain_hunter,31.0,mobile_app,2024-09-11,0.35,25
2891,one_off,18.0,mobile_app,2024-02-09,0.1,40
2892,regular,27.0,web,2024-03-28,0.6,55
2893,regular,46.0,web,2024-07-30,0.6,55
2894,loyal_vip,31.0,mobile_app,2024-03-16,0.85,120
2895,bargain_hunter,38.0,mobile_app,2024-06-18,0.35,25
2896,bargain_hunter,36.0,web,2024-08-21,0.35,25
2897,regular,31.0,in_store,2024-08-18,0.6,55
2898,regular,58.0,mobile_app,2024-10-21,0.6,55
2899,bargain_hunter,37.0,mobile_app,2024-10-04,0.35,25
2900,bargain_hunter,63.0,web,2024-09-30,0.35,25
2901,bargain_hunter,39.0,web,2024-01-02,0.35,25
2902,regular,41.0,mobile_app,2024-11-11,0.6,55
2903,regular,48.0,mobile_app,2024-04-12,0.6,55
2904,loyal_vip,47.0,web,2024-06-17,0.85,120
2905,bargain_hunter,54.0,mobile_app,2024-06-07,0.35,25
2906,bargain_hunter,61.0,web,2024-05-16,0.35,25
2907,regular,42.0,web,2024-07-12,0.6,55
2908,bargain_hunter,39.0,web,2024-05-31,0.35,25
2909,regular,18.0,mobile_app,2024-02-05,0.6,55
2910,loyal_vip,37.0,in_store,2024-02-25,0.85,120
2911,regular,20.0,mobile_app,2024-02-18,0.6,55
2912,regular,18.0,web,2024-11-08,0.6,55
2913,bargain_hunter,34.0,web,2024-11-17,0.35,25
2914,regular,37.0,mobile_app,2024-08-26,0.6,55
2915,regular,48.0,mobile_app,2024-11-28,0.6,55
2916,one_off,41.0,web,2024-07-06,0.1,40
2917,bargain_hunter,39.0,mobile_app,2024-04-17,0.35,25
2918,loyal_vip,42.0,mobile_app,2024-09-17,0.85,120
2919,regular,41.0,mobile_app,2024-10-10,0.6,55
2920,one_off,45.0,in_store,2024-07-22,0.1,40
2921,bargain_hunter,31.0,web,2024-02-16,0.35,25
2922,regular,32.0,mobile_app,2024-02-12,0.6,55
2923,one_off,45.0,mobile_app,2024-05-31,0.1,40
2924,bargain_hunter,55.0,web,2024-01-18,0.35,25
2925,regular,49.0,web,2024-12-15,0.6,55
2926,bargain_hunter,23.0,mobile_app,2024-04-07,0.35,25
2927,regular,62.0,mobile_app,2024-04-22,0.6,55
2928,regular,28.0,web,2024-11-13,0.6,55
2929,loyal_vip,39.0,web,2024-04-05,0.85,120
2930,regular,49.0,web,2024-08-24,0.6,55
2931,one_off,40.0,web,2024-05-24,0.1,40
2932,regular,37.0,web,2024-02-16,0.6,55
2933,bargain_hunter,49.0,mobile_app,2024-11-13,0.35,25
2934,regular,38.0,web,2024-11-27,0.6,55
2935,loyal_vip,39.0,mobile_app,2024-12-15,0.85,120
2936,bargain_hunter,24.0,mobile_app,2024-01-11,0.35,25
2937,loyal_vip,30.0,web,2024-01-22,0.85,120
2938,regular,36.0,mobile_app,2024-02-19,0.6,55
2939,bargain_hunter,63.0,mobile_app,2024-03-16,0.35,25
2940,regular,37.0,mobile_app,2024-05-16,0.6,55
2941,bargain_hunter,,mobile_app,2024-01-01,0.35,25
2942,bargain_hunter,49.0,mobile_app,2024-12-12,0.35,25
2943,bargain_hunter,37.0,web,2024-06-13,0.35,25
2944,loyal_vip,61.0,web,2024-01-21,0.85,120
2945,bargain_hunter,46.0,mobile_app,2024-12-30,0.35,25
2946,one_off,45.0,mobile_app,2024-09-18,0.1,40
2947,regular,30.0,mobile_app,2024-01-25,0.6,55
2948,regular,18.0,web,2024-02-20,0.6,55
2949,regular,58.0,web,2024-03-31,0.6,55
2950,regular,45.0,web,2024-02-02,0.6,55
2951,regular,32.0,mobile_app,2024-12-31,0.6,55
2952,bargain_hunter,43.0,mobile_app,2024-05-12,0.35,25
2953,loyal_vip,23.0,mobile_app,2024-04-02,0.85,120
2954,regular,63.0,web,2024-01-03,0.6,55
2955,bargain_hunter,49.0,web,2024-06-08,0.35,25
2956,bargain_hunter,22.0,web,2024-12-30,0.35,25
2957,regular,40.0,mobile_app,2024-01-11,0.6,55
2958,regular,23.0,mobile_app,2024-06-26,0.6,55
2959,bargain_hunter,42.0,web,2024-11-08,0.35,25
2960,loyal_vip,35.0,mobile_app,2024-08-31,0.85,120
2961,bargain_hunter,42.0,web,2024-11-21,0.35,25
2962,bargain_hunter,45.0,web,2024-04-22,0.35,25
2963,bargain_hunter,38.0,web,2024-06-20,0.35,25
2964,one_off,51.0,web,2024-02-17,0.1,40
2965,regular,34.0,web,2024-09-19,0.6,55
2966,regular,55.0,web,2024-01-20,0.6,55
2967,regular,32.0,web,2024-09-14,0.6,55
2968,loyal_vip,42.0,mobile_app,2024-01-18,0.85,120
2969,regular,41.0,web,2024-01-12,0.6,55
2970,bargain_hunter,54.0,in_store,2024-01-26,0.35,25
2971,bargain_hunter,73.0,web,2024-02-07,0.35,25
2972,one_off,61.0,web,2024-11-29,0.1,40
2973,regular,30.0,web,2024-01-22,0.6,55
2974,bargain_hunter,33.0,web,2024-05-19,0.35,25
2975,regular,43.0,web,2024-09-11,0.6,55
2976,loyal_vip,48.0,mobile_app,2024-01-11,0.85,120
2977,bargain_hunter,30.0,web,2024-11-29,0.35,25
2978,regular,25.0,mobile_app,2024-11-23,0.6,55
2979,one_off,28.0,web,2024-02-01,0.1,40
2980,regular,37.0,web,2024-03-16,0.6,55
2981,one_off,33.0,in_store,2024-05-24,0.1,40
2982,regular,50.0,in_store,2024-09-01,0.6,55
2983,regular,46.0,web,2024-03-29,0.6,55
2984,bargain_hunter,50.0,in_store,2024-01-01,0.35,25
2985,loyal_vip,30.0,mobile_app,2024-06-10,0.85,120
2986,bargain_hunter,49.0,mobile_app,2024-06-05,0.35,25
2987,loyal_vip,44.0,web,2024-09-28,0.85,120
2988,bargain_hunter,26.0,web,2024-12-05,0.35,25
2989,loyal_vip,27.0,in_store,2024-12-11,0.85,120
2990,regular,43.0,mobile_app,2024-05-15,0.6,55
2991,regular,29.0,mobile_app,2024-09-29,0.6,55
2992,loyal_vip,40.0,web,2024-05-20,0.85,120
2993,regular,48.0,mobile_app,2024-09-10,0.6,55
2994,regular,18.0,web,2024-10-15,0.6,55
2995,one_off,45.0,in_store,2024-08-28,0.1,40
2996,loyal_vip,37.0,web,2024-09-20,0.85,120
2997,bargain_hunter,31.0,mobile_app,2024-08-04,0.35,25
2998,regular,44.0,mobile_app,2024-12-21,0.6,55
2999,regular,29.0,mobile_app,2024-10-24,0.6,55
3000,bargain_hunter,34.0,web,2024-06-04,0.35,25
3001,bargain_hunter,46.0,mobile_app,2024-06-05,0.35,25
3002,regular,50.0,mobile_app,2024-06-29,0.6,55
3003,regular,51.0,web,2024-10-30,0.6,55
3004,bargain_hunter,52.0,web,2024-02-06,0.35,25
3005,regular,48.0,web,2024-10-24,0.6,55
3006,loyal_vip,18.0,web,2024-01-02,0.85,120
3007,one_off,33.0,web,2024-11-04,0.1,40
3008,regular,36.0,in_store,2024-09-11,0.6,55
3009,bargain_hunter,18.0,mobile_app,2024-02-04,0.35,25
3010,regular,39.0,web,2024-10-12,0.6,55
3011,regular,44.0,web,2024-12-02,0.6,55
3012,loyal_vip,53.0,web,2024-09-25,0.85,120
3013,regular,46.0,web,2024-01-02,0.6,55
3014,loyal_vip,32.0,web,2024-04-13,0.85,120
3015,regular,44.0,web,2024-09-15,0.6,55
3016,one_off,37.0,web,2024-06-17,0.1,40
3017,bargain_hunter,54.0,in_store,2024-12-27,0.35,25
3018,regular,43.0,mobile_app,2024-04-23,0.6,55
3019,bargain_hunter,26.0,in_store,2024-04-02,0.35,25
3020,regular,32.0,mobile_app,2024-08-08,0.6,55
3021,loyal_vip,67.0,in_store,2024-05-02,0.85,120
3022,loyal_vip,,web,2024-10-22,0.85,120
3023,regular,74.0,mobile_app,2024-06-16,0.6,55
3024,bargain_hunter,33.0,web,2024-11-17,0.35,25
3025,regular,,mobile_app,2024-07-21,0.6,55
3026,regular,44.0,web,2024-10-22,0.6,55
3027,regular,18.0,mobile_app,2024-06-26,0.6,55
3028,regular,53.0,web,2024-12-07,0.6,55
3029,regular,31.0,web,2024-10-10,0.6,55
3030,regular,58.0,web,2024-01-24,0.6,55
3031,bargain_hunter,50.0,mobile_app,2024-05-11,0.35,25
3032,regular,43.0,mobile_app,2024-02-15,0.6,55
3033,regular,37.0,mobile_app,2024-06-07,0.6,55
3034,one_off,39.0,web,2024-02-10,0.1,40
3035,regular,55.0,in_store,2024-10-18,0.6,55
3036,bargain_hunter,55.0,web,2024-07-10,0.35,25
3037,bargain_hunter,50.0,web,2024-04-04,0.35,25
3038,regular,34.0,web,2024-04-09,0.6,55
3039,regular,41.0,web,2024-10-02,0.6,55
3040,regular,33.0,mobile_app,2024-10-12,0.6,55
3041,bargain_hunter,50.0,mobile_app,2024-01-01,0.35,25
3042,bargain_hunter,42.0,mobile_app,2024-09-01,0.35,25
3043,regular,48.0,web,2024-07-19,0.6,55
3044,one_off,37.0,mobile_app,2024-02-04,0.1,40
3045,bargain_hunter,38.0,in_store,2024-03-31,0.35,25
3046,regular,36.0,web,2024-06-20,0.6,55
3047,regular,39.0,web,2024-12-22,0.6,55
3048,regular,43.0,mobile_app,2024-09-05,0.6,55
3049,bargain_hunter,46.0,in_store,2024-01-02,0.35,25
3050,one_off,,mobile_app,2024-10-25,0.1,40
3051,regular,46.0,in_store,2024-11-22,0.6,55
3052,one_off,18.0,mobile_app,2024-01-09,0.1,40
3053,regular,20.0,mobile_app,2024-10-18,0.6,55
3054,one_off,20.0,web,2024-08-24,0.1,40
3055,regular,47.0,web,2024-10-06,0.6,55
3056,one_off,32.0,mobile_app,2024-01-03,0.1,40
3057,bargain_hunter,43.0,in_store,2024-11-29,0.35,25
3058,loyal_vip,51.0,web,2024-02-20,0.85,120
3059,bargain_hunter,35.0,web,2024-10-02,0.35,25
3060,bargain_hunter,29.0,web,2024-01-16,0.35,25
3061,regular,32.0,web,2024-03-20,0.6,55
3062,regular,59.0,web,2024-06-21,0.6,55
3063,regular,41.0,mobile_app,2024-03-06,0.6,55
3064,bargain_hunter,36.0,web,2024-10-29,0.35,25
3065,bargain_hunter,46.0,web,2024-12-06,0.35,25
3066,bargain_hunter,62.0,web,2024-06-15,0.35,25
3067,regular,56.0,web,2024-02-24,0.6,55
3068,one_off,41.0,web,2024-06-06,0.1,40
3069,bargain_hunter,51.0,mobile_app,2024-11-20,0.35,25
3070,loyal_vip,42.0,web,2024-12-09,0.85,120
3071,regular,48.0,web,2024-05-22,0.6,55
3072,bargain_hunter,41.0,mobile_app,2024-03-12,0.35,25
3073,one_off,44.0,web,2024-04-12,0.1,40
3074,one_off,42.0,web,2024-03-28,0.1,40
3075,bargain_hunter,31.0,web,2024-07-21,0.35,25
3076,bargain_hunter,55.0,web,2024-06-12,0.35,25
3077,bargain_hunter,44.0,in_store,2024-12-15,0.35,25
3078,bargain_hunter,55.0,mobile_app,2024-12-20,0.35,25
3079,one_off,,web,2024-01-01,0.1,40
3080,bargain_hunter,38.0,mobile_app,2024-04-16,0.35,25
3081,regular,31.0,mobile_app,2024-11-19,0.6,55
3082,bargain_hunter,36.0,mobile_app,2024-12-19,0.35,25
3083,bargain_hunter,67.0,web,2024-11-25,0.35,25
3084,regular,44.0,in_store,2024-06-19,0.6,55
3085,regular,43.0,mobile_app,2024-06-26,0.6,55
3086,bargain_hunter,35.0,mobile_app,2024-07-22,0.35,25
3087,regular,23.0,mobile_app,2024-11-14,0.6,55
3088,loyal_vip,53.0,mobile_app,2024-06-28,0.85,120
3089,loyal_vip,38.0,mobile_app,2024-07-09,0.85,120
3090,one_off,29.0,web,2024-08-08,0.1,40
3091,loyal_vip,51.0,web,2024-03-19,0.85,120
3092,regular,65.0,mobile_app,2024-08-12,0.6,55
3093,loyal_vip,38.0,mobile_app,2024-08-22,0.85,120
3094,regular,61.0,mobile_app,2024-08-30,0.6,55
3095,regular,47.0,in_store,2024-11-12,0.6,55
3096,bargain_hunter,53.0,mobile_app,2024-03-29,0.35,25
3097,regular,36.0,mobile_app,2024-06-23,0.6,55
3098,bargain_hunter,29.0,web,2024-01-23,0.35,25
3099,regular,64.0,web,2024-12-31,0.6,55
3100,regular,28.0,mobile_app,2024-05-28,0.6,55
3101,bargain_hunter,41.0,mobile_app,2024-03-08,0.35,25
3102,bargain_hunter,46.0,web,2024-07-02,0.35,25
3103,one_off,31.0,mobile_app,2024-05-10,0.1,40
3104,regular,57.0,web,2024-02-21,0.6,55
3105,bargain_hunter,63.0,web,2024-11-08,0.35,25
3106,loyal_vip,42.0,web,2024-07-21,0.85,120
3107,bargain_hunter,21.0,mobile_app,2024-01-21,0.35,25
3108,bargain_hunter,24.0,mobile_app,2024-06-09,0.35,25
3109,one_off,18.0,mobile_app,2024-03-13,0.1,40
3110,regular,46.0,mobile_app,2024-11-01,0.6,55
3111,bargain_hunter,37.0,in_store,2024-03-16,0.35,25
3112,regular,39.0,mobile_app,2024-11-26,0.6,55
3113,regular,36.0,mobile_app,2024-10-07,0.6,55
3114,one_off,29.0,web,2024-05-28,0.1,40
3115,regular,61.0,web,2024-06-21,0.6,55
3116,regular,38.0,mobile_app,2024-02-23,0.6,55
3117,regular,51.0,mobile_app,2024-07-30,0.6,55
3118,regular,18.0,mobile_app,2024-11-21,0.6,55
3119,regular,62.0,mobile_app,2024-04-04,0.6,55
3120,loyal_vip,41.0,in_store,2024-06-07,0.85,120
3121,bargain_hunter,24.0,mobile_app,2024-06-23,0.35,25
3122,bargain_hunter,34.0,in_store,2024-07-14,0.35,25
3123,bargain_hunter,26.0,mobile_app,2024-01-10,0.35,25
3124,one_off,18.0,web,2024-07-01,0.1,40
3125,loyal_vip,35.0,web,2024-02-24,0.85,120
3126,loyal_vip,26.0,web,2024-08-19,0.85,120
3127,regular,39.0,mobile_app,2024-10-02,0.6,55
3128,loyal_vip,52.0,web,2024-11-28,0.85,120
3129,loyal_vip,28.0,mobile_app,2024-04-29,0.85,120
3130,regular,46.0,web,2024-06-02,0.6,55
3131,bargain_hunter,31.0,mobile_app,2024-03-28,0.35,25
3132,loyal_vip,57.0,web,2024-08-21,0.85,120
3133,regular,68.0,web,2024-06-25,0.6,55
3134,bargain_hunter,45.0,mobile_app,2024-01-17,0.35,25
3135,regular,49.0,web,2024-01-26,0.6,55
3136,bargain_hunter,24.0,mobile_app,2024-05-01,0.35,25
3137,one_off,18.0,web,2024-05-26,0.1,40
3138,bargain_hunter,56.0,mobile_app,2024-09-29,0.35,25
3139,regular,60.0,web,2024-12-26,0.6,55
3140,loyal_vip,40.0,mobile_app,2024-04-27,0.85,120
3141,bargain_hunter,18.0,web,2024-06-14,0.35,25
3142,loyal_vip,66.0,mobile_app,2024-04-01,0.85,120
3143,regular,52.0,web,2024-12-20,0.6,55
3144,bargain_hunter,49.0,mobile_app,2024-06-01,0.35,25
3145,regular,50.0,web,2024-07-16,0.6,55
3146,bargain_hunter,39.0,web,2024-09-24,0.35,25
3147,regular,59.0,mobile_app,2024-05-05,0.6,55
3148,regular,28.0,mobile_app,2024-04-23,0.6,55
3149,bargain_hunter,42.0,mobile_app,2024-11-19,0.35,25
3150,regular,34.0,web,2024-12-04,0.6,55
3151,regular,28.0,in_store,2024-04-19,0.6,55
3152,loyal_vip,68.0,mobile_app,2024-05-29,0.85,120
3153,regular,56.0,web,2024-05-25,0.6,55
3154,regular,18.0,mobile_app,2024-11-20,0.6,55
3155,bargain_hunter,38.0,web,2024-01-01,0.35,25
3156,loyal_vip,32.0,in_store,2024-08-27,0.85,120
3157,loyal_vip,59.0,mobile_app,2024-01-06,0.85,120
3158,bargain_hunter,34.0,web,2024-05-11,0.35,25
3159,regular,37.0,web,2024-06-13,0.6,55
3160,bargain_hunter,43.0,mobile_app,2024-12-22,0.35,25
3161,bargain_hunter,35.0,web,2024-11-28,0.35,25
3162,loyal_vip,,mobile_app,2024-04-24,0.85,120
3163,loyal_vip,54.0,mobile_app,2024-10-07,0.85,120
3164,regular,20.0,web,2024-07-20,0.6,55
3165,bargain_hunter,40.0,web,2024-08-08,0.35,25
3166,bargain_hunter,37.0,mobile_app,2024-03-30,0.35,25
3167,bargain_hunter,51.0,mobile_app,2024-06-08,0.35,25
3168,bargain_hunter,41.0,web,2024-07-15,0.35,25
3169,bargain_hunter,38.0,web,2024-09-29,0.35,25
3170,bargain_hunter,34.0,web,2024-09-09,0.35,25
3171,regular,60.0,web,2024-02-16,0.6,55
3172,regular,38.0,in_store,2024-09-06,0.6,55
3173,loyal_vip,19.0,in_store,2024-07-29,0.85,120
3174,regular,18.0,mobile_app,2024-08-28,0.6,55
3175,regular,50.0,in_store,2024-03-15,0.6,55
3176,regular,44.0,mobile_app,2024-11-26,0.6,55
3177,loyal_vip,35.0,web,2024-08-25,0.85,120
3178,bargain_hunter,45.0,web,2024-03-12,0.35,25
3179,bargain_hunter,22.0,mobile_app,2024-07-01,0.35,25
3180,bargain_hunter,18.0,in_store,2024-10-07,0.35,25
3181,bargain_hunter,27.0,mobile_app,2024-11-03,0.35,25
3182,regular,,mobile_app,2024-06-09,0.6,55
3183,regular,52.0,web,2024-09-17,0.6,55
3184,bargain_hunter,37.0,web,2024-09-09,0.35,25
3185,regular,52.0,web,2024-05-26,0.6,55
3186,bargain_hunter,51.0,in_store,2024-02-27,0.35,25
3187,bargain_hunter,37.0,web,2024-03-07,0.35,25
3188,regular,52.0,web,2024-05-10,0.6,55
3189,bargain_hunter,29.0,web,2024-01-31,0.35,25
3190,loyal_vip,52.0,mobile_app,2024-07-10,0.85,120
3191,one_off,45.0,web,2024-11-03,0.1,40
3192,regular,42.0,web,2024-06-14,0.6,55
3193,bargain_hunter,36.0,mobile_app,2024-10-18,0.35,25
3194,regular,27.0,web,2024-04-12,0.6,55
3195,loyal_vip,63.0,web,2024-10-09,0.85,120
3196,bargain_hunter,18.0,mobile_app,2024-05-02,0.35,25
3197,bargain_hunter,39.0,web,2024-12-29,0.35,25
3198,regular,41.0,in_store,2024-10-21,0.6,55
3199,bargain_hunter,48.0,web,2024-03-28,0.35,25
3200,loyal_vip,53.0,web,2024-09-26,0.85,120
3201,bargain_hunter,18.0,web,2024-11-20,0.35,25
3202,regular,74.0,web,2024-02-12,0.6,55
3203,bargain_hunter,58.0,mobile_app,2024-05-02,0.35,25
3204,regular,41.0,mobile_app,2024-03-28,0.6,55
3205,one_off,47.0,in_store,2024-01-11,0.1,40
3206,regular,25.0,mobile_app,2024-03-31,0.6,55
3207,bargain_hunter,29.0,web,2024-03-20,0.35,25
3208,bargain_hunter,44.0,mobile_app,2024-05-05,0.35,25
3209,bargain_hunter,26.0,in_store,2024-11-02,0.35,25
3210,bargain_hunter,37.0,web,2024-07-08,0.35,25
3211,bargain_hunter,41.0,web,2024-01-30,0.35,25
3212,bargain_hunter,54.0,in_store,2024-10-21,0.35,25
3213,regular,32.0,mobile_app,2024-10-12,0.6,55
3214,bargain_hunter,35.0,mobile_app,2024-03-21,0.35,25
3215,bargain_hunter,35.0,in_store,2024-04-26,0.35,25
3216,bargain_hunter,36.0,mobile_app,2024-07-09,0.35,25
3217,regular,29.0,mobile_app,2024-11-15,0.6,55
3218,bargain_hunter,56.0,mobile_app,2024-11-11,0.35,25
3219,regular,40.0,web,2024-10-30,0.6,55
3220,one_off,63.0,web,2024-11-06,0.1,40
3221,one_off,37.0,mobile_app,2024-09-12,0.1,40
3222,bargain_hunter,75.0,mobile_app,2024-01-25,0.35,25
3223,bargain_hunter,45.0,mobile_app,2024-05-20,0.35,25
3224,bargain_hunter,34.0,in_store,2024-02-25,0.35,25
3225,loyal_vip,53.0,web,2024-12-07,0.85,120
3226,loyal_vip,38.0,mobile_app,2024-02-09,0.85,120
3227,bargain_hunter,54.0,mobile_app,2024-03-06,0.35,25
3228,bargain_hunter,49.0,mobile_app,2024-05-07,0.35,25
3229,loyal_vip,46.0,mobile_app,2024-12-21,0.85,120
3230,bargain_hunter,18.0,web,2024-03-29,0.35,25
3231,bargain_hunter,40.0,mobile_app,2024-11-26,0.35,25
3232,regular,45.0,web,2024-12-04,0.6,55
3233,loyal_vip,31.0,web,2024-03-14,0.85,120
3234,bargain_hunter,55.0,mobile_app,2024-07-04,0.35,25
3235,bargain_hunter,46.0,web,2024-03-14,0.35,25
3236,one_off,66.0,web,2024-03-25,0.1,40
3237,regular,33.0,in_store,2024-03-04,0.6,55
3238,bargain_hunter,18.0,mobile_app,2024-07-07,0.35,25
3239,regular,55.0,web,2024-11-12,0.6,55
3240,loyal_vip,19.0,mobile_app,2024-08-26,0.85,120
3241,regular,40.0,web,2024-03-14,0.6,55
3242,regular,32.0,in_store,2024-07-30,0.6,55
3243,regular,28.0,web,2024-07-24,0.6,55
3244,loyal_vip,48.0,in_store,2024-08-27,0.85,120
3245,loyal_vip,41.0,mobile_app,2024-04-05,0.85,120
3246,regular,34.0,web,2024-09-05,0.6,55
3247,regular,29.0,in_store,2024-03-31,0.6,55
3248,bargain_hunter,40.0,web,2024-03-29,0.35,25
3249,regular,37.0,web,2024-12-05,0.6,55
3250,loyal_vip,53.0,in_store,2024-02-03,0.85,120
3251,regular,34.0,mobile_app,2024-05-26,0.6,55
3252,regular,60.0,web,2024-08-12,0.6,55
3253,regular,27.0,in_store,2024-11-29,0.6,55
3254,regular,37.0,web,2024-09-09,0.6,55
3255,bargain_hunter,31.0,mobile_app,2024-07-13,0.35,25
3256,bargain_hunter,46.0,mobile_app,2024-03-19,0.35,25
3257,regular,24.0,in_store,2024-03-28,0.6,55
3258,regular,23.0,web,2024-07-01,0.6,55
3259,regular,20.0,mobile_app,2024-04-25,0.6,55
3260,bargain_hunter,45.0,web,2024-07-04,0.35,25
3261,one_off,61.0,web,2024-01-22,0.1,40
3262,bargain_hunter,38.0,web,2024-04-19,0.35,25
3263,bargain_hunter,39.0,web,2024-08-31,0.35,25
3264,bargain_hunter,49.0,web,2024-08-17,0.35,25
3265,regular,35.0,web,2024-04-30,0.6,55
3266,regular,37.0,web,2024-10-25,0.6,55
3267,bargain_hunter,29.0,web,2024-10-04,0.35,25
3268,loyal_vip,34.0,in_store,2024-08-26,0.85,120
3269,bargain_hunter,31.0,web,2024-03-04,0.35,25
3270,bargain_hunter,24.0,in_store,2024-03-01,0.35,25
3271,loyal_vip,42.0,mobile_app,2024-03-12,0.85,120
3272,regular,36.0,web,2024-08-05,0.6,55
3273,bargain_hunter,33.0,mobile_app,2024-11-25,0.35,25
3274,regular,38.0,mobile_app,2024-11-26,0.6,55
3275,bargain_hunter,49.0,in_store,2024-07-01,0.35,25
3276,loyal_vip,54.0,mobile_app,2024-03-03,0.85,120
3277,regular,42.0,web,2024-03-07,0.6,55
3278,regular,41.0,web,2024-09-02,0.6,55
3279,loyal_vip,40.0,mobile_app,2024-04-18,0.85,120
3280,regular,27.0,web,2024-05-02,0.6,55
3281,loyal_vip,55.0,web,2024-03-21,0.85,120
3282,regular,38.0,mobile_app,2024-11-19,0.6,55
3283,regular,37.0,mobile_app,2024-03-01,0.6,55
3284,regular,39.0,web,2024-06-10,0.6,55
3285,regular,18.0,mobile_app,2024-10-12,0.6,55
3286,bargain_hunter,43.0,web,2024-01-10,0.35,25
3287,bargain_hunter,36.0,web,2024-10-14,0.35,25
3288,loyal_vip,31.0,in_store,2024-01-21,0.85,120
3289,one_off,54.0,mobile_app,2024-11-03,0.1,40
3290,loyal_vip,55.0,in_store,2024-07-08,0.85,120
3291,bargain_hunter,27.0,web,2024-08-27,0.35,25
3292,bargain_hunter,47.0,web,2024-02-08,0.35,25
3293,bargain_hunter,49.0,mobile_app,2024-06-26,0.35,25
3294,bargain_hunter,44.0,in_store,2024-02-20,0.35,25
3295,bargain_hunter,34.0,mobile_app,2024-11-28,0.35,25
3296,bargain_hunter,63.0,web,2024-10-15,0.35,25
3297,one_off,41.0,in_store,2024-05-20,0.1,40
3298,loyal_vip,36.0,web,2024-02-29,0.85,120
3299,regular,26.0,web,2024-04-09,0.6,55
3300,one_off,23.0,web,2024-01-19,0.1,40
3301,regular,18.0,web,2024-01-07,0.6,55
3302,bargain_hunter,53.0,web,2024-03-24,0.35,25
3303,bargain_hunter,76.0,mobile_app,2024-08-30,0.35,25
3304,regular,18.0,mobile_app,2024-03-09,0.6,55
3305,regular,42.0,mobile_app,2024-05-13,0.6,55
3306,regular,23.0,web,2024-10-29,0.6,55
3307,one_off,45.0,web,2024-09-01,0.1,40
3308,bargain_hunter,51.0,mobile_app,2024-07-14,0.35,25
3309,regular,51.0,web,2024-08-11,0.6,55
3310,loyal_vip,18.0,mobile_app,2024-01-19,0.85,120
3311,bargain_hunter,54.0,in_store,2024-08-02,0.35,25
3312,bargain_hunter,38.0,mobile_app,2024-07-29,0.35,25
3313,regular,25.0,web,2024-07-05,0.6,55
3314,one_off,52.0,web,2024-10-13,0.1,40
3315,regular,31.0,mobile_app,2024-12-10,0.6,55
3316,regular,47.0,in_store,2024-08-22,0.6,55
3317,bargain_hunter,39.0,mobile_app,2024-01-06,0.35,25
3318,regular,70.0,web,2024-11-13,0.6,55
3319,bargain_hunter,27.0,web,2024-03-09,0.35,25
3320,regular,46.0,mobile_app,2024-11-27,0.6,55
3321,regular,41.0,mobile_app,2024-05-14,0.6,55
3322,regular,,web,2024-03-13,0.6,55
3323,one_off,48.0,web,2024-12-14,0.1,40
3324,regular,43.0,web,2024-07-23,0.6,55
3325,one_off,56.0,in_store,2024-08-28,0.1,40
3326,regular,48.0,mobile_app,2024-12-27,0.6,55
3327,one_off,55.0,mobile_app,2024-12-13,0.1,40
3328,bargain_hunter,25.0,web,2024-01-30,0.35,25
3329,loyal_vip,37.0,web,2024-02-09,0.85,120
3330,regular,38.0,web,2024-05-11,0.6,55
3331,bargain_hunter,45.0,in_store,2024-01-28,0.35,25
3332,regular,47.0,web,2024-06-18,0.6,55
3333,bargain_hunter,56.0,in_store,2024-09-19,0.35,25
3334,bargain_hunter,71.0,web,2024-09-13,0.35,25
3335,regular,61.0,web,2024-11-20,0.6,55
3336,bargain_hunter,54.0,mobile_app,2024-02-25,0.35,25
3337,bargain_hunter,45.0,mobile_app,2024-04-12,0.35,25
3338,regular,27.0,web,2024-11-15,0.6,55
3339,regular,37.0,web,2024-09-28,0.6,55
3340,bargain_hunter,18.0,web,2024-10-07,0.35,25
3341,loyal_vip,,in_store,2024-05-27,0.85,120
3342,bargain_hunter,41.0,mobile_app,2024-12-29,0.35,25
3343,bargain_hunter,38.0,mobile_app,2024-04-02,0.35,25
3344,one_off,44.0,mobile_app,2024-09-14,0.1,40
3345,regular,40.0,web,2024-04-22,0.6,55
3346,regular,24.0,mobile_app,2024-07-10,0.6,55
3347,one_off,52.0,web,2024-04-12,0.1,40
3348,one_off,42.0,mobile_app,2024-11-19,0.1,40
3349,bargain_hunter,35.0,web,2024-12-03,0.35,25
3350,regular,37.0,web,2024-04-14,0.6,55
3351,loyal_vip,56.0,web,2024-02-01,0.85,120
3352,regular,,mobile_app,2024-05-12,0.6,55
3353,one_off,39.0,web,2024-09-23,0.1,40
3354,bargain_hunter,38.0,web,2024-04-11,0.35,25
3355,regular,57.0,mobile_app,2024-06-15,0.6,55
3356,bargain_hunter,34.0,mobile_app,2024-01-20,0.35,25
3357,regular,33.0,web,2024-04-14,0.6,55
3358,regular,43.0,web,2024-03-21,0.6,55
3359,regular,56.0,mobile_app,2024-04-18,0.6,55
3360,bargain_hunter,56.0,web,2024-10-15,0.35,25
3361,regular,52.0,web,2024-06-14,0.6,55
3362,bargain_hunter,39.0,web,2024-07-15,0.35,25
3363,bargain_hunter,33.0,in_store,2024-03-13,0.35,25
3364,regular,25.0,web,2024-10-11,0.6,55
3365,bargain_hunter,50.0,web,2024-07-02,0.35,25
3366,regular,60.0,mobile_app,2024-07-08,0.6,55
3367,bargain_hunter,35.0,web,2024-10-29,0.35,25
3368,bargain_hunter,47.0,web,2024-11-26,0.35,25
3369,regular,30.0,web,2024-06-14,0.6,55
3370,bargain_hunter,42.0,mobile_app,2024-09-28,0.35,25
3371,regular,75.0,mobile_app,2024-03-23,0.6,55
3372,loyal_vip,50.0,web,2024-01-06,0.85,120
3373,regular,30.0,mobile_app,2024-07-13,0.6,55
3374,loyal_vip,44.0,mobile_app,2024-03-16,0.85,120
3375,one_off,51.0,web,2024-07-21,0.1,40
3376,bargain_hunter,38.0,web,2024-09-28,0.35,25
3377,one_off,31.0,web,2024-02-26,0.1,40
3378,bargain_hunter,39.0,mobile_app,2024-05-28,0.35,25
3379,regular,36.0,in_store,2024-11-29,0.6,55
3380,regular,50.0,in_store,2024-04-08,0.6,55
3381,regular,46.0,web,2024-12-13,0.6,55
3382,bargain_hunter,27.0,web,2024-10-29,0.35,25
3383,bargain_hunter,36.0,in_store,2024-11-20,0.35,25
3384,bargain_hunter,39.0,mobile_app,2024-11-25,0.35,25
3385,regular,71.0,web,2024-04-21,0.6,55
3386,loyal_vip,46.0,web,2024-01-10,0.85,120
3387,regular,38.0,mobile_app,2024-09-22,0.6,55
3388,regular,44.0,in_store,2024-04-13,0.6,55
3389,bargain_hunter,42.0,in_store,2024-04-10,0.35,25
3390,bargain_hunter,36.0,mobile_app,2024-03-02,0.35,25
3391,loyal_vip,56.0,mobile_app,2024-06-14,0.85,120
3392,one_off,51.0,mobile_app,2024-08-23,0.1,40
3393,bargain_hunter,39.0,mobile_app,2024-05-05,0.35,25
3394,regular,38.0,web,2024-03-02,0.6,55
3395,bargain_hunter,36.0,mobile_app,2024-10-26,0.35,25
3396,loyal_vip,41.0,web,2024-05-18,0.85,120
3397,regular,34.0,mobile_app,2024-12-26,0.6,55
3398,loyal_vip,47.0,web,2024-03-18,0.85,120
3399,regular,26.0,mobile_app,2024-03-13,0.6,55
3400,loyal_vip,43.0,mobile_app,2024-08-25,0.85,120
3401,bargain_hunter,37.0,in_store,2024-07-04,0.35,25
3402,one_off,26.0,mobile_app,2024-06-12,0.1,40
3403,bargain_hunter,34.0,web,2024-07-02,0.35,25
3404,regular,27.0,web,2024-09-07,0.6,55
3405,bargain_hunter,34.0,web,2024-03-29,0.35,25
3406,regular,18.0,mobile_app,2024-04-09,0.6,55
3407,loyal_vip,18.0,web,2024-07-20,0.85,120
3408,regular,44.0,web,2024-12-16,0.6,55
3409,loyal_vip,57.0,in_store,2024-08-15,0.85,120
3410,regular,41.0,mobile_app,2024-10-05,0.6,55
3411,one_off,41.0,web,2024-01-27,0.1,40
3412,regular,28.0,mobile_app,2024-07-24,0.6,55
3413,loyal_vip,47.0,mobile_app,2024-08-19,0.85,120
3414,bargain_hunter,56.0,mobile_app,2024-01-17,0.35,25
3415,bargain_hunter,21.0,mobile_app,2024-09-14,0.35,25
3416,regular,23.0,mobile_app,2024-03-02,0.6,55
3417,regular,48.0,in_store,2024-09-27,0.6,55
3418,bargain_hunter,42.0,web,2024-01-09,0.35,25
3419,one_off,41.0,mobile_app,2024-03-18,0.1,40
3420,bargain_hunter,34.0,web,2024-05-09,0.35,25
3421,regular,34.0,web,2024-05-08,0.6,55
3422,bargain_hunter,20.0,web,2024-11-30,0.35,25
3423,bargain_hunter,57.0,mobile_app,2024-04-16,0.35,25
3424,regular,25.0,mobile_app,2024-01-09,0.6,55
3425,bargain_hunter,30.0,mobile_app,2024-05-07,0.35,25
3426,one_off,37.0,mobile_app,2024-11-13,0.1,40
3427,loyal_vip,33.0,mobile_app,2024-07-12,0.85,120
3428,one_off,48.0,web,2024-05-14,0.1,40
3429,regular,34.0,web,2024-02-02,0.6,55
3430,bargain_hunter,31.0,mobile_app,2024-02-03,0.35,25
3431,bargain_hunter,28.0,mobile_app,2024-02-14,0.35,25
3432,bargain_hunter,38.0,mobile_app,2024-07-11,0.35,25
3433,regular,18.0,in_store,2024-01-21,0.6,55
3434,bargain_hunter,28.0,web,2024-01-05,0.35,25
3435,bargain_hunter,39.0,web,2024-04-17,0.35,25
3436,regular,38.0,web,2024-11-09,0.6,55
3437,loyal_vip,35.0,mobile_app,2024-02-11,0.85,120
3438,regular,49.0,web,2024-11-21,0.6,55
3439,regular,43.0,mobile_app,2024-12-18,0.6,55
3440,bargain_hunter,35.0,web,2024-04-19,0.35,25
3441,bargain_hunter,36.0,mobile_app,2024-10-03,0.35,25
3442,regular,50.0,web,2024-05-16,0.6,55
3443,regular,57.0,mobile_app,2024-12-23,0.6,55
3444,regular,37.0,web,2024-09-17,0.6,55
3445,loyal_vip,19.0,web,2024-05-02,0.85,120
3446,bargain_hunter,45.0,web,2024-07-30,0.35,25
3447,regular,48.0,mobile_app,2024-08-26,0.6,55
3448,bargain_hunter,18.0,mobile_app,2024-10-27,0.35,25
3449,regular,33.0,mobile_app,2024-12-14,0.6,55
3450,bargain_hunter,25.0,web,2024-04-28,0.35,25
3451,bargain_hunter,34.0,mobile_app,2024-10-28,0.35,25
3452,regular,51.0,web,2024-07-31,0.6,55
3453,regular,50.0,mobile_app,2024-04-23,0.6,55
3454,bargain_hunter,21.0,web,2024-12-25,0.35,25
3455,bargain_hunter,41.0,web,2024-07-31,0.35,25
3456,one_off,25.0,mobile_app,2024-02-29,0.1,40
3457,regular,,in_store,2024-01-15,0.6,55
3458,bargain_hunter,30.0,web,2024-03-28,0.35,25
3459,loyal_vip,24.0,web,2024-07-30,0.85,120
3460,regular,28.0,web,2024-03-15,0.6,55
3461,regular,52.0,web,2024-08-05,0.6,55
3462,one_off,43.0,web,2024-05-10,0.1,40
3463,bargain_hunter,49.0,web,2024-08-08,0.35,25
3464,bargain_hunter,46.0,mobile_app,2024-09-08,0.35,25
3465,regular,42.0,web,2024-03-20,0.6,55
3466,regular,48.0,mobile_app,2024-12-04,0.6,55
3467,loyal_vip,68.0,in_store,2024-10-17,0.85,120
3468,loyal_vip,22.0,mobile_app,2024-03-05,0.85,120
3469,regular,53.0,web,2024-11-24,0.6,55
3470,regular,42.0,web,2024-10-30,0.6,55
3471,loyal_vip,36.0,mobile_app,2024-03-06,0.85,120
3472,bargain_hunter,45.0,web,2024-01-26,0.35,25
3473,bargain_hunter,53.0,mobile_app,2024-01-18,0.35,25
3474,bargain_hunter,18.0,web,2024-10-04,0.35,25
3475,bargain_hunter,29.0,web,2024-11-30,0.35,25
3476,one_off,27.0,web,2024-01-30,0.1,40
3477,regular,21.0,web,2024-10-01,0.6,55
3478,bargain_hunter,59.0,mobile_app,2024-05-05,0.35,25
3479,loyal_vip,53.0,mobile_app,2024-08-24,0.85,120
3480,loyal_vip,53.0,in_store,2024-09-26,0.85,120
3481,regular,52.0,web,2024-05-16,0.6,55
3482,bargain_hunter,41.0,mobile_app,2024-07-10,0.35,25
3483,regular,49.0,in_store,2024-05-28,0.6,55
3484,loyal_vip,27.0,mobile_app,2024-02-21,0.85,120
3485,regular,54.0,web,2024-06-17,0.6,55
3486,loyal_vip,39.0,in_store,2024-06-29,0.85,120
3487,bargain_hunter,18.0,web,2024-02-10,0.35,25
3488,bargain_hunter,45.0,web,2024-09-27,0.35,25
3489,regular,31.0,mobile_app,2024-04-21,0.6,55
3490,bargain_hunter,34.0,web,2024-07-14,0.35,25
3491,regular,18.0,mobile_app,2024-07-24,0.6,55
3492,one_off,43.0,web,2024-07-26,0.1,40
3493,regular,37.0,in_store,2024-10-11,0.6,55
3494,regular,62.0,mobile_app,2024-10-14,0.6,55
3495,loyal_vip,26.0,mobile_app,2024-11-10,0.85,120
3496,bargain_hunter,57.0,web,2024-06-15,0.35,25
3497,bargain_hunter,51.0,web,2024-05-24,0.35,25
3498,regular,60.0,mobile_app,2024-08-23,0.6,55
3499,one_off,55.0,in_store,2024-07-20,0.1,40
3500,one_off,43.0,mobile_app,2024-01-22,0.1,40
3501,regular,45.0,web,2024-12-17,0.6,55
3502,bargain_hunter,45.0,mobile_app,2024-09-21,0.35,25
3503,loyal_vip,47.0,web,2024-11-06,0.85,120
3504,regular,60.0,in_store,2024-04-09,0.6,55
3505,bargain_hunter,44.0,web,2024-05-12,0.35,25
3506,one_off,24.0,mobile_app,2024-01-06,0.1,40
3507,one_off,48.0,in_store,2024-09-06,0.1,40
3508,loyal_vip,37.0,web,2024-06-27,0.85,120
3509,loyal_vip,67.0,web,2024-10-05,0.85,120
3510,regular,44.0,mobile_app,2024-06-14,0.6,55
3511,bargain_hunter,18.0,in_store,2024-02-24,0.35,25
3512,loyal_vip,33.0,web,2024-11-26,0.85,120
3513,regular,22.0,mobile_app,2024-10-16,0.6,55
3514,bargain_hunter,25.0,mobile_app,2024-08-08,0.35,25
3515,regular,37.0,mobile_app,2024-02-29,0.6,55
3516,one_off,22.0,mobile_app,2024-04-02,0.1,40
3517,one_off,27.0,mobile_app,2024-02-18,0.1,40
3518,regular,27.0,in_store,2024-09-09,0.6,55
3519,regular,76.0,mobile_app,2024-05-07,0.6,55
3520,bargain_hunter,54.0,web,2024-05-06,0.35,25
3521,one_off,38.0,web,2024-07-09,0.1,40
3522,regular,19.0,web,2024-03-31,0.6,55
3523,one_off,28.0,web,2024-11-12,0.1,40
3524,regular,25.0,mobile_app,2024-10-25,0.6,55
3525,regular,47.0,mobile_app,2024-05-18,0.6,55
3526,bargain_hunter,54.0,mobile_app,2024-10-02,0.35,25
3527,loyal_vip,45.0,mobile_app,2024-10-28,0.85,120
3528,regular,26.0,mobile_app,2024-11-27,0.6,55
3529,bargain_hunter,40.0,in_store,2024-02-26,0.35,25
3530,bargain_hunter,35.0,mobile_app,2024-06-25,0.35,25
3531,bargain_hunter,38.0,web,2024-05-29,0.35,25
3532,regular,49.0,web,2024-11-05,0.6,55
3533,regular,57.0,web,2024-08-23,0.6,55
3534,bargain_hunter,18.0,web,2024-12-01,0.35,25
3535,regular,33.0,mobile_app,2024-04-11,0.6,55
3536,bargain_hunter,49.0,in_store,2024-08-20,0.35,25
3537,bargain_hunter,66.0,in_store,2024-06-14,0.35,25
3538,one_off,18.0,in_store,2024-02-16,0.1,40
3539,regular,38.0,in_store,2024-10-25,0.6,55
3540,bargain_hunter,54.0,mobile_app,2024-11-19,0.35,25
3541,regular,36.0,mobile_app,2024-01-31,0.6,55
3542,regular,23.0,web,2024-01-15,0.6,55
3543,regular,33.0,web,2024-01-19,0.6,55
3544,loyal_vip,,web,2024-07-18,0.85,120
3545,loyal_vip,38.0,mobile_app,2024-04-27,0.85,120
3546,bargain_hunter,31.0,mobile_app,2024-07-01,0.35,25
3547,regular,63.0,web,2024-01-02,0.6,55
3548,regular,37.0,mobile_app,2024-05-04,0.6,55
3549,one_off,57.0,in_store,2024-12-07,0.1,40
3550,one_off,39.0,mobile_app,2024-12-15,0.1,40
3551,loyal_vip,23.0,mobile_app,2024-07-02,0.85,120
3552,regular,55.0,web,2024-10-20,0.6,55
3553,regular,44.0,mobile_app,2024-04-08,0.6,55
3554,loyal_vip,18.0,mobile_app,2024-04-22,0.85,120
3555,regular,48.0,mobile_app,2024-11-21,0.6,55
3556,regular,23.0,mobile_app,2024-07-14,0.6,55
3557,regular,30.0,web,2024-12-10,0.6,55
3558,regular,46.0,mobile_app,2024-08-17,0.6,55
3559,bargain_hunter,33.0,in_store,2024-10-13,0.35,25
3560,regular,40.0,web,2024-03-10,0.6,55
3561,regular,37.0,web,2024-04-26,0.6,55
3562,one_off,25.0,web,2024-01-17,0.1,40
3563,one_off,37.0,mobile_app,2024-10-14,0.1,40
3564,loyal_vip,46.0,web,2024-11-15,0.85,120
3565,bargain_hunter,70.0,in_store,2024-02-18,0.35,25
3566,regular,53.0,in_store,2024-12-19,0.6,55
3567,bargain_hunter,59.0,web,2024-02-18,0.35,25
3568,regular,41.0,web,2024-12-30,0.6,55
3569,one_off,34.0,web,2024-10-22,0.1,40
3570,regular,22.0,web,2024-01-21,0.6,55
3571,bargain_hunter,69.0,web,2024-08-06,0.35,25
3572,bargain_hunter,44.0,web,2024-01-14,0.35,25
3573,regular,42.0,web,2024-02-24,0.6,55
3574,bargain_hunter,40.0,mobile_app,2024-10-07,0.35,25
3575,regular,22.0,mobile_app,2024-09-02,0.6,55
3576,regular,53.0,mobile_app,2024-12-13,0.6,55
3577,one_off,42.0,mobile_app,2024-05-30,0.1,40
3578,loyal_vip,37.0,mobile_app,2024-06-12,0.85,120
3579,regular,40.0,in_store,2024-01-25,0.6,55
3580,bargain_hunter,46.0,in_store,2024-04-21,0.35,25
3581,bargain_hunter,41.0,mobile_app,2024-12-16,0.35,25
3582,one_off,54.0,in_store,2024-07-12,0.1,40
3583,bargain_hunter,43.0,mobile_app,2024-09-05,0.35,25
3584,one_off,27.0,mobile_app,2024-04-12,0.1,40
3585,bargain_hunter,48.0,mobile_app,2024-08-28,0.35,25
3586,loyal_vip,,mobile_app,2024-01-28,0.85,120
3587,bargain_hunter,36.0,web,2024-12-23,0.35,25
3588,loyal_vip,38.0,mobile_app,2024-01-02,0.85,120
3589,bargain_hunter,46.0,in_store,2024-02-20,0.35,25
3590,regular,40.0,mobile_app,2024-07-14,0.6,55
3591,regular,18.0,web,2024-07-17,0.6,55
3592,one_off,18.0,mobile_app,2024-07-28,0.1,40
3593,one_off,42.0,in_store,2024-10-28,0.1,40
3594,regular,69.0,mobile_app,2024-08-09,0.6,55
3595,regular,26.0,mobile_app,2024-01-08,0.6,55
3596,regular,23.0,web,2024-03-29,0.6,55
3597,one_off,53.0,web,2024-06-22,0.1,40
3598,bargain_hunter,62.0,web,2024-03-11,0.35,25
3599,bargain_hunter,29.0,web,2024-06-11,0.35,25
3600,one_off,,web,2024-10-28,0.1,40
3601,loyal_vip,48.0,mobile_app,2024-04-05,0.85,120
3602,regular,65.0,web,2024-11-18,0.6,55
3603,bargain_hunter,54.0,in_store,2024-05-18,0.35,25
3604,bargain_hunter,25.0,mobile_app,2024-07-05,0.35,25
3605,regular,26.0,mobile_app,2024-11-11,0.6,55
3606,bargain_hunter,18.0,in_store,2024-08-12,0.35,25
3607,regular,50.0,mobile_app,2024-06-11,0.6,55
3608,regular,20.0,mobile_app,2024-04-10,0.6,55
3609,bargain_hunter,37.0,web,2024-08-28,0.35,25
3610,bargain_hunter,27.0,mobile_app,2024-10-06,0.35,25
3611,bargain_hunter,36.0,mobile_app,2024-04-13,0.35,25
3612,loyal_vip,36.0,mobile_app,2024-02-14,0.85,120
3613,regular,52.0,mobile_app,2024-05-30,0.6,55
3614,regular,18.0,mobile_app,2024-09-23,0.6,55
3615,regular,26.0,web,2024-02-12,0.6,55
3616,regular,24.0,mobile_app,2024-10-20,0.6,55
3617,regular,47.0,mobile_app,2024-08-02,0.6,55
3618,bargain_hunter,30.0,mobile_app,2024-04-19,0.35,25
3619,regular,30.0,web,2024-01-30,0.6,55
3620,loyal_vip,40.0,web,2024-02-21,0.85,120
3621,bargain_hunter,38.0,web,2024-09-17,0.35,25
3622,loyal_vip,47.0,mobile_app,2024-08-02,0.85,120
3623,regular,42.0,web,2024-04-28,0.6,55
3624,bargain_hunter,52.0,web,2024-03-20,0.35,25
3625,regular,47.0,web,2024-09-19,0.6,55
3626,regular,62.0,mobile_app,2024-05-22,0.6,55
3627,one_off,27.0,in_store,2024-02-29,0.1,40
3628,regular,31.0,mobile_app,2024-11-03,0.6,55
3629,regular,48.0,mobile_app,2024-05-06,0.6,55
3630,bargain_hunter,49.0,web,2024-02-02,0.35,25
3631,one_off,32.0,in_store,2024-11-20,0.1,40
3632,regular,29.0,web,2024-02-15,0.6,55
3633,bargain_hunter,56.0,mobile_app,2024-06-29,0.35,25
3634,regular,29.0,mobile_app,2024-09-12,0.6,55
3635,bargain_hunter,19.0,mobile_app,2024-11-04,0.35,25
3636,one_off,69.0,mobile_app,2024-08-12,0.1,40
3637,bargain_hunter,27.0,mobile_app,2024-06-02,0.35,25
3638,regular,42.0,web,2024-08-11,0.6,55
3639,bargain_hunter,36.0,in_store,2024-04-02,0.35,25
3640,regular,25.0,web,2024-01-18,0.6,55
3641,loyal_vip,54.0,in_store,2024-05-15,0.85,120
3642,bargain_hunter,42.0,mobile_app,2024-02-14,0.35,25
3643,regular,36.0,mobile_app,2024-12-27,0.6,55
3644,bargain_hunter,18.0,web,2024-09-05,0.35,25
3645,regular,48.0,in_store,2024-05-19,0.6,55
3646,bargain_hunter,41.0,in_store,2024-05-29,0.35,25
3647,bargain_hunter,69.0,web,2024-09-15,0.35,25
3648,loyal_vip,43.0,web,2024-03-15,0.85,120
3649,bargain_hunter,33.0,mobile_app,2024-01-27,0.35,25
3650,bargain_hunter,47.0,mobile_app,2024-07-12,0.35,25
3651,bargain_hunter,35.0,mobile_app,2024-11-11,0.35,25
3652,one_off,54.0,mobile_app,2024-07-04,0.1,40
3653,loyal_vip,41.0,in_store,2024-10-09,0.85,120
3654,loyal_vip,65.0,in_store,2024-11-13,0.85,120
3655,one_off,38.0,mobile_app,2024-04-24,0.1,40
3656,regular,38.0,web,2024-07-17,0.6,55
3657,regular,38.0,mobile_app,2024-05-06,0.6,55
3658,regular,59.0,mobile_app,2024-01-31,0.6,55
3659,bargain_hunter,25.0,web,2024-03-29,0.35,25
3660,one_off,51.0,web,2024-04-13,0.1,40
3661,bargain_hunter,54.0,mobile_app,2024-12-03,0.35,25
3662,regular,33.0,mobile_app,2024-12-28,0.6,55
3663,loyal_vip,27.0,web,2024-12-01,0.85,120
3664,bargain_hunter,40.0,web,2024-05-13,0.35,25
3665,bargain_hunter,34.0,in_store,2024-03-01,0.35,25
3666,regular,39.0,in_store,2024-08-02,0.6,55
3667,regular,49.0,web,2024-12-31,0.6,55
3668,bargain_hunter,22.0,web,2024-12-26,0.35,25
3669,bargain_hunter,45.0,web,2024-12-22,0.35,25
3670,loyal_vip,51.0,mobile_app,2024-07-07,0.85,120
3671,regular,29.0,in_store,2024-04-28,0.6,55
3672,regular,56.0,in_store,2024-06-21,0.6,55
3673,regular,61.0,web,2024-02-01,0.6,55
3674,regular,69.0,mobile_app,2024-01-11,0.6,55
3675,bargain_hunter,42.0,mobile_app,2024-06-18,0.35,25
3676,bargain_hunter,34.0,mobile_app,2024-11-02,0.35,25
3677,bargain_hunter,45.0,web,2024-03-11,0.35,25
3678,loyal_vip,18.0,in_store,2024-07-12,0.85,120
3679,one_off,40.0,in_store,2024-09-24,0.1,40
3680,one_off,61.0,mobile_app,2024-10-23,0.1,40
3681,bargain_hunter,32.0,mobile_app,2024-08-29,0.35,25
3682,regular,60.0,web,2024-02-25,0.6,55
3683,bargain_hunter,,web,2024-11-22,0.35,25
3684,one_off,39.0,web,2024-08-17,0.1,40
3685,loyal_vip,25.0,mobile_app,2024-05-11,0.85,120
3686,regular,45.0,mobile_app,2024-07-10,0.6,55
3687,regular,46.0,web,2024-02-23,0.6,55
3688,bargain_hunter,43.0,web,2024-06-20,0.35,25
3689,regular,51.0,web,2024-07-17,0.6,55
3690,regular,49.0,web,2024-02-28,0.6,55
3691,regular,31.0,mobile_app,2024-11-11,0.6,55
3692,loyal_vip,65.0,in_store,2024-12-23,0.85,120
3693,bargain_hunter,43.0,web,2024-04-06,0.35,25
3694,one_off,32.0,in_store,2024-04-28,0.1,40
3695,regular,27.0,web,2024-04-29,0.6,55
3696,regular,32.0,mobile_app,2024-07-03,0.6,55
3697,loyal_vip,23.0,web,2024-04-12,0.85,120
3698,bargain_hunter,30.0,mobile_app,2024-05-27,0.35,25
3699,regular,27.0,web,2024-10-11,0.6,55
3700,bargain_hunter,18.0,mobile_app,2024-06-25,0.35,25
3701,one_off,40.0,web,2024-11-02,0.1,40
3702,bargain_hunter,62.0,web,2024-11-05,0.35,25
3703,one_off,33.0,mobile_app,2024-08-21,0.1,40
3704,regular,59.0,mobile_app,2024-02-13,0.6,55
3705,regular,50.0,web,2024-12-15,0.6,55
3706,bargain_hunter,23.0,web,2024-08-01,0.35,25
3707,regular,77.0,mobile_app,2024-01-12,0.6,55
3708,loyal_vip,28.0,in_store,2024-05-21,0.85,120
3709,bargain_hunter,44.0,mobile_app,2024-05-14,0.35,25
3710,one_off,40.0,in_store,2024-02-05,0.1,40
3711,regular,33.0,web,2024-07-09,0.6,55
3712,loyal_vip,53.0,web,2024-01-04,0.85,120
3713,regular,66.0,mobile_app,2024-02-27,0.6,55
3714,regular,28.0,web,2024-09-20,0.6,55
3715,bargain_hunter,36.0,in_store,2024-01-18,0.35,25
3716,bargain_hunter,31.0,mobile_app,2024-10-29,0.35,25
3717,loyal_vip,40.0,web,2024-01-31,0.85,120
3718,regular,52.0,web,2024-08-25,0.6,55
3719,regular,50.0,in_store,2024-08-25,0.6,55
3720,one_off,61.0,web,2024-06-14,0.1,40
3721,loyal_vip,36.0,mobile_app,2024-08-03,0.85,120
3722,regular,41.0,mobile_app,2024-09-10,0.6,55
3723,loyal_vip,42.0,in_store,2024-11-19,0.85,120
3724,one_off,42.0,web,2024-11-01,0.1,40
3725,regular,63.0,web,2024-10-07,0.6,55
3726,bargain_hunter,66.0,in_store,2024-01-09,0.35,25
3727,regular,31.0,web,2024-02-09,0.6,55
3728,loyal_vip,58.0,mobile_app,2024-12-25,0.85,120
3729,regular,39.0,web,2024-08-05,0.6,55
3730,one_off,59.0,mobile_app,2024-12-02,0.1,40
3731,bargain_hunter,38.0,web,2024-06-30,0.35,25
3732,bargain_hunter,69.0,mobile_app,2024-09-25,0.35,25
3733,regular,38.0,mobile_app,2024-02-03,0.6,55
3734,loyal_vip,63.0,mobile_app,2024-02-27,0.85,120
3735,bargain_hunter,44.0,mobile_app,2024-10-30,0.35,25
3736,bargain_hunter,85.0,web,2024-05-11,0.35,25
3737,regular,28.0,web,2024-04-09,0.6,55
3738,regular,33.0,web,2024-11-01,0.6,55
3739,bargain_hunter,32.0,mobile_app,2024-02-05,0.35,25
3740,regular,44.0,web,2024-10-26,0.6,55
3741,regular,37.0,mobile_app,2024-08-26,0.6,55
3742,bargain_hunter,43.0,web,2024-10-10,0.35,25
3743,bargain_hunter,18.0,in_store,2024-12-03,0.35,25
3744,one_off,22.0,web,2024-12-27,0.1,40
3745,bargain_hunter,19.0,mobile_app,2024-04-06,0.35,25
3746,one_off,30.0,web,2024-11-28,0.1,40
3747,bargain_hunter,36.0,web,2024-04-11,0.35,25
3748,loyal_vip,41.0,web,2024-10-25,0.85,120
3749,regular,52.0,web,2024-12-24,0.6,55
3750,bargain_hunter,67.0,mobile_app,2024-01-17,0.35,25
3751,regular,46.0,web,2024-02-07,0.6,55
3752,one_off,47.0,mobile_app,2024-03-25,0.1,40
3753,bargain_hunter,,in_store,2024-09-26,0.35,25
3754,bargain_hunter,39.0,web,2024-06-19,0.35,25
3755,one_off,38.0,mobile_app,2024-08-26,0.1,40
3756,bargain_hunter,18.0,mobile_app,2024-09-29,0.35,25
3757,regular,51.0,web,2024-05-28,0.6,55
3758,bargain_hunter,64.0,mobile_app,2024-12-15,0.35,25
3759,bargain_hunter,34.0,web,2024-08-06,0.35,25
3760,bargain_hunter,32.0,mobile_app,2024-05-09,0.35,25
3761,bargain_hunter,35.0,mobile_app,2024-07-06,0.35,25
3762,regular,48.0,web,2024-10-12,0.6,55
3763,regular,48.0,mobile_app,2024-04-18,0.6,55
3764,one_off,49.0,mobile_app,2024-10-02,0.1,40
3765,bargain_hunter,41.0,mobile_app,2024-12-22,0.35,25
3766,regular,25.0,web,2024-07-17,0.6,55
3767,bargain_hunter,73.0,mobile_app,2024-01-10,0.35,25
3768,regular,36.0,mobile_app,2024-11-22,0.6,55
3769,regular,18.0,mobile_app,2024-07-01,0.6,55
3770,bargain_hunter,55.0,web,2024-12-21,0.35,25
3771,regular,43.0,web,2024-04-04,0.6,55
3772,bargain_hunter,44.0,mobile_app,2024-02-20,0.35,25
3773,regular,42.0,mobile_app,2024-05-04,0.6,55
3774,bargain_hunter,,web,2024-12-14,0.35,25
3775,regular,44.0,mobile_app,2024-11-23,0.6,55
3776,bargain_hunter,41.0,web,2024-10-06,0.35,25
3777,bargain_hunter,30.0,web,2024-06-28,0.35,25
3778,regular,41.0,web,2024-01-25,0.6,55
3779,regular,43.0,web,2024-09-02,0.6,55
3780,regular,28.0,mobile_app,2024-04-07,0.6,55
3781,regular,21.0,mobile_app,2024-12-01,0.6,55
3782,regular,40.0,web,2024-06-02,0.6,55
3783,bargain_hunter,26.0,web,2024-12-12,0.35,25
3784,loyal_vip,54.0,in_store,2024-06-25,0.85,120
3785,regular,28.0,mobile_app,2024-02-18,0.6,55
3786,regular,45.0,mobile_app,2024-04-21,0.6,55
3787,regular,43.0,mobile_app,2024-07-29,0.6,55
3788,regular,20.0,web,2024-10-03,0.6,55
3789,bargain_hunter,43.0,mobile_app,2024-08-06,0.35,25
3790,loyal_vip,42.0,mobile_app,2024-02-24,0.85,120
3791,bargain_hunter,19.0,in_store,2024-02-15,0.35,25
3792,regular,33.0,web,2024-09-13,0.6,55
3793,regular,42.0,mobile_app,2024-10-04,0.6,55
3794,bargain_hunter,45.0,in_store,2024-11-20,0.35,25
3795,loyal_vip,38.0,mobile_app,2024-11-21,0.85,120
3796,regular,30.0,mobile_app,2024-10-14,0.6,55
3797,regular,33.0,web,2024-04-11,0.6,55
3798,loyal_vip,42.0,web,2024-11-27,0.85,120
3799,bargain_hunter,30.0,web,2024-11-30,0.35,25
3800,bargain_hunter,59.0,web,2024-12-20,0.35,25
3801,regular,60.0,mobile_app,2024-04-07,0.6,55
3802,bargain_hunter,52.0,web,2024-11-01,0.35,25
3803,regular,35.0,web,2024-04-02,0.6,55
3804,bargain_hunter,30.0,in_store,2024-04-07,0.35,25
3805,bargain_hunter,22.0,web,2024-05-13,0.35,25
3806,bargain_hunter,48.0,web,2024-03-22,0.35,25
3807,bargain_hunter,37.0,web,2024-01-01,0.35,25
3808,regular,43.0,in_store,2024-05-09,0.6,55
3809,regular,57.0,in_store,2024-04-26,0.6,55
3810,regular,65.0,web,2024-08-27,0.6,55
3811,regular,38.0,in_store,2024-09-22,0.6,55
3812,regular,29.0,in_store,2024-09-25,0.6,55
3813,bargain_hunter,34.0,web,2024-01-21,0.35,25
3814,one_off,39.0,mobile_app,2024-05-30,0.1,40
3815,bargain_hunter,43.0,web,2024-11-24,0.35,25
3816,loyal_vip,38.0,web,2024-06-15,0.85,120
3817,bargain_hunter,27.0,web,2024-01-21,0.35,25
3818,bargain_hunter,25.0,mobile_app,2024-05-10,0.35,25
3819,regular,26.0,mobile_app,2024-11-17,0.6,55
3820,regular,34.0,mobile_app,2024-08-23,0.6,55
3821,bargain_hunter,42.0,web,2024-03-31,0.35,25
3822,bargain_hunter,53.0,mobile_app,2024-12-24,0.35,25
3823,bargain_hunter,51.0,web,2024-04-09,0.35,25
3824,bargain_hunter,41.0,in_store,2024-06-16,0.35,25
3825,one_off,57.0,web,2024-10-21,0.1,40
3826,bargain_hunter,32.0,web,2024-11-05,0.35,25
3827,regular,19.0,web,2024-09-10,0.6,55
3828,regular,44.0,web,2024-04-06,0.6,55
3829,one_off,61.0,web,2024-05-13,0.1,40
3830,regular,71.0,web,2024-10-23,0.6,55
3831,one_off,31.0,mobile_app,2024-09-10,0.1,40
3832,loyal_vip,36.0,mobile_app,2024-09-08,0.85,120
3833,bargain_hunter,26.0,web,2024-07-14,0.35,25
3834,bargain_hunter,26.0,mobile_app,2024-05-15,0.35,25
3835,one_off,18.0,mobile_app,2024-07-17,0.1,40
3836,loyal_vip,59.0,mobile_app,2024-06-27,0.85,120
3837,regular,39.0,mobile_app,2024-06-24,0.6,55
3838,bargain_hunter,42.0,in_store,2024-09-29,0.35,25
3839,regular,55.0,mobile_app,2024-01-21,0.6,55
3840,regular,52.0,web,2024-10-18,0.6,55
3841,bargain_hunter,53.0,mobile_app,2024-01-25,0.35,25
3842,regular,52.0,web,2024-10-17,0.6,55
3843,regular,41.0,web,2024-01-10,0.6,55
3844,regular,30.0,web,2024-06-21,0.6,55
3845,regular,51.0,mobile_app,2024-02-08,0.6,55
3846,loyal_vip,32.0,web,2024-06-13,0.85,120
3847,bargain_hunter,45.0,mobile_app,2024-11-26,0.35,25
3848,bargain_hunter,69.0,mobile_app,2024-09-05,0.35,25
3849,bargain_hunter,37.0,web,2024-08-29,0.35,25
3850,one_off,,web,2024-08-16,0.1,40
3851,bargain_hunter,26.0,mobile_app,2024-01-13,0.35,25
3852,regular,49.0,in_store,2024-06-18,0.6,55
3853,loyal_vip,24.0,in_store,2024-10-26,0.85,120
3854,bargain_hunter,18.0,mobile_app,2024-01-08,0.35,25
3855,regular,55.0,web,2024-01-23,0.6,55
3856,bargain_hunter,28.0,web,2024-10-19,0.35,25
3857,one_off,45.0,web,2024-07-19,0.1,40
3858,loyal_vip,41.0,web,2024-09-03,0.85,120
3859,loyal_vip,44.0,in_store,2024-03-17,0.85,120
3860,bargain_hunter,54.0,web,2024-08-19,0.35,25
3861,bargain_hunter,35.0,web,2024-05-09,0.35,25
3862,regular,26.0,web,2024-04-13,0.6,55
3863,regular,,web,2024-01-15,0.6,55
3864,regular,36.0,mobile_app,2024-05-18,0.6,55
3865,bargain_hunter,22.0,web,2024-03-11,0.35,25
3866,regular,32.0,web,2024-06-24,0.6,55
3867,bargain_hunter,38.0,mobile_app,2024-06-21,0.35,25
3868,loyal_vip,62.0,mobile_app,2024-08-12,0.85,120
3869,bargain_hunter,46.0,in_store,2024-04-18,0.35,25
3870,bargain_hunter,45.0,mobile_app,2024-12-19,0.35,25
3871,regular,48.0,web,2024-05-29,0.6,55
3872,loyal_vip,59.0,in_store,2024-12-25,0.85,120
3873,regular,54.0,in_store,2024-02-15,0.6,55
3874,regular,38.0,mobile_app,2024-12-08,0.6,55
3875,bargain_hunter,58.0,web,2024-12-02,0.35,25
3876,loyal_vip,21.0,web,2024-05-22,0.85,120
3877,bargain_hunter,44.0,web,2024-11-13,0.35,25
3878,bargain_hunter,59.0,web,2024-03-08,0.35,25
3879,loyal_vip,39.0,web,2024-01-23,0.85,120
3880,regular,55.0,in_store,2024-12-02,0.6,55
3881,regular,31.0,mobile_app,2024-07-02,0.6,55
3882,loyal_vip,20.0,mobile_app,2024-08-07,0.85,120
3883,loyal_vip,23.0,mobile_app,2024-04-13,0.85,120
3884,regular,36.0,in_store,2024-01-05,0.6,55
3885,loyal_vip,26.0,web,2024-12-09,0.85,120
3886,regular,39.0,mobile_app,2024-09-22,0.6,55
3887,one_off,37.0,in_store,2024-08-29,0.1,40
3888,bargain_hunter,27.0,mobile_app,2024-05-02,0.35,25
3889,regular,69.0,web,2024-04-17,0.6,55
3890,bargain_hunter,31.0,mobile_app,2024-05-08,0.35,25
3891,bargain_hunter,49.0,mobile_app,2024-05-31,0.35,25
3892,regular,59.0,mobile_app,2024-09-25,0.6,55
3893,one_off,41.0,in_store,2024-05-25,0.1,40
3894,bargain_hunter,46.0,mobile_app,2024-09-25,0.35,25
3895,regular,18.0,web,2024-08-18,0.6,55
3896,regular,30.0,web,2024-01-25,0.6,55
3897,one_off,52.0,web,2024-02-15,0.1,40
3898,regular,18.0,web,2024-10-30,0.6,55
3899,bargain_hunter,21.0,web,2024-12-01,0.35,25
3900,one_off,44.0,web,2024-05-04,0.1,40
3901,bargain_hunter,60.0,web,2024-11-24,0.35,25
3902,bargain_hunter,32.0,web,2024-06-25,0.35,25
3903,bargain_hunter,51.0,web,2024-05-27,0.35,25
3904,bargain_hunter,58.0,web,2024-02-24,0.35,25
3905,loyal_vip,33.0,mobile_app,2024-09-01,0.85,120
3906,one_off,67.0,web,2024-05-27,0.1,40
3907,regular,,web,2024-11-20,0.6,55
3908,bargain_hunter,34.0,mobile_app,2024-09-11,0.35,25
3909,bargain_hunter,40.0,web,2024-01-03,0.35,25
3910,bargain_hunter,32.0,web,2024-09-30,0.35,25
3911,bargain_hunter,18.0,web,2024-08-11,0.35,25
3912,bargain_hunter,18.0,mobile_app,2024-11-27,0.35,25
3913,regular,52.0,web,2024-06-08,0.6,55
3914,bargain_hunter,22.0,mobile_app,2024-06-13,0.35,25
3915,regular,45.0,mobile_app,2024-02-29,0.6,55
3916,regular,29.0,in_store,2024-02-01,0.6,55
3917,regular,38.0,mobile_app,2024-07-09,0.6,55
3918,bargain_hunter,29.0,web,2024-09-17,0.35,25
3919,loyal_vip,66.0,mobile_app,2024-02-25,0.85,120
3920,bargain_hunter,38.0,mobile_app,2024-04-02,0.35,25
3921,bargain_hunter,36.0,mobile_app,2024-08-27,0.35,25
3922,regular,37.0,mobile_app,2024-07-06,0.6,55
3923,regular,39.0,web,2024-01-03,0.6,55
3924,regular,49.0,web,2024-07-26,0.6,55
3925,loyal_vip,26.0,mobile_app,2024-10-19,0.85,120
3926,bargain_hunter,29.0,mobile_app,2024-12-20,0.35,25
3927,regular,51.0,web,2024-08-01,0.6,55
3928,loyal_vip,19.0,mobile_app,2024-11-11,0.85,120
3929,loyal_vip,47.0,in_store,2024-09-05,0.85,120
3930,regular,26.0,web,2024-12-14,0.6,55
3931,bargain_hunter,26.0,web,2024-10-16,0.35,25
3932,regular,22.0,mobile_app,2024-06-05,0.6,55
3933,bargain_hunter,37.0,mobile_app,2024-08-06,0.35,25
3934,regular,52.0,in_store,2024-09-13,0.6,55
3935,bargain_hunter,48.0,mobile_app,2024-03-06,0.35,25
3936,regular,31.0,web,2024-08-25,0.6,55
3937,regular,22.0,web,2024-02-13,0.6,55
3938,loyal_vip,45.0,in_store,2024-01-10,0.85,120
3939,bargain_hunter,34.0,web,2024-06-21,0.35,25
3940,bargain_hunter,45.0,web,2024-10-07,0.35,25
3941,bargain_hunter,25.0,web,2024-06-04,0.35,25
3942,regular,40.0,in_store,2024-03-12,0.6,55
3943,regular,39.0,web,2024-02-11,0.6,55
3944,bargain_hunter,53.0,mobile_app,2024-09-27,0.35,25
3945,regular,41.0,web,2024-09-16,0.6,55
3946,bargain_hunter,35.0,web,2024-10-31,0.35,25
3947,one_off,59.0,mobile_app,2024-01-03,0.1,40
3948,bargain_hunter,39.0,mobile_app,2024-09-09,0.35,25
3949,regular,51.0,web,2024-06-11,0.6,55
3950,regular,30.0,web,2024-03-03,0.6,55
3951,bargain_hunter,52.0,web,2024-12-03,0.35,25
3952,bargain_hunter,18.0,mobile_app,2024-05-20,0.35,25
3953,one_off,39.0,mobile_app,2024-10-29,0.1,40
3954,bargain_hunter,47.0,mobile_app,2024-04-12,0.35,25
3955,one_off,27.0,web,2024-05-16,0.1,40
3956,bargain_hunter,39.0,web,2024-08-02,0.35,25
3957,one_off,29.0,web,2024-05-11,0.1,40
3958,bargain_hunter,48.0,mobile_app,2024-06-17,0.35,25
3959,regular,67.0,mobile_app,2024-06-02,0.6,55
3960,bargain_hunter,34.0,mobile_app,2024-11-26,0.35,25
3961,bargain_hunter,32.0,mobile_app,2024-09-17,0.35,25
3962,loyal_vip,45.0,in_store,2024-12-06,0.85,120
3963,bargain_hunter,41.0,mobile_app,2024-01-17,0.35,25
3964,loyal_vip,27.0,web,2024-07-26,0.85,120
3965,one_off,45.0,web,2024-08-06,0.1,40
3966,loyal_vip,50.0,web,2024-11-14,0.85,120
3967,loyal_vip,21.0,mobile_app,2024-04-08,0.85,120
3968,regular,18.0,web,2024-11-16,0.6,55
3969,bargain_hunter,38.0,mobile_app,2024-10-19,0.35,25
3970,one_off,42.0,mobile_app,2024-05-08,0.1,40
3971,one_off,40.0,web,2024-04-29,0.1,40
3972,regular,38.0,mobile_app,2024-06-01,0.6,55
3973,bargain_hunter,60.0,mobile_app,2024-01-13,0.35,25
3974,bargain_hunter,49.0,mobile_app,2024-06-27,0.35,25
3975,loyal_vip,18.0,web,2024-10-11,0.85,120
3976,one_off,50.0,web,2024-04-13,0.1,40
3977,bargain_hunter,18.0,mobile_app,2024-02-23,0.35,25
3978,bargain_hunter,18.0,mobile_app,2024-07-05,0.35,25
3979,bargain_hunter,37.0,mobile_app,2024-08-12,0.35,25
3980,bargain_hunter,38.0,mobile_app,2024-09-12,0.35,25
3981,bargain_hunter,73.0,mobile_app,2024-05-27,0.35,25
3982,regular,37.0,web,2024-04-22,0.6,55
3983,one_off,43.0,web,2024-03-22,0.1,40
3984,loyal_vip,37.0,web,2024-12-11,0.85,120
3985,loyal_vip,29.0,mobile_app,2024-09-29,0.85,120
3986,regular,35.0,mobile_app,2024-12-30,0.6,55
3987,loyal_vip,37.0,web,2024-02-08,0.85,120
3988,one_off,60.0,web,2024-07-25,0.1,40
3989,bargain_hunter,44.0,web,2024-06-30,0.35,25
3990,bargain_hunter,34.0,mobile_app,2024-11-20,0.35,25
3991,bargain_hunter,46.0,web,2024-11-05,0.35,25
3992,loyal_vip,31.0,mobile_app,2024-08-26,0.85,120
3993,loyal_vip,42.0,mobile_app,2024-03-24,0.85,120
3994,regular,47.0,web,2024-02-01,0.6,55
3995,one_off,29.0,web,2024-02-09,0.1,40
3996,regular,34.0,web,2024-04-08,0.6,55
3997,regular,37.0,in_store,2024-01-31,0.6,55
3998,bargain_hunter,34.0,in_store,2024-02-27,0.35,25
3999,bargain_hunter,53.0,in_store,2024-06-11,0.35,25
4000,bargain_hunter,41.0,web,2024-06-03,0.35,25
4001,regular,33.0,web,2024-01-09,0.6,55
4002,loyal_vip,55.0,mobile_app,2024-02-15,0.85,120
4003,regular,65.0,in_store,2024-10-08,0.6,55
4004,regular,44.0,mobile_app,2024-12-03,0.6,55
4005,bargain_hunter,44.0,web,2024-05-15,0.35,25
4006,bargain_hunter,34.0,web,2024-08-19,0.35,25
4007,regular,43.0,web,2024-03-15,0.6,55
4008,bargain_hunter,35.0,web,2024-06-04,0.35,25
4009,loyal_vip,32.0,web,2024-07-29,0.85,120
4010,regular,36.0,web,2024-11-12,0.6,55
4011,one_off,70.0,in_store,2024-03-05,0.1,40
4012,loyal_vip,55.0,mobile_app,2024-05-05,0.85,120
4013,regular,33.0,mobile_app,2024-09-07,0.6,55
4014,regular,46.0,web,2024-06-05,0.6,55
4015,bargain_hunter,49.0,web,2024-03-08,0.35,25
4016,regular,28.0,web,2024-01-17,0.6,55
4017,one_off,58.0,web,2024-02-27,0.1,40
4018,bargain_hunter,41.0,in_store,2024-04-12,0.35,25
4019,regular,42.0,mobile_app,2024-04-10,0.6,55
4020,bargain_hunter,71.0,web,2024-10-16,0.35,25
4021,one_off,38.0,mobile_app,2024-07-11,0.1,40
4022,regular,18.0,web,2024-07-11,0.6,55
4023,regular,26.0,mobile_app,2024-02-20,0.6,55
4024,bargain_hunter,44.0,web,2024-10-19,0.35,25
4025,regular,32.0,web,2024-06-26,0.6,55
4026,bargain_hunter,40.0,mobile_app,2024-06-27,0.35,25
4027,regular,55.0,web,2024-04-23,0.6,55
4028,loyal_vip,40.0,in_store,2024-05-16,0.85,120
4029,regular,28.0,mobile_app,2024-04-09,0.6,55
4030,loyal_vip,29.0,web,2024-04-18,0.85,120
4031,regular,42.0,mobile_app,2024-04-26,0.6,55
4032,regular,23.0,mobile_app,2024-05-26,0.6,55
4033,regular,43.0,mobile_app,2024-07-18,0.6,55
4034,loyal_vip,53.0,web,2024-02-05,0.85,120
4035,loyal_vip,33.0,mobile_app,2024-12-23,0.85,120
4036,one_off,19.0,mobile_app,2024-03-30,0.1,40
4037,bargain_hunter,27.0,web,2024-07-28,0.35,25
4038,regular,50.0,in_store,2024-01-26,0.6,55
4039,regular,35.0,mobile_app,2024-03-19,0.6,55
4040,bargain_hunter,54.0,in_store,2024-04-08,0.35,25
4041,bargain_hunter,59.0,mobile_app,2024-05-01,0.35,25
4042,one_off,40.0,mobile_app,2024-04-10,0.1,40
4043,regular,34.0,in_store,2024-09-18,0.6,55
4044,regular,48.0,mobile_app,2024-01-01,0.6,55
4045,bargain_hunter,45.0,web,2024-02-19,0.35,25
4046,regular,41.0,mobile_app,2024-08-31,0.6,55
4047,bargain_hunter,46.0,mobile_app,2024-02-13,0.35,25
4048,bargain_hunter,34.0,in_store,2024-04-01,0.35,25
4049,bargain_hunter,56.0,web,2024-12-28,0.35,25
4050,one_off,47.0,mobile_app,2024-08-23,0.1,40
4051,regular,18.0,web,2024-12-01,0.6,55
4052,loyal_vip,42.0,web,2024-10-08,0.85,120
4053,regular,50.0,web,2024-07-17,0.6,55
4054,bargain_hunter,47.0,in_store,2024-03-13,0.35,25
4055,loyal_vip,43.0,web,2024-12-30,0.85,120
4056,bargain_hunter,49.0,mobile_app,2024-02-11,0.35,25
4057,regular,55.0,mobile_app,2024-12-15,0.6,55
4058,regular,25.0,web,2024-02-08,0.6,55
4059,regular,28.0,web,2024-03-28,0.6,55
4060,regular,42.0,mobile_app,2024-04-04,0.6,55
4061,loyal_vip,45.0,mobile_app,2024-11-08,0.85,120
4062,bargain_hunter,48.0,mobile_app,2024-03-08,0.35,25
4063,regular,31.0,web,2024-04-12,0.6,55
4064,regular,18.0,mobile_app,2024-05-13,0.6,55
4065,bargain_hunter,40.0,web,2024-08-30,0.35,25
4066,bargain_hunter,38.0,mobile_app,2024-11-19,0.35,25
4067,regular,,web,2024-10-28,0.6,55
4068,regular,41.0,web,2024-12-31,0.6,55
4069,regular,18.0,mobile_app,2024-11-20,0.6,55
4070,regular,47.0,mobile_app,2024-03-21,0.6,55
4071,one_off,38.0,web,2024-10-24,0.1,40
4072,regular,39.0,in_store,2024-01-04,0.6,55
4073,bargain_hunter,23.0,mobile_app,2024-03-04,0.35,25
4074,one_off,39.0,web,2024-12-13,0.1,40
4075,bargain_hunter,43.0,web,2024-10-26,0.35,25
4076,regular,49.0,mobile_app,2024-06-09,0.6,55
4077,regular,31.0,web,2024-11-09,0.6,55
4078,bargain_hunter,52.0,web,2024-11-24,0.35,25
4079,bargain_hunter,43.0,web,2024-07-31,0.35,25
4080,regular,47.0,web,2024-03-09,0.6,55
4081,regular,48.0,in_store,2024-10-29,0.6,55
4082,one_off,38.0,web,2024-02-14,0.1,40
4083,regular,63.0,mobile_app,2024-02-27,0.6,55
4084,regular,35.0,web,2024-07-01,0.6,55
4085,bargain_hunter,20.0,web,2024-05-04,0.35,25
4086,regular,39.0,web,2024-09-08,0.6,55
4087,bargain_hunter,41.0,mobile_app,2024-02-16,0.35,25
4088,bargain_hunter,48.0,web,2024-02-17,0.35,25
4089,bargain_hunter,70.0,mobile_app,2024-03-29,0.35,25
4090,regular,18.0,mobile_app,2024-07-09,0.6,55
4091,loyal_vip,45.0,mobile_app,2024-01-16,0.85,120
4092,bargain_hunter,28.0,mobile_app,2024-02-19,0.35,25
4093,loyal_vip,37.0,web,2024-10-30,0.85,120
4094,regular,38.0,mobile_app,2024-08-17,0.6,55
4095,regular,37.0,web,2024-04-12,0.6,55
4096,regular,42.0,mobile_app,2024-10-18,0.6,55
4097,one_off,36.0,mobile_app,2024-03-11,0.1,40
4098,bargain_hunter,56.0,web,2024-03-20,0.35,25
4099,bargain_hunter,52.0,web,2024-09-04,0.35,25
4100,regular,51.0,in_store,2024-05-21,0.6,55
4101,regular,61.0,web,2024-07-29,0.6,55
4102,bargain_hunter,24.0,mobile_app,2024-03-27,0.35,25
4103,loyal_vip,23.0,in_store,2024-02-07,0.85,120
4104,regular,52.0,web,2024-01-15,0.6,55
4105,loyal_vip,44.0,web,2024-12-07,0.85,120
4106,loyal_vip,40.0,web,2024-02-11,0.85,120
4107,loyal_vip,39.0,mobile_app,2024-03-30,0.85,120
4108,bargain_hunter,38.0,mobile_app,2024-12-04,0.35,25
4109,bargain_hunter,54.0,web,2024-05-17,0.35,25
4110,regular,49.0,web,2024-02-20,0.6,55
4111,loyal_vip,41.0,mobile_app,2024-07-01,0.85,120
4112,loyal_vip,18.0,web,2024-01-09,0.85,120
4113,regular,22.0,mobile_app,2024-11-18,0.6,55
4114,one_off,36.0,web,2024-05-14,0.1,40
4115,regular,58.0,web,2024-05-13,0.6,55
4116,regular,46.0,web,2024-08-13,0.6,55
4117,regular,48.0,mobile_app,2024-08-13,0.6,55
4118,loyal_vip,25.0,mobile_app,2024-05-08,0.85,120
4119,regular,38.0,mobile_app,2024-11-15,0.6,55
4120,bargain_hunter,42.0,web,2024-03-05,0.35,25
4121,regular,54.0,mobile_app,2024-09-07,0.6,55
4122,regular,,mobile_app,2024-07-04,0.6,55
4123,bargain_hunter,43.0,in_store,2024-02-23,0.35,25
4124,regular,52.0,web,2024-03-07,0.6,55
4125,bargain_hunter,47.0,web,2024-08-28,0.35,25
4126,bargain_hunter,44.0,mobile_app,2024-03-17,0.35,25
4127,bargain_hunter,40.0,web,2024-07-10,0.35,25
4128,one_off,29.0,web,2024-02-12,0.1,40
4129,bargain_hunter,18.0,in_store,2024-11-08,0.35,25
4130,regular,24.0,in_store,2024-08-19,0.6,55
4131,regular,60.0,web,2024-04-24,0.6,55
4132,one_off,18.0,mobile_app,2024-06-19,0.1,40
4133,bargain_hunter,41.0,mobile_app,2024-08-20,0.35,25
4134,bargain_hunter,55.0,mobile_app,2024-11-21,0.35,25
4135,bargain_hunter,36.0,web,2024-10-16,0.35,25
4136,bargain_hunter,46.0,mobile_app,2024-06-18,0.35,25
4137,regular,37.0,web,2024-04-07,0.6,55
4138,one_off,61.0,web,2024-10-05,0.1,40
4139,regular,39.0,web,2024-01-20,0.6,55
4140,bargain_hunter,26.0,web,2024-10-13,0.35,25
4141,regular,61.0,in_store,2024-10-21,0.6,55
4142,loyal_vip,50.0,web,2024-10-15,0.85,120
4143,regular,69.0,mobile_app,2024-02-02,0.6,55
4144,one_off,36.0,in_store,2024-07-13,0.1,40
4145,bargain_hunter,24.0,web,2024-12-27,0.35,25
4146,bargain_hunter,32.0,web,2024-12-30,0.35,25
4147,regular,43.0,in_store,2024-08-01,0.6,55
4148,bargain_hunter,36.0,web,2024-04-30,0.35,25
4149,bargain_hunter,38.0,web,2024-01-10,0.35,25
4150,bargain_hunter,44.0,web,2024-06-17,0.35,25
4151,regular,24.0,in_store,2024-06-23,0.6,55
4152,regular,59.0,in_store,2024-05-05,0.6,55
4153,regular,74.0,mobile_app,2024-12-24,0.6,55
4154,regular,,in_store,2024-06-27,0.6,55
4155,bargain_hunter,18.0,in_store,2024-05-19,0.35,25
4156,loyal_vip,49.0,web,2024-03-18,0.85,120
4157,regular,54.0,web,2024-07-20,0.6,55
4158,bargain_hunter,32.0,mobile_app,2024-06-28,0.35,25
4159,loyal_vip,47.0,web,2024-04-07,0.85,120
4160,bargain_hunter,42.0,mobile_app,2024-01-20,0.35,25
4161,one_off,39.0,in_store,2024-12-04,0.1,40
4162,bargain_hunter,34.0,web,2024-03-18,0.35,25
4163,loyal_vip,31.0,web,2024-12-24,0.85,120
4164,bargain_hunter,47.0,mobile_app,2024-05-25,0.35,25
4165,bargain_hunter,54.0,web,2024-04-29,0.35,25
4166,bargain_hunter,33.0,mobile_app,2024-11-01,0.35,25
4167,regular,43.0,web,2024-04-05,0.6,55
4168,bargain_hunter,40.0,mobile_app,2024-06-04,0.35,25
4169,regular,46.0,web,2024-11-11,0.6,55
4170,regular,25.0,web,2024-04-22,0.6,55
4171,regular,56.0,mobile_app,2024-05-18,0.6,55
4172,one_off,47.0,web,2024-11-10,0.1,40
4173,bargain_hunter,19.0,mobile_app,2024-12-26,0.35,25
4174,regular,41.0,mobile_app,2024-02-19,0.6,55
4175,bargain_hunter,50.0,in_store,2024-02-14,0.35,25
4176,regular,40.0,mobile_app,2024-12-12,0.6,55
4177,loyal_vip,53.0,in_store,2024-09-18,0.85,120
4178,bargain_hunter,41.0,mobile_app,2024-08-28,0.35,25
4179,loyal_vip,33.0,mobile_app,2024-04-02,0.85,120
4180,bargain_hunter,45.0,web,2024-08-03,0.35,25
4181,bargain_hunter,32.0,web,2024-06-26,0.35,25
4182,loyal_vip,66.0,web,2024-11-03,0.85,120
4183,regular,36.0,mobile_app,2024-05-26,0.6,55
4184,bargain_hunter,,mobile_app,2024-11-07,0.35,25
4185,regular,32.0,in_store,2024-03-18,0.6,55
4186,bargain_hunter,40.0,web,2024-06-30,0.35,25
4187,regular,45.0,web,2024-09-03,0.6,55
4188,regular,40.0,in_store,2024-08-30,0.6,55
4189,loyal_vip,33.0,web,2024-03-29,0.85,120
4190,regular,46.0,in_store,2024-10-03,0.6,55
4191,one_off,45.0,in_store,2024-09-30,0.1,40
4192,bargain_hunter,45.0,mobile_app,2024-02-24,0.35,25
4193,one_off,26.0,web,2024-09-23,0.1,40
4194,one_off,41.0,mobile_app,2024-11-23,0.1,40
4195,bargain_hunter,18.0,web,2024-02-19,0.35,25
4196,bargain_hunter,44.0,mobile_app,2024-12-02,0.35,25
4197,loyal_vip,36.0,web,2024-11-27,0.85,120
4198,one_off,40.0,web,2024-11-12,0.1,40
4199,regular,31.0,mobile_app,2024-06-13,0.6,55
4200,regular,26.0,mobile_app,2024-10-01,0.6,55
4201,regular,52.0,web,2024-08-20,0.6,55
4202,regular,32.0,mobile_app,2024-09-26,0.6,55
4203,bargain_hunter,55.0,web,2024-07-31,0.35,25
4204,regular,27.0,web,2024-05-11,0.6,55
4205,loyal_vip,32.0,web,2024-05-18,0.85,120
4206,one_off,18.0,web,2024-10-25,0.1,40
4207,regular,55.0,mobile_app,2024-08-22,0.6,55
4208,regular,54.0,mobile_app,2024-09-23,0.6,55
4209,bargain_hunter,28.0,mobile_app,2024-06-02,0.35,25
4210,regular,51.0,web,2024-07-11,0.6,55
4211,regular,53.0,mobile_app,2024-08-24,0.6,55
4212,regular,68.0,in_store,2024-06-09,0.6,55
4213,bargain_hunter,40.0,web,2024-04-25,0.35,25
4214,bargain_hunter,41.0,web,2024-02-07,0.35,25
4215,bargain_hunter,51.0,in_store,2024-05-20,0.35,25
4216,bargain_hunter,62.0,in_store,2024-06-04,0.35,25
4217,loyal_vip,62.0,mobile_app,2024-02-26,0.85,120
4218,bargain_hunter,50.0,mobile_app,2024-01-05,0.35,25
4219,regular,61.0,web,2024-12-06,0.6,55
4220,loyal_vip,47.0,web,2024-04-20,0.85,120
4221,bargain_hunter,45.0,web,2024-04-09,0.35,25
4222,regular,53.0,mobile_app,2024-02-11,0.6,55
4223,regular,45.0,mobile_app,2024-05-17,0.6,55
4224,regular,51.0,mobile_app,2024-08-21,0.6,55
4225,regular,31.0,mobile_app,2024-08-18,0.6,55
4226,regular,50.0,mobile_app,2024-12-09,0.6,55
4227,one_off,18.0,web,2024-02-08,0.1,40
4228,one_off,49.0,web,2024-05-21,0.1,40
4229,bargain_hunter,31.0,web,2024-03-15,0.35,25
4230,regular,54.0,in_store,2024-01-13,0.6,55
4231,bargain_hunter,43.0,in_store,2024-02-03,0.35,25
4232,bargain_hunter,34.0,web,2024-04-14,0.35,25
4233,regular,43.0,web,2024-02-13,0.6,55
4234,regular,31.0,web,2024-03-19,0.6,55
4235,bargain_hunter,48.0,in_store,2024-11-12,0.35,25
4236,one_off,50.0,web,2024-12-02,0.1,40
4237,bargain_hunter,36.0,mobile_app,2024-06-16,0.35,25
4238,loyal_vip,75.0,web,2024-08-21,0.85,120
4239,regular,39.0,mobile_app,2024-10-05,0.6,55
4240,one_off,45.0,web,2024-03-15,0.1,40
4241,regular,32.0,web,2024-05-29,0.6,55
4242,loyal_vip,42.0,web,2024-11-13,0.85,120
4243,loyal_vip,18.0,mobile_app,2024-04-18,0.85,120
4244,regular,29.0,in_store,2024-09-13,0.6,55
4245,loyal_vip,58.0,web,2024-06-14,0.85,120
4246,regular,40.0,mobile_app,2024-04-14,0.6,55
4247,one_off,49.0,mobile_app,2024-06-27,0.1,40
4248,bargain_hunter,45.0,web,2024-10-21,0.35,25
4249,loyal_vip,45.0,mobile_app,2024-01-05,0.85,120
4250,regular,26.0,in_store,2024-05-01,0.6,55
4251,one_off,52.0,in_store,2024-06-18,0.1,40
4252,bargain_hunter,21.0,mobile_app,2024-06-27,0.35,25
4253,bargain_hunter,61.0,web,2024-12-30,0.35,25
4254,bargain_hunter,29.0,mobile_app,2024-03-13,0.35,25
4255,regular,18.0,mobile_app,2024-03-05,0.6,55
4256,bargain_hunter,44.0,mobile_app,2024-12-05,0.35,25
4257,regular,18.0,web,2024-07-11,0.6,55
4258,bargain_hunter,,mobile_app,2024-08-20,0.35,25
4259,bargain_hunter,52.0,mobile_app,2024-09-28,0.35,25
4260,bargain_hunter,59.0,mobile_app,2024-03-22,0.35,25
4261,regular,36.0,in_store,2024-11-04,0.6,55
4262,bargain_hunter,45.0,web,2024-08-23,0.35,25
4263,one_off,41.0,mobile_app,2024-09-09,0.1,40
4264,bargain_hunter,41.0,mobile_app,2024-08-29,0.35,25
4265,one_off,32.0,in_store,2024-07-10,0.1,40
4266,bargain_hunter,49.0,in_store,2024-03-09,0.35,25
4267,one_off,48.0,mobile_app,2024-05-06,0.1,40
4268,regular,43.0,web,2024-11-08,0.6,55
4269,bargain_hunter,38.0,web,2024-01-21,0.35,25
4270,regular,37.0,in_store,2024-06-23,0.6,55
4271,one_off,28.0,web,2024-12-08,0.1,40
4272,bargain_hunter,62.0,in_store,2024-09-29,0.35,25
4273,loyal_vip,31.0,web,2024-12-30,0.85,120
4274,bargain_hunter,31.0,web,2024-12-12,0.35,25
4275,loyal_vip,49.0,web,2024-02-14,0.85,120
4276,regular,28.0,web,2024-02-18,0.6,55
4277,regular,43.0,mobile_app,2024-02-18,0.6,55
4278,bargain_hunter,43.0,in_store,2024-07-20,0.35,25
4279,regular,42.0,web,2024-08-17,0.6,55
4280,regular,32.0,in_store,2024-12-04,0.6,55
4281,regular,33.0,web,2024-09-07,0.6,55
4282,regular,59.0,in_store,2024-06-13,0.6,55
4283,loyal_vip,23.0,web,2024-08-27,0.85,120
4284,regular,38.0,mobile_app,2024-04-06,0.6,55
4285,regular,36.0,in_store,2024-12-26,0.6,55
4286,regular,42.0,in_store,2024-01-16,0.6,55
4287,regular,61.0,mobile_app,2024-02-24,0.6,55
4288,bargain_hunter,71.0,web,2024-11-17,0.35,25
4289,bargain_hunter,40.0,web,2024-10-07,0.35,25
4290,regular,23.0,web,2024-10-17,0.6,55
4291,bargain_hunter,57.0,web,2024-10-05,0.35,25
4292,one_off,48.0,web,2024-08-01,0.1,40
4293,regular,53.0,mobile_app,2024-11-05,0.6,55
4294,bargain_hunter,59.0,web,2024-02-23,0.35,25
4295,bargain_hunter,40.0,mobile_app,2024-11-21,0.35,25
4296,one_off,41.0,mobile_app,2024-01-28,0.1,40
4297,one_off,58.0,web,2024-04-11,0.1,40
4298,regular,39.0,web,2024-10-14,0.6,55
4299,regular,29.0,web,2024-08-20,0.6,55
4300,regular,61.0,in_store,2024-05-11,0.6,55
4301,loyal_vip,37.0,web,2024-11-02,0.85,120
4302,loyal_vip,37.0,web,2024-08-15,0.85,120
4303,loyal_vip,27.0,mobile_app,2024-06-28,0.85,120
4304,regular,59.0,web,2024-06-18,0.6,55
4305,bargain_hunter,34.0,mobile_app,2024-07-02,0.35,25
4306,bargain_hunter,18.0,web,2024-07-02,0.35,25
4307,bargain_hunter,64.0,in_store,2024-12-24,0.35,25
4308,regular,55.0,web,2024-12-10,0.6,55
4309,bargain_hunter,22.0,mobile_app,2024-01-12,0.35,25
4310,bargain_hunter,36.0,web,2024-10-17,0.35,25
4311,loyal_vip,52.0,web,2024-07-23,0.85,120
4312,bargain_hunter,22.0,in_store,2024-11-10,0.35,25
4313,one_off,47.0,in_store,2024-09-19,0.1,40
4314,bargain_hunter,45.0,mobile_app,2024-07-18,0.35,25
4315,loyal_vip,29.0,in_store,2024-09-16,0.85,120
4316,one_off,,mobile_app,2024-02-14,0.1,40
4317,bargain_hunter,59.0,mobile_app,2024-07-25,0.35,25
4318,bargain_hunter,57.0,in_store,2024-05-08,0.35,25
4319,one_off,46.0,web,2024-11-01,0.1,40
4320,loyal_vip,48.0,web,2024-11-09,0.85,120
4321,regular,39.0,web,2024-12-30,0.6,55
4322,bargain_hunter,45.0,web,2024-08-31,0.35,25
4323,loyal_vip,32.0,web,2024-01-06,0.85,120
4324,bargain_hunter,39.0,mobile_app,2024-01-23,0.35,25
4325,regular,45.0,web,2024-08-28,0.6,55
4326,regular,43.0,web,2024-01-30,0.6,55
4327,loyal_vip,47.0,mobile_app,2024-12-22,0.85,120
4328,loyal_vip,41.0,mobile_app,2024-11-09,0.85,120
4329,loyal_vip,47.0,web,2024-04-03,0.85,120
4330,loyal_vip,58.0,web,2024-05-28,0.85,120
4331,regular,47.0,web,2024-05-12,0.6,55
4332,regular,47.0,mobile_app,2024-11-16,0.6,55
4333,one_off,32.0,mobile_app,2024-05-11,0.1,40
4334,bargain_hunter,28.0,web,2024-03-12,0.35,25
4335,bargain_hunter,36.0,in_store,2024-01-27,0.35,25
4336,bargain_hunter,40.0,mobile_app,2024-02-01,0.35,25
4337,bargain_hunter,44.0,in_store,2024-11-15,0.35,25
4338,bargain_hunter,47.0,web,2024-09-18,0.35,25
4339,one_off,42.0,web,2024-08-30,0.1,40
4340,regular,46.0,web,2024-06-08,0.6,55
4341,regular,31.0,mobile_app,2024-02-14,0.6,55
4342,bargain_hunter,30.0,mobile_app,2024-02-12,0.35,25
4343,loyal_vip,42.0,web,2024-10-04,0.85,120
4344,loyal_vip,34.0,mobile_app,2024-07-16,0.85,120
4345,regular,48.0,web,2024-05-08,0.6,55
4346,bargain_hunter,18.0,web,2024-03-27,0.35,25
4347,regular,43.0,mobile_app,2024-06-26,0.6,55
4348,bargain_hunter,74.0,web,2024-07-18,0.35,25
4349,one_off,46.0,mobile_app,2024-11-19,0.1,40
4350,regular,46.0,mobile_app,2024-01-26,0.6,55
4351,bargain_hunter,37.0,mobile_app,2024-06-06,0.35,25
4352,loyal_vip,41.0,mobile_app,2024-03-10,0.85,120
4353,regular,30.0,mobile_app,2024-12-21,0.6,55
4354,bargain_hunter,55.0,mobile_app,2024-09-30,0.35,25
4355,regular,35.0,mobile_app,2024-06-23,0.6,55
4356,bargain_hunter,34.0,mobile_app,2024-12-30,0.35,25
4357,loyal_vip,38.0,in_store,2024-04-01,0.85,120
4358,regular,44.0,in_store,2024-04-11,0.6,55
4359,one_off,28.0,web,2024-10-08,0.1,40
4360,regular,34.0,in_store,2024-04-18,0.6,55
4361,loyal_vip,37.0,web,2024-07-05,0.85,120
4362,bargain_hunter,50.0,mobile_app,2024-01-02,0.35,25
4363,regular,34.0,mobile_app,2024-03-01,0.6,55
4364,regular,62.0,web,2024-10-01,0.6,55
4365,bargain_hunter,45.0,mobile_app,2024-04-04,0.35,25
4366,one_off,38.0,mobile_app,2024-06-05,0.1,40
4367,regular,32.0,web,2024-09-14,0.6,55
4368,regular,18.0,in_store,2024-10-20,0.6,55
4369,bargain_hunter,48.0,web,2024-02-14,0.35,25
4370,bargain_hunter,51.0,web,2024-09-04,0.35,25
4371,bargain_hunter,36.0,web,2024-12-11,0.35,25
4372,regular,40.0,web,2024-08-26,0.6,55
4373,bargain_hunter,18.0,web,2024-10-26,0.35,25
4374,regular,36.0,web,2024-12-14,0.6,55
4375,regular,36.0,mobile_app,2024-02-16,0.6,55
4376,regular,40.0,web,2024-07-30,0.6,55
4377,one_off,34.0,in_store,2024-08-21,0.1,40
4378,regular,28.0,in_store,2024-03-04,0.6,55
4379,regular,28.0,mobile_app,2024-06-22,0.6,55
4380,bargain_hunter,39.0,mobile_app,2024-11-02,0.35,25
4381,regular,47.0,web,2024-02-15,0.6,55
4382,one_off,43.0,web,2024-03-28,0.1,40
4383,bargain_hunter,56.0,mobile_app,2024-09-05,0.35,25
4384,regular,26.0,mobile_app,2024-11-16,0.6,55
4385,loyal_vip,31.0,mobile_app,2024-02-05,0.85,120
4386,regular,18.0,mobile_app,2024-04-27,0.6,55
4387,regular,36.0,mobile_app,2024-11-21,0.6,55
4388,loyal_vip,37.0,web,2024-07-17,0.85,120
4389,regular,31.0,web,2024-04-07,0.6,55
4390,regular,28.0,in_store,2024-06-10,0.6,55
4391,regular,18.0,web,2024-05-11,0.6,55
4392,regular,37.0,in_store,2024-07-04,0.6,55
4393,regular,27.0,web,2024-05-16,0.6,55
4394,loyal_vip,45.0,mobile_app,2024-07-10,0.85,120
4395,bargain_hunter,39.0,web,2024-08-10,0.35,25
4396,regular,,mobile_app,2024-11-22,0.6,55
4397,regular,59.0,mobile_app,2024-05-11,0.6,55
4398,regular,56.0,web,2024-08-02,0.6,55
4399,one_off,33.0,web,2024-02-12,0.1,40
4400,regular,27.0,web,2024-02-09,0.6,55
4401,bargain_hunter,37.0,web,2024-07-08,0.35,25
4402,regular,39.0,in_store,2024-01-30,0.6,55
4403,regular,59.0,mobile_app,2024-01-08,0.6,55
4404,bargain_hunter,49.0,in_store,2024-03-06,0.35,25
4405,regular,26.0,web,2024-09-22,0.6,55
4406,bargain_hunter,37.0,web,2024-01-12,0.35,25
4407,regular,32.0,web,2024-03-21,0.6,55
4408,loyal_vip,49.0,mobile_app,2024-05-29,0.85,120
4409,loyal_vip,29.0,web,2024-05-20,0.85,120
4410,bargain_hunter,49.0,mobile_app,2024-03-28,0.35,25
4411,one_off,49.0,web,2024-08-21,0.1,40
4412,bargain_hunter,19.0,web,2024-02-01,0.35,25
4413,loyal_vip,55.0,web,2024-02-25,0.85,120
4414,one_off,54.0,mobile_app,2024-02-10,0.1,40
4415,bargain_hunter,27.0,mobile_app,2024-05-27,0.35,25
4416,bargain_hunter,57.0,web,2024-12-12,0.35,25
4417,regular,47.0,in_store,2024-04-03,0.6,55
4418,regular,48.0,in_store,2024-10-31,0.6,55
4419,regular,42.0,mobile_app,2024-11-12,0.6,55
4420,regular,51.0,mobile_app,2024-02-04,0.6,55
4421,one_off,47.0,web,2024-07-20,0.1,40
4422,regular,44.0,mobile_app,2024-03-16,0.6,55
4423,loyal_vip,77.0,mobile_app,2024-09-06,0.85,120
4424,bargain_hunter,42.0,in_store,2024-11-18,0.35,25
4425,regular,36.0,mobile_app,2024-10-21,0.6,55
4426,regular,41.0,mobile_app,2024-11-17,0.6,55
4427,regular,35.0,web,2024-02-17,0.6,55
4428,bargain_hunter,40.0,mobile_app,2024-05-22,0.35,25
4429,regular,33.0,mobile_app,2024-06-29,0.6,55
4430,loyal_vip,64.0,mobile_app,2024-08-14,0.85,120
4431,regular,29.0,mobile_app,2024-04-18,0.6,55
4432,bargain_hunter,18.0,web,2024-10-03,0.35,25
4433,loyal_vip,25.0,mobile_app,2024-07-24,0.85,120
4434,regular,54.0,web,2024-12-12,0.6,55
4435,regular,23.0,web,2024-09-06,0.6,55
4436,bargain_hunter,33.0,web,2024-01-30,0.35,25
4437,regular,18.0,mobile_app,2024-06-20,0.6,55
4438,regular,48.0,web,2024-08-08,0.6,55
4439,regular,58.0,mobile_app,2024-03-13,0.6,55
4440,regular,39.0,mobile_app,2024-12-06,0.6,55
4441,regular,26.0,web,2024-08-28,0.6,55
4442,bargain_hunter,46.0,mobile_app,2024-06-14,0.35,25
4443,loyal_vip,50.0,in_store,2024-06-02,0.85,120
4444,bargain_hunter,36.0,in_store,2024-07-31,0.35,25
4445,bargain_hunter,37.0,web,2024-07-11,0.35,25
4446,regular,54.0,web,2024-01-16,0.6,55
4447,one_off,20.0,in_store,2024-04-14,0.1,40
4448,regular,43.0,mobile_app,2024-08-01,0.6,55
4449,regular,30.0,mobile_app,2024-07-02,0.6,55
4450,regular,28.0,mobile_app,2024-05-06,0.6,55
4451,regular,48.0,web,2024-06-10,0.6,55
4452,bargain_hunter,52.0,web,2024-07-30,0.35,25
4453,regular,46.0,mobile_app,2024-06-29,0.6,55
4454,bargain_hunter,26.0,web,2024-01-04,0.35,25
4455,regular,28.0,mobile_app,2024-12-04,0.6,55
4456,regular,30.0,mobile_app,2024-06-21,0.6,55
4457,regular,44.0,web,2024-11-16,0.6,55
4458,loyal_vip,26.0,mobile_app,2024-07-22,0.85,120
4459,regular,19.0,web,2024-04-28,0.6,55
4460,bargain_hunter,49.0,web,2024-05-01,0.35,25
4461,bargain_hunter,38.0,mobile_app,2024-09-29,0.35,25
4462,regular,34.0,mobile_app,2024-01-22,0.6,55
4463,bargain_hunter,52.0,mobile_app,2024-05-27,0.35,25
4464,regular,39.0,in_store,2024-10-17,0.6,55
4465,regular,62.0,mobile_app,2024-03-15,0.6,55
4466,regular,23.0,web,2024-10-23,0.6,55
4467,bargain_hunter,38.0,web,2024-07-29,0.35,25
4468,loyal_vip,37.0,web,2024-02-12,0.85,120
4469,loyal_vip,18.0,web,2024-04-02,0.85,120
4470,bargain_hunter,56.0,web,2024-03-13,0.35,25
4471,regular,45.0,mobile_app,2024-01-15,0.6,55
4472,regular,62.0,mobile_app,2024-06-10,0.6,55
4473,regular,26.0,web,2024-05-09,0.6,55
4474,regular,44.0,web,2024-12-08,0.6,55
4475,regular,37.0,mobile_app,2024-05-19,0.6,55
4476,regular,46.0,mobile_app,2024-12-10,0.6,55
4477,loyal_vip,56.0,in_store,2024-03-06,0.85,120
4478,bargain_hunter,23.0,mobile_app,2024-06-12,0.35,25
4479,loyal_vip,33.0,web,2024-12-30,0.85,120
4480,regular,36.0,in_store,2024-08-10,0.6,55
4481,regular,36.0,web,2024-03-09,0.6,55
4482,loyal_vip,43.0,web,2024-02-26,0.85,120
4483,bargain_hunter,32.0,web,2024-05-13,0.35,25
4484,regular,30.0,web,2024-11-16,0.6,55
4485,one_off,50.0,mobile_app,2024-12-20,0.1,40
4486,one_off,47.0,mobile_app,2024-12-18,0.1,40
4487,regular,54.0,web,2024-09-17,0.6,55
4488,regular,34.0,web,2024-12-16,0.6,55
4489,bargain_hunter,54.0,web,2024-01-03,0.35,25
4490,loyal_vip,46.0,web,2024-04-01,0.85,120
4491,bargain_hunter,53.0,web,2024-07-28,0.35,25
4492,regular,43.0,mobile_app,2024-03-28,0.6,55
4493,one_off,54.0,mobile_app,2024-09-20,0.1,40
4494,regular,31.0,mobile_app,2024-10-11,0.6,55
4495,loyal_vip,55.0,web,2024-03-22,0.85,120
4496,loyal_vip,54.0,mobile_app,2024-12-19,0.85,120
4497,bargain_hunter,49.0,web,2024-12-04,0.35,25
4498,loyal_vip,54.0,mobile_app,2024-03-14,0.85,120
4499,one_off,36.0,web,2024-01-03,0.1,40
4500,regular,30.0,web,2024-03-26,0.6,55
4501,regular,28.0,web,2024-05-08,0.6,55
4502,regular,19.0,web,2024-04-17,0.6,55
4503,bargain_hunter,40.0,web,2024-05-29,0.35,25
4504,bargain_hunter,57.0,mobile_app,2024-05-05,0.35,25
4505,regular,44.0,web,2024-03-26,0.6,55
4506,bargain_hunter,49.0,mobile_app,2024-05-09,0.35,25
4507,loyal_vip,64.0,web,2024-04-14,0.85,120
4508,regular,43.0,web,2024-06-01,0.6,55
4509,one_off,18.0,mobile_app,2024-12-05,0.1,40
4510,one_off,51.0,web,2024-04-03,0.1,40
4511,regular,35.0,web,2024-04-23,0.6,55
4512,regular,50.0,in_store,2024-12-13,0.6,55
4513,regular,56.0,mobile_app,2024-06-30,0.6,55
4514,bargain_hunter,37.0,mobile_app,2024-07-12,0.35,25
4515,bargain_hunter,31.0,web,2024-06-18,0.35,25
4516,regular,31.0,web,2024-10-11,0.6,55
4517,regular,52.0,mobile_app,2024-07-13,0.6,55
4518,one_off,57.0,web,2024-05-09,0.1,40
4519,regular,37.0,mobile_app,2024-06-12,0.6,55
4520,bargain_hunter,37.0,web,2024-01-24,0.35,25
4521,bargain_hunter,52.0,mobile_app,2024-12-31,0.35,25
4522,bargain_hunter,19.0,mobile_app,2024-02-27,0.35,25
4523,regular,42.0,mobile_app,2024-11-19,0.6,55
4524,regular,40.0,mobile_app,2024-01-04,0.6,55
4525,bargain_hunter,30.0,mobile_app,2024-08-10,0.35,25
4526,one_off,46.0,web,2024-04-18,0.1,40
4527,bargain_hunter,58.0,mobile_app,2024-05-18,0.35,25
4528,loyal_vip,47.0,mobile_app,2024-05-12,0.85,120
4529,regular,37.0,in_store,2024-11-15,0.6,55
4530,bargain_hunter,34.0,mobile_app,2024-10-18,0.35,25
4531,regular,49.0,web,2024-12-26,0.6,55
4532,regular,35.0,web,2024-11-17,0.6,55
4533,regular,32.0,web,2024-10-01,0.6,55
4534,loyal_vip,38.0,in_store,2024-12-23,0.85,120
4535,bargain_hunter,22.0,web,2024-10-17,0.35,25
4536,loyal_vip,36.0,mobile_app,2024-12-01,0.85,120
4537,regular,27.0,mobile_app,2024-06-23,0.6,55
4538,regular,56.0,mobile_app,2024-08-24,0.6,55
4539,loyal_vip,50.0,mobile_app,2024-05-28,0.85,120
4540,regular,55.0,mobile_app,2024-04-12,0.6,55
4541,regular,56.0,web,2024-03-05,0.6,55
4542,regular,49.0,web,2024-03-06,0.6,55
4543,bargain_hunter,66.0,mobile_app,2024-04-20,0.35,25
4544,one_off,56.0,web,2024-08-30,0.1,40
4545,regular,38.0,mobile_app,2024-01-05,0.6,55
4546,regular,37.0,mobile_app,2024-06-11,0.6,55
4547,regular,36.0,mobile_app,2024-08-17,0.6,55
4548,regular,30.0,mobile_app,2024-11-18,0.6,55
4549,bargain_hunter,54.0,web,2024-04-22,0.35,25
4550,loyal_vip,45.0,web,2024-09-28,0.85,120
4551,loyal_vip,36.0,web,2024-02-23,0.85,120
4552,regular,30.0,mobile_app,2024-03-28,0.6,55
4553,regular,47.0,mobile_app,2024-05-05,0.6,55
4554,regular,52.0,web,2024-10-17,0.6,55
4555,regular,18.0,web,2024-05-05,0.6,55
4556,bargain_hunter,26.0,mobile_app,2024-02-03,0.35,25
4557,regular,37.0,mobile_app,2024-08-30,0.6,55
4558,regular,25.0,web,2024-11-28,0.6,55
4559,bargain_hunter,35.0,mobile_app,2024-01-03,0.35,25
4560,bargain_hunter,31.0,web,2024-12-06,0.35,25
4561,bargain_hunter,38.0,mobile_app,2024-04-29,0.35,25
4562,regular,44.0,web,2024-09-09,0.6,55
4563,bargain_hunter,47.0,web,2024-05-18,0.35,25
4564,loyal_vip,18.0,mobile_app,2024-06-13,0.85,120
4565,regular,39.0,web,2024-07-07,0.6,55
4566,regular,55.0,mobile_app,2024-04-03,0.6,55
4567,regular,31.0,web,2024-08-12,0.6,55
4568,regular,33.0,web,2024-08-08,0.6,55
4569,regular,47.0,mobile_app,2024-06-06,0.6,55
4570,regular,48.0,mobile_app,2024-12-01,0.6,55
4571,regular,28.0,mobile_app,2024-09-15,0.6,55
4572,regular,49.0,web,2024-04-02,0.6,55
4573,one_off,47.0,web,2024-05-14,0.1,40
4574,regular,56.0,mobile_app,2024-08-06,0.6,55
4575,regular,41.0,web,2024-10-01,0.6,55
4576,bargain_hunter,43.0,web,2024-08-19,0.35,25
4577,bargain_hunter,23.0,in_store,2024-01-05,0.35,25
4578,loyal_vip,33.0,web,2024-04-05,0.85,120
4579,bargain_hunter,41.0,in_store,2024-05-18,0.35,25
4580,regular,44.0,mobile_app,2024-09-12,0.6,55
4581,one_off,34.0,web,2024-02-11,0.1,40
4582,regular,28.0,web,2024-10-03,0.6,55
4583,regular,41.0,mobile_app,2024-05-02,0.6,55
4584,bargain_hunter,35.0,in_store,2024-06-12,0.35,25
4585,one_off,54.0,mobile_app,2024-11-16,0.1,40
4586,bargain_hunter,48.0,mobile_app,2024-09-18,0.35,25
4587,bargain_hunter,31.0,web,2024-06-18,0.35,25
4588,bargain_hunter,38.0,mobile_app,2024-01-30,0.35,25
4589,regular,35.0,web,2024-08-12,0.6,55
4590,regular,48.0,mobile_app,2024-08-12,0.6,55
4591,regular,42.0,mobile_app,2024-07-10,0.6,55
4592,bargain_hunter,38.0,in_store,2024-08-06,0.35,25
4593,regular,54.0,web,2024-01-20,0.6,55
4594,bargain_hunter,60.0,web,2024-10-31,0.35,25
4595,loyal_vip,49.0,mobile_app,2024-05-14,0.85,120
4596,bargain_hunter,34.0,mobile_app,2024-10-04,0.35,25
4597,bargain_hunter,50.0,mobile_app,2024-05-30,0.35,25
4598,loyal_vip,32.0,web,2024-06-02,0.85,120
4599,regular,22.0,web,2024-11-09,0.6,55
4600,loyal_vip,54.0,web,2024-11-04,0.85,120
4601,loyal_vip,33.0,web,2024-06-03,0.85,120
4602,bargain_hunter,63.0,mobile_app,2024-05-21,0.35,25
4603,bargain_hunter,62.0,web,2024-09-23,0.35,25
4604,bargain_hunter,59.0,mobile_app,2024-12-22,0.35,25
4605,loyal_vip,47.0,in_store,2024-02-18,0.85,120
4606,loyal_vip,37.0,web,2024-07-07,0.85,120
4607,bargain_hunter,20.0,in_store,2024-07-27,0.35,25
4608,loyal_vip,50.0,mobile_app,2024-12-27,0.85,120
4609,bargain_hunter,42.0,web,2024-03-04,0.35,25
4610,loyal_vip,18.0,web,2024-04-09,0.85,120
4611,bargain_hunter,40.0,web,2024-03-27,0.35,25
4612,loyal_vip,34.0,mobile_app,2024-07-04,0.85,120
4613,regular,40.0,mobile_app,2024-07-29,0.6,55
4614,loyal_vip,66.0,mobile_app,2024-01-16,0.85,120
4615,loyal_vip,54.0,web,2024-05-22,0.85,120
4616,bargain_hunter,,mobile_app,2024-12-17,0.35,25
4617,bargain_hunter,45.0,web,2024-08-07,0.35,25
4618,bargain_hunter,41.0,web,2024-12-11,0.35,25
4619,bargain_hunter,53.0,in_store,2024-04-20,0.35,25
4620,regular,18.0,web,2024-07-30,0.6,55
4621,loyal_vip,40.0,web,2024-12-19,0.85,120
4622,regular,40.0,web,2024-11-14,0.6,55
4623,one_off,28.0,mobile_app,2024-09-19,0.1,40
4624,regular,43.0,mobile_app,2024-09-16,0.6,55
4625,regular,53.0,mobile_app,2024-09-21,0.6,55
4626,regular,36.0,mobile_app,2024-02-20,0.6,55
4627,loyal_vip,46.0,in_store,2024-08-30,0.85,120
4628,loyal_vip,57.0,mobile_app,2024-05-29,0.85,120
4629,regular,,web,2024-12-02,0.6,55
4630,regular,67.0,web,2024-05-19,0.6,55
4631,bargain_hunter,42.0,in_store,2024-10-19,0.35,25
4632,bargain_hunter,62.0,mobile_app,2024-11-06,0.35,25
4633,bargain_hunter,35.0,web,2024-06-18,0.35,25
4634,bargain_hunter,31.0,mobile_app,2024-11-29,0.35,25
4635,bargain_hunter,57.0,mobile_app,2024-10-31,0.35,25
4636,bargain_hunter,,web,2024-01-26,0.35,25
4637,bargain_hunter,30.0,web,2024-08-25,0.35,25
4638,loyal_vip,24.0,mobile_app,2024-10-20,0.85,120
4639,regular,50.0,web,2024-10-15,0.6,55
4640,one_off,57.0,in_store,2024-01-24,0.1,40
4641,loyal_vip,63.0,web,2024-01-26,0.85,120
4642,loyal_vip,28.0,web,2024-01-15,0.85,120
4643,regular,46.0,in_store,2024-09-02,0.6,55
4644,regular,34.0,web,2024-04-12,0.6,55
4645,bargain_hunter,63.0,web,2024-08-16,0.35,25
4646,one_off,36.0,web,2024-05-05,0.1,40
4647,regular,43.0,mobile_app,2024-05-16,0.6,55
4648,bargain_hunter,30.0,web,2024-07-10,0.35,25
4649,regular,42.0,web,2024-04-06,0.6,55
4650,bargain_hunter,36.0,web,2024-09-08,0.35,25
4651,bargain_hunter,39.0,web,2024-02-08,0.35,25
4652,bargain_hunter,43.0,web,2024-01-02,0.35,25
4653,bargain_hunter,26.0,mobile_app,2024-09-28,0.35,25
4654,bargain_hunter,42.0,web,2024-07-16,0.35,25
4655,regular,34.0,mobile_app,2024-09-19,0.6,55
4656,regular,40.0,web,2024-08-02,0.6,55
4657,bargain_hunter,59.0,mobile_app,2024-09-29,0.35,25
4658,bargain_hunter,35.0,web,2024-03-28,0.35,25
4659,bargain_hunter,77.0,web,2024-05-21,0.35,25
4660,one_off,43.0,mobile_app,2024-04-27,0.1,40
4661,bargain_hunter,54.0,web,2024-04-05,0.35,25
4662,regular,60.0,web,2024-09-28,0.6,55
4663,bargain_hunter,18.0,web,2024-09-03,0.35,25
4664,bargain_hunter,51.0,web,2024-09-27,0.35,25
4665,regular,36.0,mobile_app,2024-01-30,0.6,55
4666,regular,49.0,mobile_app,2024-08-11,0.6,55
4667,bargain_hunter,50.0,mobile_app,2024-07-12,0.35,25
4668,bargain_hunter,34.0,mobile_app,2024-08-11,0.35,25
4669,bargain_hunter,49.0,web,2024-02-18,0.35,25
4670,bargain_hunter,36.0,web,2024-06-21,0.35,25
4671,regular,48.0,mobile_app,2024-11-01,0.6,55
4672,bargain_hunter,52.0,in_store,2024-12-04,0.35,25
4673,regular,62.0,web,2024-08-24,0.6,55
4674,bargain_hunter,63.0,in_store,2024-08-05,0.35,25
4675,loyal_vip,38.0,web,2024-03-06,0.85,120
4676,regular,28.0,in_store,2024-01-17,0.6,55
4677,one_off,20.0,web,2024-09-06,0.1,40
4678,loyal_vip,82.0,in_store,2024-01-04,0.85,120
4679,bargain_hunter,35.0,web,2024-02-07,0.35,25
4680,bargain_hunter,40.0,web,2024-01-06,0.35,25
4681,loyal_vip,50.0,mobile_app,2024-07-26,0.85,120
4682,regular,68.0,web,2024-03-13,0.6,55
4683,bargain_hunter,43.0,web,2024-04-24,0.35,25
4684,regular,75.0,mobile_app,2024-11-07,0.6,55
4685,regular,,web,2024-07-24,0.6,55
4686,bargain_hunter,50.0,mobile_app,2024-11-24,0.35,25
4687,regular,30.0,web,2024-08-05,0.6,55
4688,bargain_hunter,56.0,mobile_app,2024-03-22,0.35,25
4689,bargain_hunter,31.0,web,2024-01-25,0.35,25
4690,regular,19.0,web,2024-02-01,0.6,55
4691,bargain_hunter,29.0,mobile_app,2024-05-05,0.35,25
4692,bargain_hunter,42.0,mobile_app,2024-11-28,0.35,25
4693,regular,52.0,mobile_app,2024-01-07,0.6,55
4694,bargain_hunter,43.0,mobile_app,2024-06-23,0.35,25
4695,bargain_hunter,27.0,web,2024-08-21,0.35,25
4696,loyal_vip,28.0,web,2024-04-05,0.85,120
4697,bargain_hunter,32.0,mobile_app,2024-01-15,0.35,25
4698,loyal_vip,36.0,web,2024-03-03,0.85,120
4699,one_off,30.0,mobile_app,2024-08-24,0.1,40
4700,regular,27.0,mobile_app,2024-12-16,0.6,55
4701,one_off,32.0,mobile_app,2024-01-23,0.1,40
4702,bargain_hunter,45.0,web,2024-03-21,0.35,25
4703,bargain_hunter,45.0,web,2024-04-08,0.35,25
4704,regular,56.0,web,2024-09-04,0.6,55
4705,regular,47.0,web,2024-12-19,0.6,55
4706,bargain_hunter,53.0,mobile_app,2024-06-17,0.35,25
4707,bargain_hunter,42.0,web,2024-09-01,0.35,25
4708,loyal_vip,31.0,in_store,2024-10-30,0.85,120
4709,regular,48.0,web,2024-03-30,0.6,55
4710,loyal_vip,30.0,in_store,2024-06-02,0.85,120
4711,one_off,53.0,mobile_app,2024-09-10,0.1,40
4712,regular,35.0,mobile_app,2024-04-29,0.6,55
4713,regular,18.0,mobile_app,2024-06-25,0.6,55
4714,regular,18.0,mobile_app,2024-06-06,0.6,55
4715,regular,26.0,web,2024-07-31,0.6,55
4716,regular,28.0,mobile_app,2024-08-24,0.6,55
4717,bargain_hunter,19.0,web,2024-02-27,0.35,25
4718,bargain_hunter,36.0,mobile_app,2024-04-28,0.35,25
4719,regular,39.0,mobile_app,2024-08-14,0.6,55
4720,loyal_vip,31.0,mobile_app,2024-10-01,0.85,120
4721,bargain_hunter,60.0,mobile_app,2024-05-16,0.35,25
4722,regular,36.0,in_store,2024-12-31,0.6,55
4723,bargain_hunter,49.0,web,2024-02-26,0.35,25
4724,bargain_hunter,53.0,mobile_app,2024-04-26,0.35,25
4725,bargain_hunter,,in_store,2024-02-18,0.35,25
4726,bargain_hunter,61.0,web,2024-01-24,0.35,25
4727,bargain_hunter,18.0,mobile_app,2024-11-17,0.35,25
4728,one_off,44.0,mobile_app,2024-10-26,0.1,40
4729,bargain_hunter,40.0,web,2024-01-29,0.35,25
4730,bargain_hunter,39.0,mobile_app,2024-10-10,0.35,25
4731,bargain_hunter,44.0,web,2024-10-29,0.35,25
4732,one_off,33.0,web,2024-12-29,0.1,40
4733,bargain_hunter,24.0,web,2024-11-21,0.35,25
4734,bargain_hunter,44.0,web,2024-07-02,0.35,25
4735,bargain_hunter,57.0,mobile_app,2024-12-27,0.35,25
4736,regular,18.0,mobile_app,2024-03-21,0.6,55
4737,regular,23.0,in_store,2024-07-06,0.6,55
4738,regular,37.0,mobile_app,2024-07-04,0.6,55
4739,bargain_hunter,18.0,web,2024-07-12,0.35,25
4740,bargain_hunter,46.0,mobile_app,2024-12-25,0.35,25
4741,regular,,web,2024-10-31,0.6,55
4742,loyal_vip,36.0,web,2024-05-05,0.85,120
4743,regular,29.0,web,2024-11-07,0.6,55
4744,bargain_hunter,47.0,mobile_app,2024-07-24,0.35,25
4745,bargain_hunter,19.0,web,2024-09-13,0.35,25
4746,regular,34.0,mobile_app,2024-04-27,0.6,55
4747,one_off,34.0,web,2024-12-18,0.1,40
4748,regular,52.0,web,2024-07-06,0.6,55
4749,regular,72.0,web,2024-06-28,0.6,55
4750,bargain_hunter,45.0,in_store,2024-08-05,0.35,25
4751,loyal_vip,44.0,mobile_app,2024-04-25,0.85,120
4752,bargain_hunter,37.0,web,2024-03-06,0.35,25
4753,loyal_vip,20.0,mobile_app,2024-05-23,0.85,120
4754,regular,55.0,mobile_app,2024-05-02,0.6,55
4755,bargain_hunter,52.0,web,2024-09-22,0.35,25
4756,regular,31.0,in_store,2024-05-27,0.6,55
4757,bargain_hunter,46.0,in_store,2024-08-30,0.35,25
4758,one_off,38.0,web,2024-01-25,0.1,40
4759,regular,18.0,mobile_app,2024-04-01,0.6,55
4760,loyal_vip,41.0,web,2024-07-25,0.85,120
4761,regular,45.0,web,2024-01-31,0.6,55
4762,bargain_hunter,39.0,mobile_app,2024-05-01,0.35,25
4763,bargain_hunter,40.0,web,2024-10-30,0.35,25
4764,regular,50.0,web,2024-01-19,0.6,55
4765,regular,47.0,web,2024-09-16,0.6,55
4766,bargain_hunter,43.0,web,2024-11-14,0.35,25
4767,regular,48.0,web,2024-08-14,0.6,55
4768,loyal_vip,,in_store,2024-05-17,0.85,120
4769,regular,40.0,in_store,2024-02-17,0.6,55
4770,loyal_vip,30.0,web,2024-02-11,0.85,120
4771,regular,26.0,in_store,2024-10-03,0.6,55
4772,regular,53.0,web,2024-01-29,0.6,55
4773,regular,29.0,mobile_app,2024-07-31,0.6,55
4774,bargain_hunter,33.0,mobile_app,2024-03-03,0.35,25
4775,loyal_vip,40.0,mobile_app,2024-06-08,0.85,120
4776,regular,31.0,in_store,2024-03-21,0.6,55
4777,loyal_vip,21.0,mobile_app,2024-10-14,0.85,120
4778,regular,42.0,web,2024-11-13,0.6,55
4779,loyal_vip,43.0,mobile_app,2024-07-13,0.85,120
4780,regular,39.0,mobile_app,2024-05-03,0.6,55
4781,bargain_hunter,45.0,mobile_app,2024-12-01,0.35,25
4782,regular,40.0,mobile_app,2024-10-16,0.6,55
4783,bargain_hunter,44.0,mobile_app,2024-01-12,0.35,25
4784,regular,21.0,web,2024-03-19,0.6,55
4785,regular,36.0,web,2024-06-04,0.6,55
4786,regular,55.0,mobile_app,2024-08-04,0.6,55
4787,bargain_hunter,43.0,web,2024-06-24,0.35,25
4788,regular,33.0,mobile_app,2024-01-16,0.6,55
4789,bargain_hunter,59.0,mobile_app,2024-09-01,0.35,25
4790,regular,44.0,mobile_app,2024-12-12,0.6,55
4791,loyal_vip,41.0,mobile_app,2024-01-19,0.85,120
4792,one_off,18.0,mobile_app,2024-05-23,0.1,40
4793,regular,79.0,web,2024-02-19,0.6,55
4794,regular,45.0,web,2024-07-21,0.6,55
4795,bargain_hunter,41.0,mobile_app,2024-07-05,0.35,25
4796,regular,42.0,web,2024-04-23,0.6,55
4797,bargain_hunter,54.0,web,2024-02-04,0.35,25
4798,loyal_vip,,mobile_app,2024-01-14,0.85,120
4799,regular,69.0,web,2024-07-15,0.6,55
4800,bargain_hunter,63.0,web,2024-03-04,0.35,25
4801,regular,35.0,mobile_app,2024-10-18,0.6,55
4802,bargain_hunter,21.0,mobile_app,2024-02-14,0.35,25
4803,regular,50.0,mobile_app,2024-05-16,0.6,55
4804,regular,44.0,web,2024-01-19,0.6,55
4805,regular,22.0,mobile_app,2024-05-25,0.6,55
4806,bargain_hunter,40.0,mobile_app,2024-04-07,0.35,25
4807,bargain_hunter,42.0,web,2024-05-04,0.35,25
4808,regular,50.0,mobile_app,2024-08-18,0.6,55
4809,regular,26.0,in_store,2024-04-17,0.6,55
4810,bargain_hunter,53.0,web,2024-11-13,0.35,25
4811,bargain_hunter,48.0,mobile_app,2024-06-12,0.35,25
4812,regular,44.0,web,2024-12-02,0.6,55
4813,regular,23.0,in_store,2024-11-20,0.6,55
4814,bargain_hunter,28.0,web,2024-08-09,0.35,25
4815,bargain_hunter,54.0,web,2024-05-31,0.35,25
4816,one_off,35.0,web,2024-09-11,0.1,40
4817,regular,36.0,mobile_app,2024-10-23,0.6,55
4818,regular,33.0,in_store,2024-02-28,0.6,55
4819,loyal_vip,47.0,mobile_app,2024-03-05,0.85,120
4820,loyal_vip,28.0,web,2024-03-24,0.85,120
4821,one_off,27.0,mobile_app,2024-12-12,0.1,40
4822,regular,53.0,web,2024-07-03,0.6,55
4823,one_off,28.0,web,2024-09-21,0.1,40
4824,bargain_hunter,40.0,mobile_app,2024-08-30,0.35,25
4825,regular,54.0,in_store,2024-08-07,0.6,55
4826,bargain_hunter,46.0,mobile_app,2024-12-28,0.35,25
4827,bargain_hunter,60.0,in_store,2024-11-04,0.35,25
4828,bargain_hunter,34.0,mobile_app,2024-10-10,0.35,25
4829,regular,44.0,mobile_app,2024-10-07,0.6,55
4830,loyal_vip,66.0,in_store,2024-08-05,0.85,120
4831,regular,49.0,mobile_app,2024-06-07,0.6,55
4832,loyal_vip,34.0,in_store,2024-11-21,0.85,120
4833,loyal_vip,47.0,mobile_app,2024-08-30,0.85,120
4834,regular,60.0,in_store,2024-02-28,0.6,55
4835,regular,65.0,mobile_app,2024-03-13,0.6,55
4836,loyal_vip,26.0,web,2024-02-22,0.85,120
4837,bargain_hunter,64.0,web,2024-05-08,0.35,25
4838,bargain_hunter,36.0,web,2024-11-02,0.35,25
4839,bargain_hunter,60.0,in_store,2024-02-24,0.35,25
4840,one_off,35.0,web,2024-04-15,0.1,40
4841,loyal_vip,20.0,mobile_app,2024-09-28,0.85,120
4842,one_off,36.0,in_store,2024-03-13,0.1,40
4843,regular,,web,2024-04-02,0.6,55
4844,bargain_hunter,50.0,in_store,2024-09-09,0.35,25
4845,regular,29.0,web,2024-12-04,0.6,55
4846,bargain_hunter,55.0,web,2024-12-20,0.35,25
4847,bargain_hunter,46.0,web,2024-07-02,0.35,25
4848,regular,52.0,web,2024-05-02,0.6,55
4849,bargain_hunter,34.0,web,2024-08-02,0.35,25
4850,bargain_hunter,53.0,web,2024-08-07,0.35,25
4851,regular,52.0,mobile_app,2024-02-16,0.6,55
4852,loyal_vip,58.0,mobile_app,2024-06-23,0.85,120
4853,regular,59.0,in_store,2024-01-17,0.6,55
4854,regular,28.0,web,2024-11-12,0.6,55
4855,bargain_hunter,33.0,mobile_app,2024-12-11,0.35,25
4856,loyal_vip,36.0,mobile_app,2024-07-23,0.85,120
4857,loyal_vip,64.0,in_store,2024-12-09,0.85,120
4858,loyal_vip,42.0,web,2024-07-24,0.85,120
4859,bargain_hunter,18.0,web,2024-08-12,0.35,25
4860,one_off,40.0,mobile_app,2024-12-04,0.1,40
4861,regular,26.0,mobile_app,2024-08-02,0.6,55
4862,regular,48.0,mobile_app,2024-03-13,0.6,55
4863,loyal_vip,39.0,mobile_app,2024-02-28,0.85,120
4864,regular,47.0,mobile_app,2024-05-18,0.6,55
4865,bargain_hunter,41.0,web,2024-12-18,0.35,25
4866,one_off,18.0,mobile_app,2024-01-03,0.1,40
4867,one_off,,mobile_app,2024-03-05,0.1,40
4868,bargain_hunter,33.0,web,2024-01-27,0.35,25
4869,bargain_hunter,59.0,web,2024-05-04,0.35,25
4870,bargain_hunter,59.0,web,2024-08-18,0.35,25
4871,regular,60.0,in_store,2024-11-14,0.6,55
4872,bargain_hunter,29.0,web,2024-11-09,0.35,25
4873,bargain_hunter,21.0,web,2024-06-19,0.35,25
4874,regular,48.0,web,2024-07-23,0.6,55
4875,regular,38.0,web,2024-08-22,0.6,55
4876,one_off,61.0,mobile_app,2024-04-18,0.1,40
4877,one_off,29.0,web,2024-10-07,0.1,40
4878,bargain_hunter,35.0,web,2024-06-23,0.35,25
4879,regular,62.0,web,2024-09-26,0.6,55
4880,one_off,25.0,web,2024-10-07,0.1,40
4881,one_off,44.0,mobile_app,2024-06-07,0.1,40
4882,bargain_hunter,70.0,in_store,2024-12-04,0.35,25
4883,regular,41.0,mobile_app,2024-03-03,0.6,55
4884,bargain_hunter,32.0,web,2024-12-30,0.35,25
4885,regular,58.0,mobile_app,2024-11-21,0.6,55
4886,regular,54.0,web,2024-11-08,0.6,55
4887,bargain_hunter,70.0,mobile_app,2024-02-15,0.35,25
4888,bargain_hunter,52.0,mobile_app,2024-03-29,0.35,25
4889,one_off,46.0,in_store,2024-06-10,0.1,40
4890,regular,45.0,mobile_app,2024-09-23,0.6,55
4891,loyal_vip,23.0,mobile_app,2024-11-23,0.85,120
4892,bargain_hunter,44.0,in_store,2024-11-20,0.35,25
4893,regular,28.0,mobile_app,2024-10-01,0.6,55
4894,regular,31.0,in_store,2024-04-03,0.6,55
4895,loyal_vip,45.0,web,2024-11-20,0.85,120
4896,bargain_hunter,67.0,web,2024-08-02,0.35,25
4897,bargain_hunter,43.0,in_store,2024-12-26,0.35,25
4898,bargain_hunter,46.0,mobile_app,2024-02-28,0.35,25
4899,bargain_hunter,43.0,web,2024-01-12,0.35,25
4900,regular,35.0,web,2024-09-16,0.6,55
4901,bargain_hunter,43.0,web,2024-11-04,0.35,25
4902,bargain_hunter,43.0,mobile_app,2024-02-03,0.35,25
4903,bargain_hunter,45.0,mobile_app,2024-09-27,0.35,25
4904,loyal_vip,61.0,mobile_app,2024-07-08,0.85,120
4905,regular,42.0,web,2024-09-17,0.6,55
4906,regular,52.0,in_store,2024-08-19,0.6,55
4907,regular,37.0,web,2024-01-01,0.6,55
4908,loyal_vip,31.0,web,2024-04-30,0.85,120
4909,regular,33.0,web,2024-07-16,0.6,55
4910,regular,29.0,web,2024-03-07,0.6,55
4911,loyal_vip,34.0,web,2024-12-01,0.85,120
4912,regular,49.0,mobile_app,2024-11-27,0.6,55
4913,regular,53.0,in_store,2024-04-30,0.6,55
4914,regular,28.0,mobile_app,2024-02-26,0.6,55
4915,bargain_hunter,40.0,web,2024-08-09,0.35,25
4916,regular,40.0,mobile_app,2024-10-13,0.6,55
4917,bargain_hunter,28.0,mobile_app,2024-07-11,0.35,25
4918,loyal_vip,36.0,mobile_app,2024-02-26,0.85,120
4919,one_off,69.0,mobile_app,2024-06-28,0.1,40
4920,regular,38.0,mobile_app,2024-07-30,0.6,55
4921,bargain_hunter,56.0,mobile_app,2024-05-26,0.35,25
4922,bargain_hunter,50.0,in_store,2024-08-10,0.35,25
4923,bargain_hunter,56.0,mobile_app,2024-06-02,0.35,25
4924,regular,20.0,web,2024-07-20,0.6,55
4925,bargain_hunter,43.0,web,2024-06-13,0.35,25
4926,bargain_hunter,38.0,web,2024-11-04,0.35,25
4927,regular,31.0,web,2024-04-14,0.6,55
4928,bargain_hunter,26.0,in_store,2024-10-30,0.35,25
4929,loyal_vip,34.0,mobile_app,2024-04-13,0.85,120
4930,bargain_hunter,47.0,in_store,2024-06-28,0.35,25
4931,bargain_hunter,24.0,web,2024-09-11,0.35,25
4932,loyal_vip,56.0,web,2024-07-11,0.85,120
4933,regular,42.0,web,2024-08-08,0.6,55
4934,bargain_hunter,31.0,mobile_app,2024-12-22,0.35,25
4935,bargain_hunter,50.0,web,2024-10-22,0.35,25
4936,one_off,54.0,mobile_app,2024-09-11,0.1,40
4937,regular,45.0,mobile_app,2024-08-25,0.6,55
4938,bargain_hunter,47.0,web,2024-11-30,0.35,25
4939,loyal_vip,46.0,in_store,2024-05-02,0.85,120
4940,loyal_vip,36.0,mobile_app,2024-03-04,0.85,120
4941,loyal_vip,37.0,web,2024-05-31,0.85,120
4942,regular,34.0,mobile_app,2024-01-10,0.6,55
4943,regular,23.0,mobile_app,2024-12-02,0.6,55
4944,bargain_hunter,39.0,in_store,2024-06-08,0.35,25
4945,loyal_vip,19.0,mobile_app,2024-01-09,0.85,120
4946,bargain_hunter,23.0,web,2024-08-28,0.35,25
4947,bargain_hunter,44.0,web,2024-07-01,0.35,25
4948,bargain_hunter,54.0,mobile_app,2024-12-15,0.35,25
4949,bargain_hunter,38.0,in_store,2024-09-19,0.35,25
4950,bargain_hunter,52.0,in_store,2024-12-01,0.35,25
4951,bargain_hunter,45.0,web,2024-03-09,0.35,25
4952,regular,42.0,in_store,2024-05-28,0.6,55
4953,bargain_hunter,56.0,web,2024-08-03,0.35,25
4954,regular,33.0,mobile_app,2024-09-21,0.6,55
4955,loyal_vip,18.0,web,2024-05-11,0.85,120
4956,bargain_hunter,41.0,in_store,2024-11-21,0.35,25
4957,loyal_vip,28.0,web,2024-04-09,0.85,120
4958,regular,38.0,in_store,2024-04-27,0.6,55
4959,bargain_hunter,54.0,mobile_app,2024-09-17,0.35,25
4960,regular,48.0,mobile_app,2024-06-15,0.6,55
4961,bargain_hunter,33.0,mobile_app,2024-07-01,0.35,25
4962,regular,44.0,mobile_app,2024-03-19,0.6,55
4963,loyal_vip,41.0,mobile_app,2024-03-31,0.85,120
4964,bargain_hunter,60.0,web,2024-12-02,0.35,25
4965,regular,43.0,in_store,2024-07-16,0.6,55
4966,bargain_hunter,31.0,mobile_app,2024-11-03,0.35,25
4967,bargain_hunter,,web,2024-11-26,0.35,25
4968,bargain_hunter,24.0,mobile_app,2024-01-03,0.35,25
4969,bargain_hunter,51.0,web,2024-02-26,0.35,25
4970,loyal_vip,24.0,mobile_app,2024-04-26,0.85,120
4971,one_off,27.0,mobile_app,2024-11-04,0.1,40
4972,loyal_vip,45.0,in_store,2024-10-19,0.85,120
4973,regular,52.0,web,2024-08-26,0.6,55
4974,bargain_hunter,34.0,web,2024-03-03,0.35,25
4975,one_off,31.0,mobile_app,2024-09-29,0.1,40
4976,one_off,24.0,in_store,2024-09-28,0.1,40
4977,one_off,37.0,web,2024-10-09,0.1,40
4978,bargain_hunter,53.0,web,2024-07-10,0.35,25
4979,bargain_hunter,39.0,web,2024-04-11,0.35,25
4980,regular,25.0,web,2024-07-03,0.6,55
4981,loyal_vip,32.0,web,2024-02-28,0.85,120
4982,bargain_hunter,45.0,in_store,2024-08-24,0.35,25
4983,bargain_hunter,28.0,web,2024-09-25,0.35,25
4984,one_off,40.0,mobile_app,2024-11-24,0.1,40
4985,one_off,32.0,mobile_app,2024-06-16,0.1,40
4986,bargain_hunter,41.0,web,2024-04-29,0.35,25
4987,regular,33.0,mobile_app,2024-07-24,0.6,55
4988,bargain_hunter,27.0,mobile_app,2024-03-21,0.35,25
4989,loyal_vip,24.0,web,2024-10-31,0.85,120
4990,bargain_hunter,46.0,in_store,2024-09-17,0.35,25
4991,loyal_vip,34.0,mobile_app,2024-07-11,0.85,120
4992,loyal_vip,19.0,web,2024-02-12,0.85,120
4993,regular,64.0,mobile_app,2024-11-14,0.6,55
4994,regular,43.0,web,2024-01-17,0.6,55
4995,loyal_vip,31.0,mobile_app,2024-07-17,0.85,120
4996,regular,32.0,mobile_app,2024-06-25,0.6,55
4997,one_off,63.0,web,2024-06-30,0.1,40
4998,regular,29.0,web,2024-05-26,0.6,55
4999,regular,18.0,in_store,2024-11-08,0.6,55
5000,regular,52.0,in_store,2024-01-14,0.6,55
