customer_id,segment,age,preferred_channel,frequency,monetary_total,monetary_avg,monetary_std,n_channels,n_categories,recency_days,active_span_days,tenure_days,churned
1,loyal_vip,49.0,mobile_app,10.0,1114.42,111.44200000000001,44.16685001219807,3.0,5.0,5.0,122.0,127,0
2,regular,31.0,web,8.0,325.92,40.74,26.58240986603198,3.0,4.0,4.0,75.0,81,0
3,regular,56.0,mobile_app,12.0,710.41,59.20083333333333,50.27088430029189,3.0,4.0,15.0,180.0,199,0
4,bargain_hunter,43.0,mobile_app,2.0,20.58,10.29,1.2586500705120536,2.0,2.0,65.0,27.0,120,1
5,regular,31.0,web,6.0,279.43,46.571666666666665,35.423965569465345,3.0,4.0,3.0,27.0,35,1
6,regular,18.0,mobile_app,13.0,659.4399999999999,50.72615384615384,45.48579971420779,3.0,5.0,13.0,263.0,318,0
7,bargain_hunter,38.0,web,2.0,51.11,25.555,5.451793282948282,2.0,2.0,211.0,11.0,309,1
8,bargain_hunter,76.0,web,11.0,359.71999999999997,32.701818181818176,19.082143390186445,3.0,5.0,70.0,279.0,351,0
9,bargain_hunter,37.0,mobile_app,3.0,30.310000000000002,10.103333333333333,2.6312227829154518,2.0,3.0,33.0,28.0,148,0
10,regular,18.0,mobile_app,6.0,329.39,54.89833333333333,36.297794652935416,3.0,4.0,33.0,114.0,160,1
11,bargain_hunter,37.0,web,7.0,140.46,20.065714285714286,12.033883907731614,3.0,3.0,1.0,265.0,267,1
12,loyal_vip,54.0,mobile_app,2.0,122.9,61.45,18.809040379562163,2.0,2.0,13.0,13.0,27,1
13,regular,26.0,web,9.0,528.62,58.73555555555556,45.92927691329113,2.0,4.0,55.0,116.0,180,1
14,regular,42.0,mobile_app,8.0,458.69,57.33625,40.14432247262014,3.0,4.0,19.0,108.0,137,0
15,one_off,58.0,web,2.0,31.89,15.945,12.57942963730868,2.0,1.0,110.0,13.0,128,1
16,regular,29.0,web,6.0,315.40999999999997,52.56833333333333,24.738504737891226,2.0,3.0,19.0,115.0,152,1
17,bargain_hunter,28.0,mobile_app,8.0,241.83,30.22875,20.20430395272962,3.0,5.0,43.0,112.0,214,1
18,bargain_hunter,32.0,mobile_app,0.0,0.0,0.0,0.0,0.0,0.0,73.0,0.0,73,1
19,regular,46.0,web,13.0,497.71000000000004,38.285384615384615,24.21962758294211,3.0,5.0,31.0,185.0,270,0
20,loyal_vip,37.0,web,26.0,2864.63,110.17807692307693,71.25998591182744,3.0,5.0,3.0,155.0,161,0
21,bargain_hunter,46.0,mobile_app,0.0,0.0,0.0,0.0,0.0,0.0,203.0,0.0,203,1
22,regular,53.0,in_store,10.0,831.29,83.12899999999999,82.10330450109788,3.0,3.0,2.0,147.0,149,0
23,regular,33.0,web,7.0,283.81,40.544285714285714,34.27071775201237,3.0,4.0,3.0,132.0,156,0
24,regular,,web,4.0,205.09,51.2725,18.138771320020545,3.0,3.0,9.0,46.0,57,0
25,loyal_vip,27.0,mobile_app,23.0,3088.78,134.29478260869567,78.17174273642996,3.0,5.0,13.0,136.0,156,0
26,loyal_vip,26.0,mobile_app,10.0,1716.11,171.611,113.00608454120217,3.0,5.0,4.0,59.0,82,0
27,loyal_vip,37.0,web,21.0,2426.34,115.54,72.04098701433789,3.0,5.0,3.0,264.0,281,0
28,regular,27.0,mobile_app,34.0,1999.32,58.80352941176471,41.58680493547843,3.0,5.0,5.0,254.0,261,0
29,loyal_vip,36.0,in_store,13.0,1882.69,144.8223076923077,88.38528696883945,3.0,4.0,2.0,176.0,182,0
30,bargain_hunter,,web,2.0,44.65,22.325,25.66090508925981,2.0,1.0,67.0,11.0,204,1
31,regular,43.0,in_store,17.0,1295.97,76.2335294117647,51.95245493973029,3.0,5.0,5.0,199.0,224,1
32,loyal_vip,38.0,mobile_app,64.0,6860.9,107.2015625,89.27935763157765,3.0,5.0,5.0,324.0,344,0
33,regular,26.0,in_store,11.0,595.87,54.17,40.16176714239552,3.0,5.0,38.0,259.0,319,1
34,bargain_hunter,26.0,web,1.0,14.37,14.37,0.0,1.0,1.0,20.0,0.0,117,1
35,regular,43.0,mobile_app,19.0,1254.94,66.04947368421053,23.43298541080837,3.0,5.0,27.0,309.0,336,1
36,bargain_hunter,21.0,web,0.0,0.0,0.0,0.0,0.0,0.0,56.0,0.0,56,1
37,loyal_vip,42.0,web,19.0,1793.9199999999998,94.41684210526314,73.08301292614154,3.0,5.0,7.0,107.0,137,0
38,bargain_hunter,66.0,mobile_app,7.0,194.32999999999998,27.76142857142857,17.554393019575308,2.0,5.0,59.0,138.0,242,1
39,regular,45.0,in_store,7.0,301.88,43.12571428571429,31.353191149197162,3.0,4.0,14.0,73.0,96,0
40,regular,57.0,web,10.0,640.0699999999999,64.00699999999999,38.65227779690207,3.0,4.0,11.0,191.0,224,0
41,regular,28.0,web,0.0,0.0,0.0,0.0,0.0,0.0,8.0,0.0,8,0
42,loyal_vip,53.0,in_store,25.0,3057.53,122.30120000000001,86.17455963140553,3.0,5.0,20.0,214.0,242,0
43,bargain_hunter,40.0,web,2.0,42.47,21.235,15.50685171142099,1.0,1.0,122.0,2.0,195,1
44,loyal_vip,47.0,web,4.0,386.42,96.605,32.97837422716085,2.0,2.0,11.0,18.0,34,0
45,bargain_hunter,27.0,web,2.0,77.47,38.735,12.593571772932412,1.0,2.0,33.0,43.0,109,0
46,bargain_hunter,55.0,in_store,9.0,240.51000000000002,26.723333333333336,26.22692366633952,3.0,5.0,56.0,293.0,351,1
47,bargain_hunter,33.0,in_store,3.0,74.04,24.680000000000003,3.250123074592716,3.0,2.0,44.0,206.0,256,1
48,regular,45.0,web,14.0,616.53,44.03785714285714,34.54455432505221,3.0,5.0,22.0,201.0,232,1
49,regular,33.0,mobile_app,3.0,53.06999999999999,17.689999999999998,10.901279741388164,2.0,2.0,19.0,8.0,45,1
50,regular,30.0,mobile_app,6.0,151.73000000000002,25.288333333333338,18.368581237174162,3.0,4.0,9.0,71.0,103,0
51,loyal_vip,18.0,in_store,24.0,2580.04,107.50166666666667,54.912586793974626,3.0,5.0,10.0,143.0,157,0
52,regular,53.0,in_store,3.0,283.47,94.49000000000001,61.034536944258036,2.0,3.0,7.0,31.0,40,0
53,loyal_vip,18.0,web,61.0,7773.4,127.43278688524589,83.10388446860047,3.0,5.0,1.0,310.0,335,0
54,bargain_hunter,32.0,web,2.0,9.57,4.785,0.3323401871576775,2.0,2.0,191.0,124.0,359,1
55,bargain_hunter,38.0,in_store,4.0,85.43,21.3575,16.972339015782907,3.0,4.0,8.0,87.0,108,1
56,regular,37.0,web,4.0,433.94,108.485,113.42210381285182,2.0,3.0,26.0,80.0,120,1
57,bargain_hunter,22.0,mobile_app,6.0,121.5,20.25,12.452477665107454,3.0,3.0,5.0,274.0,310,1
58,loyal_vip,47.0,mobile_app,46.0,6019.91,130.86760869565217,88.14430010398436,3.0,5.0,11.0,170.0,181,0
59,regular,50.0,web,9.0,706.04,78.44888888888889,71.9468711002161,3.0,5.0,21.0,221.0,242,0
60,bargain_hunter,50.0,mobile_app,9.0,200.86,22.317777777777778,12.48286703623989,2.0,4.0,71.0,146.0,246,1
61,one_off,37.0,mobile_app,2.0,113.07000000000001,56.535000000000004,20.11718792475728,2.0,2.0,103.0,141.0,252,1
62,regular,49.0,web,11.0,587.14,53.376363636363635,31.449562881772227,3.0,4.0,15.0,94.0,133,1
63,loyal_vip,35.0,web,15.0,1654.78,110.31866666666666,59.81547289870104,3.0,5.0,20.0,192.0,246,0
64,bargain_hunter,18.0,mobile_app,7.0,121.22,17.31714285714286,9.563142290909955,3.0,4.0,31.0,188.0,257,1
65,loyal_vip,36.0,web,30.0,3575.22,119.17399999999999,86.15890866340501,3.0,5.0,9.0,207.0,258,0
66,regular,,mobile_app,4.0,202.49,50.6225,11.996595003027597,3.0,3.0,17.0,38.0,73,1
67,loyal_vip,37.0,web,5.0,534.83,106.96600000000001,58.252131548982824,3.0,3.0,2.0,28.0,31,0
68,bargain_hunter,41.0,web,5.0,110.34,22.068,11.890625298948747,3.0,2.0,36.0,164.0,302,0
69,loyal_vip,57.0,mobile_app,6.0,799.13,133.18833333333333,101.74468072910084,3.0,3.0,10.0,36.0,79,0
70,one_off,40.0,in_store,3.0,100.0,33.333333333333336,5.719522124560176,3.0,2.0,25.0,50.0,89,1
71,regular,34.0,in_store,7.0,253.29000000000002,36.184285714285714,18.724219482747348,3.0,5.0,2.0,116.0,125,0
72,loyal_vip,45.0,mobile_app,32.0,3399.68,106.24,62.28940400752686,3.0,5.0,2.0,111.0,117,0
73,loyal_vip,52.0,in_store,30.0,2220.44,74.01466666666667,56.394898872598176,3.0,5.0,13.0,283.0,309,0
74,loyal_vip,18.0,mobile_app,33.0,4261.46,129.1351515151515,80.80423109749621,3.0,5.0,1.0,227.0,228,0
75,loyal_vip,39.0,mobile_app,11.0,1403.3200000000002,127.57454545454547,69.7706332726938,3.0,5.0,83.0,198.0,299,0
76,regular,42.0,web,18.0,1055.24,58.62444444444444,31.831102478037423,3.0,5.0,1.0,349.0,355,0
77,regular,38.0,mobile_app,6.0,614.14,102.35666666666667,96.86221010624662,3.0,3.0,4.0,40.0,45,0
78,loyal_vip,39.0,mobile_app,1.0,70.04,70.04,0.0,1.0,1.0,6.0,0.0,19,0
79,one_off,18.0,mobile_app,4.0,140.89000000000001,35.222500000000004,21.35998341915711,2.0,2.0,102.0,47.0,178,1
80,bargain_hunter,,mobile_app,7.0,142.76,20.39428571428571,7.594333100285714,2.0,4.0,81.0,156.0,249,1
81,bargain_hunter,41.0,web,1.0,42.66,42.66,0.0,1.0,1.0,97.0,0.0,237,1
82,regular,24.0,mobile_app,14.0,930.63,66.47357142857143,37.76293535020465,3.0,5.0,1.0,225.0,230,0
83,regular,24.0,mobile_app,18.0,951.4,52.855555555555554,42.95704574438246,3.0,5.0,4.0,346.0,358,0
84,bargain_hunter,30.0,web,0.0,0.0,0.0,0.0,0.0,0.0,56.0,0.0,56,1
85,regular,,in_store,9.0,485.68,53.964444444444446,38.33320333311289,3.0,5.0,2.0,82.0,124,1
86,regular,24.0,web,6.0,338.25,56.375,25.8864510893247,3.0,4.0,41.0,209.0,267,1
87,one_off,61.0,mobile_app,3.0,153.71,51.23666666666667,2.7859349118982175,2.0,2.0,119.0,70.0,217,1
88,loyal_vip,61.0,in_store,20.0,2884.08,144.204,108.23682617784316,3.0,5.0,28.0,301.0,349,0
89,regular,38.0,web,7.0,443.93,63.41857142857143,43.875064455250445,3.0,3.0,13.0,202.0,271,1
90,regular,30.0,mobile_app,7.0,347.68,49.66857142857143,29.603686948628223,3.0,4.0,26.0,102.0,155,0
91,bargain_hunter,34.0,web,3.0,47.699999999999996,15.899999999999999,11.213438366531472,3.0,2.0,63.0,106.0,231,1
92,bargain_hunter,63.0,mobile_app,4.0,137.66,34.415,24.460374077270362,2.0,3.0,33.0,67.0,208,0
93,regular,35.0,mobile_app,6.0,292.77,48.794999999999995,32.75033297540652,2.0,4.0,16.0,70.0,139,0
94,bargain_hunter,39.0,web,1.0,5.57,5.57,0.0,1.0,1.0,37.0,0.0,78,1
95,one_off,49.0,mobile_app,0.0,0.0,0.0,0.0,0.0,0.0,25.0,0.0,25,1
96,regular,18.0,mobile_app,4.0,234.35999999999999,58.589999999999996,43.265012808657914,3.0,3.0,74.0,96.0,172,1
97,regular,55.0,web,8.0,355.33,44.41625,36.6050027562588,2.0,5.0,32.0,149.0,216,1
98,one_off,18.0,in_store,2.0,62.15,31.075,23.93556454316463,2.0,2.0,31.0,87.0,206,1
99,bargain_hunter,18.0,in_store,3.0,118.41,39.47,7.610867230480375,2.0,1.0,5.0,200.0,232,1
100,regular,49.0,web,9.0,402.73,44.74777777777778,24.237463139620132,3.0,5.0,24.0,139.0,165,1
101,regular,50.0,mobile_app,5.0,206.88,41.376,26.663106158135438,3.0,4.0,15.0,66.0,115,0
102,loyal_vip,24.0,mobile_app,32.0,3514.38,109.824375,57.23181993000048,3.0,5.0,8.0,264.0,283,0
103,loyal_vip,40.0,mobile_app,23.0,2663.29,115.79521739130435,87.12531100085697,3.0,5.0,16.0,192.0,216,0
104,bargain_hunter,53.0,mobile_app,0.0,0.0,0.0,0.0,0.0,0.0,2.0,0.0,2,1
105,regular,59.0,web,9.0,377.64,41.96,26.532779255102547,3.0,3.0,70.0,236.0,307,1
106,one_off,55.0,web,1.0,55.34,55.34,0.0,1.0,1.0,43.0,0.0,67,1
107,one_off,,mobile_app,2.0,88.58,44.29,14.69367891305646,1.0,2.0,49.0,26.0,88,1
108,one_off,47.0,web,1.0,12.77,12.77,0.0,1.0,1.0,109.0,0.0,303,1
109,bargain_hunter,42.0,web,2.0,19.93,9.965,4.263853890554882,1.0,2.0,48.0,170.0,249,1
110,bargain_hunter,39.0,web,0.0,0.0,0.0,0.0,0.0,0.0,1.0,0.0,1,0
111,one_off,33.0,web,0.0,0.0,0.0,0.0,0.0,0.0,83.0,0.0,83,1
112,regular,65.0,web,3.0,88.54,29.513333333333335,5.203521243670805,2.0,3.0,20.0,18.0,44,1
113,bargain_hunter,23.0,web,3.0,44.22,14.74,12.874964077619788,3.0,1.0,21.0,190.0,236,1
114,loyal_vip,40.0,web,36.0,4241.44,117.81777777777776,83.08088021788032,3.0,5.0,3.0,228.0,240,0
115,regular,47.0,web,2.0,41.260000000000005,20.630000000000003,10.6914545315406,2.0,1.0,44.0,18.0,62,1
116,bargain_hunter,38.0,mobile_app,12.0,306.11,25.50916666666667,17.488597042506054,3.0,4.0,2.0,324.0,331,0
117,regular,18.0,mobile_app,3.0,103.27,34.42333333333333,31.150432313747,2.0,2.0,25.0,95.0,131,1
118,bargain_hunter,18.0,mobile_app,4.0,93.73,23.4325,6.703031030809869,2.0,1.0,23.0,53.0,114,1
119,bargain_hunter,35.0,mobile_app,3.0,78.22,26.073333333333334,24.088680605905616,3.0,3.0,51.0,108.0,244,1
120,regular,47.0,web,6.0,461.86999999999995,76.97833333333332,99.76990957531568,3.0,3.0,8.0,88.0,179,1
121,regular,49.0,mobile_app,8.0,533.56,66.695,24.614879936447267,3.0,5.0,20.0,143.0,167,0
122,bargain_hunter,57.0,mobile_app,3.0,84.11999999999999,28.039999999999996,18.280164113048876,1.0,2.0,134.0,103.0,267,1
123,bargain_hunter,29.0,web,5.0,107.22,21.444,6.264453687273935,2.0,2.0,127.0,152.0,283,1
124,bargain_hunter,34.0,web,2.0,27.35,13.675,4.193143212436227,2.0,2.0,19.0,11.0,112,1
125,loyal_vip,52.0,web,17.0,3382.63,198.97823529411767,101.16107757156988,3.0,5.0,1.0,124.0,142,0
126,regular,36.0,web,17.0,979.21,57.60058823529412,66.81810780680902,3.0,5.0,5.0,129.0,134,0
127,bargain_hunter,43.0,web,2.0,62.41,31.205,9.779286783809951,1.0,2.0,12.0,49.0,266,1
128,regular,21.0,web,2.0,116.38,58.19,52.0006326884587,1.0,2.0,6.0,47.0,72,1
129,regular,23.0,mobile_app,3.0,132.76999999999998,44.25666666666666,35.307911766816986,2.0,3.0,19.0,42.0,97,0
130,bargain_hunter,22.0,mobile_app,1.0,37.32,37.32,0.0,1.0,1.0,48.0,0.0,103,1
131,bargain_hunter,65.0,mobile_app,0.0,0.0,0.0,0.0,0.0,0.0,8.0,0.0,8,1
132,regular,36.0,web,6.0,195.06,32.51,34.21894212274833,2.0,2.0,8.0,145.0,198,0
133,regular,35.0,mobile_app,14.0,661.06,47.21857142857142,39.30654336937238,3.0,5.0,32.0,314.0,358,0
134,bargain_hunter,29.0,web,3.0,56.24,18.746666666666666,20.50913292495159,2.0,3.0,64.0,111.0,176,1
135,bargain_hunter,35.0,mobile_app,7.0,149.69,21.384285714285713,10.589924231933637,3.0,4.0,9.0,73.0,144,0
136,regular,53.0,mobile_app,12.0,636.01,53.00083333333333,37.77211993914254,3.0,5.0,18.0,190.0,235,0
137,one_off,38.0,mobile_app,4.0,161.27,40.3175,29.606798065084085,2.0,3.0,55.0,70.0,176,1
138,regular,32.0,mobile_app,11.0,655.01,59.54636363636364,41.93737146572905,3.0,5.0,38.0,141.0,180,1
139,bargain_hunter,49.0,web,3.0,107.07,35.69,36.52541991545067,2.0,2.0,3.0,282.0,343,1
140,loyal_vip,18.0,in_store,9.0,1399.88,155.54222222222222,118.58952333340599,3.0,4.0,4.0,90.0,95,0
141,bargain_hunter,38.0,web,8.0,239.26999999999998,29.908749999999998,15.294553127082295,3.0,4.0,65.0,176.0,241,1
142,bargain_hunter,41.0,mobile_app,1.0,34.55,34.55,0.0,1.0,1.0,9.0,0.0,119,1
143,loyal_vip,28.0,mobile_app,4.0,482.3,120.575,126.03714333481224,2.0,3.0,32.0,97.0,149,0
144,regular,56.0,mobile_app,8.0,519.3,64.9125,35.702758496868476,3.0,5.0,20.0,41.0,71,0
145,regular,18.0,mobile_app,11.0,411.89,37.444545454545455,29.02585239528251,3.0,4.0,33.0,190.0,226,1
146,regular,26.0,mobile_app,16.0,791.45,49.465625,25.796799018159856,2.0,5.0,13.0,231.0,250,0
147,bargain_hunter,38.0,in_store,6.0,136.28,22.713333333333335,23.7123484004994,3.0,2.0,2.0,254.0,271,0
148,regular,22.0,web,1.0,80.58,80.58,0.0,1.0,1.0,12.0,0.0,117,0
149,regular,29.0,in_store,6.0,306.93,51.155,40.60259141976039,3.0,3.0,3.0,119.0,190,0
150,regular,36.0,mobile_app,15.0,963.17,64.21133333333333,46.50170977911406,2.0,5.0,19.0,220.0,239,0
151,loyal_vip,40.0,mobile_app,0.0,0.0,0.0,0.0,0.0,0.0,2.0,0.0,2,0
152,bargain_hunter,39.0,web,10.0,294.05,29.405,17.106917541678214,3.0,4.0,48.0,203.0,251,0
153,regular,37.0,web,6.0,310.02,51.669999999999995,38.06541369800149,3.0,4.0,2.0,242.0,247,0
154,loyal_vip,26.0,mobile_app,8.0,958.91,119.86375,60.980082916473634,3.0,5.0,2.0,55.0,59,0
155,regular,52.0,mobile_app,1.0,71.62,71.62,0.0,1.0,1.0,9.0,0.0,58,0
156,regular,37.0,web,27.0,1605.6000000000001,59.46666666666667,52.30314757405951,3.0,5.0,3.0,273.0,281,0
157,regular,28.0,in_store,15.0,643.92,42.928,19.48993153986364,3.0,5.0,14.0,123.0,143,0
158,one_off,,web,1.0,75.32,75.32,0.0,1.0,1.0,82.0,0.0,223,1
159,regular,43.0,mobile_app,5.0,343.43,68.686,36.645931970684,3.0,3.0,56.0,79.0,160,0
160,bargain_hunter,49.0,web,2.0,19.87,9.935,2.170817818242701,1.0,2.0,23.0,40.0,65,0
161,regular,40.0,in_store,4.0,117.16,29.29,18.814478467393137,2.0,2.0,102.0,29.0,167,1
162,regular,27.0,web,1.0,60.73,60.73,0.0,1.0,1.0,13.0,0.0,15,0
163,loyal_vip,36.0,web,11.0,1576.12,143.28363636363636,127.27828143660074,3.0,5.0,20.0,88.0,108,0
164,regular,36.0,mobile_app,17.0,1139.16,67.00941176470589,48.02925950274846,3.0,5.0,18.0,233.0,266,0
165,one_off,22.0,in_store,2.0,44.66,22.33,18.497913395840083,1.0,2.0,251.0,94.0,358,1
166,one_off,42.0,web,2.0,71.99,35.995,37.75243104754977,2.0,1.0,37.0,19.0,129,0
167,bargain_hunter,20.0,web,16.0,386.42,24.15125,12.961910288739594,3.0,5.0,1.0,146.0,147,0
168,regular,37.0,in_store,11.0,511.87,46.53363636363636,20.202886562433235,3.0,5.0,10.0,169.0,195,0
169,regular,,mobile_app,21.0,1252.23,59.63,40.778868424712336,3.0,5.0,42.0,224.0,273,0
170,bargain_hunter,55.0,mobile_app,5.0,106.93,21.386000000000003,15.877980979960896,2.0,4.0,30.0,81.0,115,1
171,bargain_hunter,81.0,mobile_app,0.0,0.0,0.0,0.0,0.0,0.0,38.0,0.0,38,1
172,regular,30.0,web,8.0,329.66,41.2075,31.682085857558594,2.0,3.0,17.0,160.0,184,0
173,regular,38.0,web,0.0,0.0,0.0,0.0,0.0,0.0,18.0,0.0,18,0
174,regular,18.0,in_store,6.0,286.31,47.718333333333334,47.09087700039857,3.0,3.0,4.0,56.0,63,0
175,regular,42.0,mobile_app,1.0,28.21,28.21,0.0,1.0,1.0,32.0,0.0,44,0
176,bargain_hunter,21.0,web,6.0,148.21,24.701666666666668,12.216690904932754,3.0,3.0,67.0,166.0,273,0
177,loyal_vip,52.0,web,9.0,1353.0,150.33333333333334,96.85154283747885,3.0,5.0,33.0,138.0,175,1
178,regular,30.0,web,3.0,222.84,74.28,43.8411895367815,2.0,2.0,3.0,33.0,50,1
179,regular,24.0,in_store,8.0,412.90999999999997,51.613749999999996,27.45035255433239,3.0,5.0,4.0,201.0,222,1
180,loyal_vip,54.0,mobile_app,39.0,4230.91,108.4848717948718,78.63805392836872,3.0,5.0,5.0,338.0,350,0
181,loyal_vip,45.0,in_store,23.0,3158.83,137.3404347826087,80.07194370055088,3.0,5.0,6.0,207.0,213,0
182,regular,49.0,in_store,17.0,578.11,34.006470588235295,23.71507878470375,3.0,5.0,5.0,182.0,189,0
183,loyal_vip,45.0,mobile_app,13.0,1653.1,127.16153846153846,74.34756382986532,3.0,5.0,6.0,206.0,217,0
184,regular,39.0,web,0.0,0.0,0.0,0.0,0.0,0.0,32.0,0.0,32,1
185,regular,47.0,mobile_app,10.0,689.6800000000001,68.968,48.20346156311461,3.0,5.0,8.0,187.0,219,0
186,loyal_vip,62.0,web,46.0,5484.89,119.23673913043478,69.09654585527726,3.0,5.0,8.0,246.0,257,0
187,regular,29.0,mobile_app,13.0,651.75,50.13461538461539,36.78855610453351,3.0,3.0,3.0,142.0,176,0
188,one_off,39.0,mobile_app,0.0,0.0,0.0,0.0,0.0,0.0,78.0,0.0,78,1
189,one_off,27.0,in_store,2.0,59.349999999999994,29.674999999999997,5.833630944789016,2.0,2.0,8.0,11.0,150,1
190,one_off,25.0,mobile_app,2.0,128.32999999999998,64.16499999999999,34.881577515932385,1.0,2.0,131.0,165.0,301,1
191,loyal_vip,51.0,mobile_app,24.0,3383.89,140.99541666666667,87.25361739002531,3.0,5.0,19.0,336.0,360,0
192,bargain_hunter,45.0,mobile_app,4.0,81.99,20.4975,19.581149736417416,2.0,4.0,13.0,135.0,202,1
193,bargain_hunter,45.0,in_store,2.0,50.209999999999994,25.104999999999997,10.429825022501575,2.0,2.0,23.0,59.0,88,0
194,loyal_vip,45.0,web,10.0,1364.74,136.474,70.63617977590049,3.0,5.0,47.0,164.0,225,1
195,bargain_hunter,34.0,in_store,8.0,208.23,26.02875,16.07768856654641,3.0,5.0,50.0,138.0,193,1
196,regular,42.0,web,12.0,475.92,39.660000000000004,31.634644415145985,3.0,4.0,2.0,119.0,124,1
197,regular,18.0,web,14.0,910.61,65.04357142857143,40.40617881294563,3.0,5.0,1.0,189.0,197,0
198,bargain_hunter,19.0,in_store,2.0,87.01,43.505,19.5797867710555,2.0,2.0,26.0,18.0,214,1
199,loyal_vip,37.0,mobile_app,4.0,466.25,116.5625,50.405135568379016,2.0,3.0,1.0,33.0,35,0
200,bargain_hunter,32.0,mobile_app,9.0,238.41,26.49,14.793819655518313,3.0,3.0,76.0,179.0,278,1
201,regular,24.0,web,21.0,1039.02,49.47714285714286,25.729458436363785,3.0,5.0,1.0,310.0,328,0
202,loyal_vip,29.0,mobile_app,23.0,2341.09,101.78652173913044,86.93852669395437,3.0,5.0,3.0,152.0,160,0
203,bargain_hunter,42.0,mobile_app,3.0,43.6,14.533333333333333,9.36136920184934,2.0,3.0,14.0,102.0,204,1
204,one_off,40.0,web,0.0,0.0,0.0,0.0,0.0,0.0,316.0,0.0,316,1
205,regular,29.0,mobile_app,15.0,1093.72,72.91466666666666,58.29651164112489,3.0,4.0,48.0,260.0,328,0
206,regular,43.0,web,10.0,385.01,38.501,28.861264871796596,3.0,5.0,3.0,112.0,133,0
207,loyal_vip,34.0,mobile_app,2.0,137.99,68.995,33.21280551233214,1.0,2.0,9.0,1.0,41,0
208,one_off,46.0,in_store,2.0,144.69,72.345,68.97826650474771,2.0,1.0,52.0,37.0,95,1
209,one_off,43.0,web,1.0,28.75,28.75,0.0,1.0,1.0,26.0,0.0,36,1
210,bargain_hunter,26.0,web,2.0,31.630000000000003,15.815000000000001,1.4637110370561555,2.0,2.0,56.0,8.0,97,1
211,loyal_vip,24.0,mobile_app,19.0,1886.24,99.27578947368421,49.83840646594078,3.0,5.0,2.0,177.0,183,0
212,bargain_hunter,51.0,mobile_app,3.0,94.28999999999999,31.429999999999996,14.395982078343941,2.0,2.0,163.0,122.0,354,1
213,bargain_hunter,30.0,web,7.0,236.75,33.82142857142857,14.59834171926322,2.0,4.0,9.0,226.0,243,1
214,bargain_hunter,64.0,mobile_app,11.0,369.61,33.60090909090909,27.771349788782487,3.0,4.0,21.0,256.0,309,0
215,loyal_vip,22.0,web,24.0,3707.03,154.45958333333334,85.26650111774447,3.0,5.0,8.0,172.0,181,0
216,one_off,64.0,mobile_app,2.0,84.67,42.335,19.579786771055502,2.0,2.0,19.0,288.0,307,1
217,regular,39.0,mobile_app,12.0,522.42,43.535,28.92254373950598,3.0,4.0,28.0,143.0,171,0
218,regular,46.0,in_store,6.0,274.96,45.82666666666666,25.404341098848967,3.0,3.0,12.0,23.0,49,0
219,loyal_vip,32.0,mobile_app,5.0,797.67,159.534,117.95265651946971,3.0,4.0,41.0,41.0,85,1
220,regular,40.0,mobile_app,11.0,618.08,56.189090909090915,26.345841210538506,3.0,4.0,33.0,275.0,313,0
221,regular,57.0,mobile_app,2.0,170.41000000000003,85.20500000000001,64.43864096953008,2.0,2.0,48.0,46.0,141,1
222,bargain_hunter,20.0,web,0.0,0.0,0.0,0.0,0.0,0.0,66.0,0.0,66,1
223,bargain_hunter,18.0,mobile_app,1.0,35.32,35.32,0.0,1.0,1.0,58.0,0.0,87,1
224,bargain_hunter,24.0,web,0.0,0.0,0.0,0.0,0.0,0.0,33.0,0.0,33,1
225,regular,56.0,in_store,3.0,128.85,42.949999999999996,31.253379017315872,2.0,2.0,8.0,59.0,82,1
226,one_off,35.0,mobile_app,3.0,70.38,23.459999999999997,17.1200350466931,2.0,2.0,200.0,130.0,350,1
227,bargain_hunter,28.0,mobile_app,4.0,107.73,26.9325,25.845949231294767,3.0,3.0,1.0,142.0,291,0
228,bargain_hunter,,web,4.0,69.12,17.28,6.90707366883159,2.0,1.0,11.0,243.0,365,1
229,regular,,mobile_app,18.0,1197.44,66.52444444444444,31.553503249564248,3.0,4.0,10.0,268.0,282,0
230,bargain_hunter,75.0,web,5.0,101.42,20.284,15.320753245190001,3.0,3.0,12.0,84.0,137,0
231,regular,27.0,web,4.0,279.62,69.905,31.557019821269563,3.0,4.0,3.0,67.0,93,0
232,regular,38.0,mobile_app,0.0,0.0,0.0,0.0,0.0,0.0,3.0,0.0,3,0
233,one_off,53.0,mobile_app,1.0,58.63,58.63,0.0,1.0,1.0,11.0,0.0,80,1
234,loyal_vip,21.0,web,7.0,942.04,134.57714285714286,80.86607193672877,3.0,2.0,26.0,40.0,83,0
235,loyal_vip,32.0,mobile_app,47.0,6489.43,138.07297872340425,105.1451437178915,3.0,5.0,4.0,248.0,259,0
236,bargain_hunter,36.0,mobile_app,12.0,346.69,28.890833333333333,15.806563342389444,3.0,4.0,3.0,284.0,308,0
237,bargain_hunter,32.0,web,3.0,96.00999999999999,32.00333333333333,16.797334113880495,2.0,3.0,34.0,92.0,131,0
238,bargain_hunter,48.0,web,7.0,127.2,18.17142857142857,10.009849197284689,2.0,4.0,80.0,213.0,338,1
239,bargain_hunter,52.0,mobile_app,4.0,76.66,19.165,8.128027641029117,2.0,4.0,21.0,60.0,86,0
240,regular,18.0,web,19.0,1254.79,66.04157894736842,38.41016695025158,3.0,4.0,32.0,203.0,252,0
241,bargain_hunter,70.0,mobile_app,4.0,79.10000000000001,19.775000000000002,10.983838126993678,3.0,4.0,23.0,188.0,220,1
242,one_off,27.0,mobile_app,1.0,49.78,49.78,0.0,1.0,1.0,111.0,0.0,261,1
243,bargain_hunter,44.0,mobile_app,6.0,143.63,23.938333333333333,26.19365756565254,3.0,4.0,20.0,71.0,127,0
244,regular,33.0,web,12.0,723.3199999999999,60.276666666666664,41.47773692724881,3.0,5.0,83.0,248.0,337,0
245,regular,42.0,in_store,16.0,1142.6,71.4125,49.98548475974467,3.0,4.0,25.0,318.0,352,0
246,bargain_hunter,57.0,web,4.0,106.3,26.575,9.050165744338607,3.0,1.0,6.0,138.0,183,0
247,bargain_hunter,60.0,in_store,5.0,191.95000000000002,38.39,17.460294957416956,2.0,4.0,2.0,216.0,252,0
248,loyal_vip,26.0,web,23.0,3294.67,143.24652173913043,117.25450693445727,3.0,5.0,3.0,127.0,130,0
249,bargain_hunter,24.0,mobile_app,5.0,151.87,30.374000000000002,8.09503119203379,3.0,2.0,48.0,172.0,273,1
250,one_off,28.0,web,2.0,49.809999999999995,24.904999999999998,13.894648250315656,1.0,2.0,215.0,0.0,319,1
251,bargain_hunter,30.0,mobile_app,5.0,125.30999999999999,25.061999999999998,30.991673397866077,3.0,4.0,11.0,159.0,201,0
252,regular,52.0,mobile_app,3.0,108.16,36.053333333333335,17.06362310101033,3.0,3.0,12.0,5.0,22,1
253,bargain_hunter,35.0,web,8.0,99.03,12.37875,7.304126891207267,3.0,4.0,36.0,291.0,345,1
254,loyal_vip,18.0,mobile_app,0.0,0.0,0.0,0.0,0.0,0.0,17.0,0.0,17,0
255,bargain_hunter,20.0,web,1.0,15.49,15.49,0.0,1.0,1.0,9.0,0.0,10,0
256,regular,41.0,web,2.0,26.700000000000003,13.350000000000001,13.23703894381217,2.0,1.0,7.0,27.0,194,1
257,bargain_hunter,44.0,web,0.0,0.0,0.0,0.0,0.0,0.0,163.0,0.0,163,1
258,loyal_vip,55.0,web,22.0,2820.25,128.1931818181818,108.19573243878598,3.0,5.0,3.0,150.0,158,0
259,bargain_hunter,27.0,web,3.0,44.510000000000005,14.836666666666668,10.803575025579882,2.0,3.0,49.0,66.0,150,0
260,one_off,22.0,web,0.0,0.0,0.0,0.0,0.0,0.0,33.0,0.0,33,1
261,regular,30.0,web,15.0,612.27,40.818,32.61792828666906,3.0,5.0,39.0,252.0,292,0
262,bargain_hunter,57.0,web,5.0,123.93,24.786,22.55791945193528,3.0,3.0,36.0,102.0,142,0
263,bargain_hunter,46.0,web,1.0,104.96,104.96,0.0,1.0,1.0,36.0,0.0,61,1
264,regular,45.0,in_store,4.0,181.72,45.43,14.603851090266112,2.0,3.0,16.0,142.0,159,1
265,one_off,44.0,mobile_app,1.0,34.87,34.87,0.0,1.0,1.0,83.0,0.0,86,1
266,regular,39.0,mobile_app,22.0,1750.15,79.55227272727274,86.21014877455903,3.0,5.0,19.0,260.0,298,1
267,one_off,45.0,web,0.0,0.0,0.0,0.0,0.0,0.0,70.0,0.0,70,1
268,regular,45.0,web,13.0,787.86,60.604615384615386,40.73112888512188,3.0,4.0,3.0,299.0,327,0
269,one_off,38.0,mobile_app,1.0,63.84,63.84,0.0,1.0,1.0,43.0,0.0,271,0
270,bargain_hunter,18.0,mobile_app,5.0,72.94,14.588,7.15098384839457,2.0,4.0,54.0,200.0,276,1
271,bargain_hunter,32.0,web,7.0,173.09,24.72714285714286,17.782530485737695,3.0,3.0,11.0,155.0,229,0
272,regular,24.0,mobile_app,5.0,132.84,26.568,15.886894599008329,2.0,3.0,43.0,130.0,181,0
273,regular,18.0,web,8.0,511.88,63.985,65.91317297345479,3.0,4.0,22.0,112.0,161,0
274,regular,18.0,web,11.0,678.7,61.7,29.998434292475995,3.0,4.0,37.0,153.0,200,1
275,loyal_vip,34.0,in_store,54.0,5256.07,97.33462962962962,62.73594379779315,3.0,5.0,18.0,326.0,345,0
276,regular,44.0,mobile_app,16.0,479.78,29.98625,17.180066307594196,3.0,5.0,9.0,260.0,285,0
277,bargain_hunter,69.0,mobile_app,2.0,37.44,18.72,2.9698484809834977,1.0,2.0,16.0,1.0,89,1
278,bargain_hunter,27.0,mobile_app,3.0,65.48,21.826666666666668,20.59127566066108,2.0,3.0,13.0,103.0,223,0
279,bargain_hunter,34.0,mobile_app,4.0,91.27,22.8175,7.786780999446006,2.0,2.0,14.0,212.0,283,1
280,regular,39.0,mobile_app,8.0,420.3,52.5375,32.475042615170544,2.0,4.0,37.0,119.0,167,0
281,loyal_vip,60.0,mobile_app,65.0,7529.14,115.83292307692308,74.37228742370786,3.0,5.0,14.0,234.0,248,0
282,loyal_vip,51.0,mobile_app,32.0,3903.91,121.9971875,87.38193643090845,3.0,5.0,4.0,325.0,338,0
283,loyal_vip,38.0,web,15.0,1354.23,90.282,54.72726105751267,3.0,5.0,3.0,204.0,212,0
284,one_off,58.0,in_store,0.0,0.0,0.0,0.0,0.0,0.0,255.0,0.0,255,1
285,loyal_vip,35.0,mobile_app,5.0,633.86,126.772,60.56545772963332,3.0,3.0,14.0,40.0,96,0
286,bargain_hunter,46.0,web,9.0,137.41,15.267777777777777,10.999895201520987,3.0,3.0,36.0,189.0,345,1
287,bargain_hunter,18.0,mobile_app,4.0,122.30000000000001,30.575000000000003,17.31926576580736,2.0,2.0,54.0,54.0,110,1
288,bargain_hunter,40.0,web,19.0,445.95,23.471052631578946,15.272467200356495,3.0,5.0,28.0,283.0,319,1
289,loyal_vip,46.0,web,17.0,1884.87,110.87470588235294,46.32482772737085,3.0,5.0,1.0,301.0,305,0
290,bargain_hunter,54.0,web,0.0,0.0,0.0,0.0,0.0,0.0,110.0,0.0,110,1
291,bargain_hunter,52.0,mobile_app,5.0,99.95,19.990000000000002,20.392159032333975,2.0,5.0,5.0,27.0,32,0
292,one_off,33.0,mobile_app,1.0,63.13,63.13,0.0,1.0,1.0,16.0,0.0,24,1
293,regular,32.0,mobile_app,4.0,159.81,39.9525,27.558965117241492,2.0,3.0,57.0,63.0,145,1
294,bargain_hunter,47.0,web,0.0,0.0,0.0,0.0,0.0,0.0,72.0,0.0,72,0
295,loyal_vip,18.0,mobile_app,4.0,330.15,82.5375,78.16073412099796,2.0,3.0,1.0,13.0,20,0
296,regular,41.0,web,7.0,327.90999999999997,46.84428571428571,34.483459734169585,2.0,4.0,21.0,284.0,328,1
297,regular,,web,8.0,313.82,39.2275,10.790426643226724,2.0,4.0,39.0,111.0,176,0
298,bargain_hunter,30.0,web,2.0,22.89,11.445,10.429825022501577,1.0,2.0,25.0,3.0,55,1
299,bargain_hunter,42.0,mobile_app,7.0,167.61,23.944285714285716,15.162851377783861,3.0,4.0,50.0,155.0,232,1
300,one_off,46.0,mobile_app,3.0,69.22,23.073333333333334,12.32543846414128,1.0,3.0,24.0,260.0,344,1
301,regular,36.0,mobile_app,4.0,166.17,41.5425,13.68255184532476,3.0,3.0,12.0,23.0,39,1
302,regular,18.0,mobile_app,16.0,703.72,43.9825,44.23260795687573,3.0,5.0,48.0,244.0,363,0
303,regular,29.0,web,16.0,933.04,58.315,57.00377566442419,3.0,5.0,3.0,283.0,315,1
304,bargain_hunter,44.0,mobile_app,9.0,252.2,28.022222222222222,16.694255582218826,3.0,5.0,54.0,110.0,176,0
305,regular,37.0,in_store,15.0,855.1,57.00666666666667,53.92573870832087,3.0,5.0,56.0,135.0,234,0
306,bargain_hunter,51.0,web,6.0,108.15,18.025000000000002,5.670589916401997,3.0,5.0,10.0,54.0,81,0
307,one_off,32.0,mobile_app,2.0,40.89,20.445,5.027529214236353,1.0,2.0,69.0,21.0,184,1
308,loyal_vip,54.0,mobile_app,27.0,3507.9,129.92222222222222,81.79804588287186,3.0,5.0,1.0,144.0,151,0
309,one_off,33.0,web,3.0,221.57999999999998,73.86,36.51176248827219,2.0,1.0,7.0,79.0,98,1
310,loyal_vip,42.0,mobile_app,2.0,345.63,172.815,81.1263610055326,1.0,1.0,4.0,1.0,15,1
311,bargain_hunter,57.0,web,1.0,46.87,46.87,0.0,1.0,1.0,89.0,0.0,142,1
312,regular,42.0,web,2.0,171.94,85.97,9.263098833543769,2.0,2.0,1.0,12.0,25,0
313,regular,54.0,web,30.0,1792.96,59.76533333333334,48.06731520757496,3.0,5.0,20.0,286.0,310,0
314,regular,56.0,mobile_app,11.0,590.88,53.71636363636364,42.01907620896188,3.0,4.0,17.0,266.0,294,0
315,regular,41.0,web,10.0,429.76,42.976,44.024304701431056,3.0,4.0,3.0,214.0,224,1
316,regular,43.0,web,13.0,569.11,43.777692307692305,38.94189392626022,3.0,4.0,36.0,218.0,256,0
317,bargain_hunter,40.0,mobile_app,0.0,0.0,0.0,0.0,0.0,0.0,65.0,0.0,65,1
318,bargain_hunter,44.0,web,3.0,53.0,17.666666666666668,21.396133607110734,3.0,2.0,2.0,109.0,135,0
319,loyal_vip,36.0,mobile_app,33.0,4089.2,123.9151515151515,67.74273836181686,3.0,5.0,1.0,304.0,320,0
320,bargain_hunter,34.0,web,7.0,201.51,28.787142857142857,19.385827911377003,3.0,4.0,5.0,170.0,189,1
321,regular,45.0,mobile_app,9.0,619.96,68.88444444444445,47.07763139515175,2.0,5.0,20.0,128.0,166,0
322,bargain_hunter,74.0,mobile_app,3.0,55.18,18.393333333333334,11.974311392866534,1.0,3.0,9.0,24.0,64,0
323,loyal_vip,42.0,web,38.0,5183.24,136.40105263157895,95.78488871930753,3.0,5.0,16.0,290.0,307,0
324,regular,34.0,in_store,2.0,42.25,21.125,17.416040020624663,2.0,2.0,1.0,31.0,94,0
325,bargain_hunter,32.0,mobile_app,6.0,250.06,41.67666666666667,17.418865251980872,3.0,4.0,1.0,162.0,178,1
326,bargain_hunter,42.0,mobile_app,7.0,200.48000000000002,28.640000000000004,20.20659298347943,3.0,4.0,35.0,195.0,230,0
327,loyal_vip,37.0,mobile_app,69.0,8039.14,116.50927536231885,85.67014490129193,3.0,5.0,15.0,316.0,333,0
328,bargain_hunter,39.0,web,2.0,29.39,14.695,16.935207409417814,2.0,2.0,28.0,12.0,43,1
329,bargain_hunter,27.0,mobile_app,3.0,26.35,8.783333333333333,5.620109726093729,2.0,3.0,108.0,105.0,256,1
330,bargain_hunter,26.0,web,9.0,233.23,25.91444444444444,21.634578289806754,2.0,5.0,12.0,296.0,326,1
331,regular,27.0,mobile_app,8.0,284.02,35.5025,19.56081414461065,3.0,4.0,25.0,199.0,247,0
332,bargain_hunter,57.0,mobile_app,5.0,154.6,30.919999999999998,20.723648327454313,3.0,3.0,40.0,81.0,122,0
333,bargain_hunter,46.0,web,8.0,271.89,33.98625,32.52603042729227,2.0,3.0,25.0,315.0,352,1
334,regular,,mobile_app,13.0,825.17,63.47461538461538,51.202038633792796,3.0,4.0,15.0,178.0,238,0
335,bargain_hunter,48.0,mobile_app,2.0,72.37,36.185,11.2642110243017,1.0,2.0,124.0,46.0,190,1
336,regular,31.0,web,0.0,0.0,0.0,0.0,0.0,0.0,1.0,0.0,1,1
337,bargain_hunter,51.0,mobile_app,2.0,67.53,33.765,1.8879751057680831,2.0,2.0,41.0,74.0,161,0
338,loyal_vip,34.0,mobile_app,4.0,245.76999999999998,61.442499999999995,80.05206737909188,2.0,2.0,1.0,12.0,20,0
339,one_off,45.0,mobile_app,1.0,82.35,82.35,0.0,1.0,1.0,134.0,0.0,142,1
340,bargain_hunter,60.0,web,6.0,52.41,8.735,5.528054811595124,3.0,3.0,122.0,233.0,365,1
341,regular,42.0,web,0.0,0.0,0.0,0.0,0.0,0.0,24.0,0.0,24,1
342,regular,41.0,web,21.0,1205.85,57.421428571428564,38.11896972449731,3.0,5.0,28.0,247.0,279,1
343,bargain_hunter,53.0,web,6.0,192.55,32.09166666666667,33.316462847467264,1.0,3.0,12.0,175.0,225,0
344,regular,38.0,mobile_app,5.0,355.86,71.172,27.719441192058692,2.0,4.0,5.0,137.0,164,1
345,bargain_hunter,51.0,web,5.0,116.96,23.392,19.9683341818991,3.0,3.0,18.0,115.0,199,0
346,regular,27.0,mobile_app,0.0,0.0,0.0,0.0,0.0,0.0,5.0,0.0,5,0
347,bargain_hunter,60.0,web,0.0,0.0,0.0,0.0,0.0,0.0,16.0,0.0,16,1
348,loyal_vip,60.0,web,10.0,871.61,87.161,87.43353862601391,3.0,5.0,6.0,114.0,127,0
349,bargain_hunter,49.0,web,0.0,0.0,0.0,0.0,0.0,0.0,119.0,0.0,119,1
350,regular,33.0,mobile_app,16.0,822.35,51.396875,33.95467443887513,3.0,5.0,5.0,179.0,222,0
351,bargain_hunter,43.0,web,2.0,21.94,10.97,4.935605332682102,2.0,2.0,32.0,79.0,112,1
352,regular,18.0,in_store,8.0,355.99,44.49875,30.538393838155365,3.0,4.0,5.0,65.0,91,0
353,bargain_hunter,53.0,web,0.0,0.0,0.0,0.0,0.0,0.0,6.0,0.0,6,1
354,bargain_hunter,43.0,web,11.0,260.62,23.69272727272727,10.150477910826753,3.0,5.0,32.0,136.0,173,0
355,bargain_hunter,27.0,web,9.0,165.02,18.33555555555556,8.790681303390414,3.0,3.0,9.0,245.0,319,1
356,loyal_vip,38.0,web,14.0,1906.56,136.18285714285713,63.52491932953694,3.0,3.0,11.0,129.0,141,0
357,loyal_vip,46.0,web,9.0,1231.18,136.79777777777778,93.66989574801738,3.0,4.0,5.0,87.0,92,0
358,bargain_hunter,51.0,mobile_app,1.0,36.19,36.19,0.0,1.0,1.0,99.0,0.0,185,1
359,regular,48.0,mobile_app,19.0,1199.3500000000001,63.12368421052632,52.73967178620814,3.0,5.0,8.0,296.0,353,0
360,loyal_vip,53.0,web,5.0,821.05,164.20999999999998,129.36173642155552,3.0,3.0,1.0,23.0,26,1
361,regular,43.0,web,1.0,84.93,84.93,0.0,1.0,1.0,22.0,0.0,31,1
362,regular,48.0,web,5.0,193.63000000000002,38.726000000000006,46.08398561322577,3.0,3.0,49.0,74.0,129,1
363,regular,48.0,web,17.0,908.75,53.455882352941174,38.45812772659759,3.0,5.0,5.0,325.0,350,0
364,regular,56.0,in_store,5.0,236.31,47.262,30.22594779324546,2.0,3.0,13.0,39.0,65,0
365,bargain_hunter,19.0,mobile_app,4.0,110.03999999999999,27.509999999999998,17.27020362744265,3.0,4.0,9.0,75.0,87,0
366,regular,64.0,in_store,3.0,251.60000000000002,83.86666666666667,25.42835097550239,2.0,3.0,2.0,29.0,44,0
367,bargain_hunter,25.0,web,5.0,88.59,17.718,10.482388563681466,3.0,4.0,41.0,249.0,299,1
368,bargain_hunter,45.0,mobile_app,0.0,0.0,0.0,0.0,0.0,0.0,107.0,0.0,107,1
369,bargain_hunter,55.0,web,5.0,143.46,28.692,17.060132473108176,2.0,4.0,35.0,113.0,224,0
370,bargain_hunter,34.0,web,0.0,0.0,0.0,0.0,0.0,0.0,168.0,0.0,168,1
371,bargain_hunter,45.0,in_store,1.0,44.34,44.34,0.0,1.0,1.0,33.0,0.0,73,1
372,regular,24.0,mobile_app,11.0,514.48,46.77090909090909,36.14212125887064,3.0,5.0,25.0,95.0,121,1
373,regular,26.0,mobile_app,1.0,18.33,18.33,0.0,1.0,1.0,23.0,0.0,39,1
374,bargain_hunter,,web,6.0,166.45,27.741666666666664,15.264393098537086,2.0,3.0,1.0,198.0,326,0
375,bargain_hunter,54.0,mobile_app,2.0,64.87,32.435,7.997377695219854,1.0,2.0,39.0,38.0,159,1
376,bargain_hunter,43.0,web,1.0,23.6,23.6,0.0,1.0,1.0,2.0,0.0,3,0
377,regular,44.0,web,1.0,31.14,31.14,0.0,1.0,1.0,17.0,0.0,30,1
378,bargain_hunter,48.0,web,8.0,203.65,25.45625,11.197946160537018,3.0,5.0,12.0,223.0,241,1
379,loyal_vip,39.0,web,20.0,1992.32,99.616,58.46070226634028,3.0,5.0,23.0,148.0,180,0
380,regular,27.0,mobile_app,29.0,1746.44,60.222068965517245,51.47270111284443,3.0,5.0,4.0,298.0,306,0
381,regular,41.0,web,0.0,0.0,0.0,0.0,0.0,0.0,19.0,0.0,19,0
382,regular,56.0,mobile_app,12.0,871.3,72.60833333333333,51.98566005654975,2.0,4.0,22.0,338.0,360,1
383,regular,26.0,mobile_app,17.0,1290.02,75.8835294117647,29.957546616248564,3.0,5.0,9.0,213.0,290,0
384,regular,43.0,web,6.0,368.57,61.428333333333335,38.06881107503446,3.0,4.0,7.0,96.0,131,0
385,regular,28.0,mobile_app,29.0,1507.83,51.99413793103448,35.991176350921805,3.0,5.0,44.0,312.0,358,0
386,loyal_vip,52.0,web,17.0,2594.84,152.63764705882355,106.75779769701906,3.0,5.0,10.0,125.0,139,0
387,bargain_hunter,18.0,web,1.0,69.98,69.98,0.0,1.0,1.0,4.0,0.0,19,1
388,regular,18.0,web,2.0,35.73,17.865,6.314463555995867,2.0,2.0,13.0,5.0,73,0
389,loyal_vip,35.0,web,25.0,3404.51,136.18040000000002,96.99561822061861,3.0,5.0,9.0,224.0,233,0
390,bargain_hunter,52.0,mobile_app,7.0,124.25999999999999,17.75142857142857,15.793305996076766,3.0,3.0,33.0,161.0,194,1
391,regular,20.0,web,13.0,801.89,61.683846153846154,34.91911094192346,3.0,5.0,10.0,203.0,233,0
392,regular,43.0,web,1.0,101.52,101.52,0.0,1.0,1.0,95.0,0.0,145,1
393,one_off,44.0,mobile_app,3.0,90.91,30.30333333333333,23.50873525592845,2.0,3.0,178.0,85.0,338,1
394,regular,,web,13.0,518.8199999999999,39.90923076923077,25.301598915726807,3.0,5.0,2.0,97.0,120,1
395,loyal_vip,47.0,web,15.0,2114.25,140.95,89.67465400785537,3.0,5.0,21.0,256.0,334,0
396,regular,47.0,web,3.0,66.15,22.05,25.003053813484463,2.0,3.0,23.0,38.0,79,1
397,regular,55.0,mobile_app,5.0,251.19,50.238,25.615420550910343,3.0,2.0,41.0,94.0,135,1
398,one_off,34.0,mobile_app,0.0,0.0,0.0,0.0,0.0,0.0,21.0,0.0,21,1
399,regular,27.0,mobile_app,12.0,790.13,65.84416666666667,39.40781866545898,3.0,4.0,8.0,202.0,228,0
400,one_off,44.0,mobile_app,1.0,53.38,53.38,0.0,1.0,1.0,73.0,0.0,121,1
401,regular,47.0,mobile_app,14.0,1177.71,84.12214285714286,41.44936376584575,3.0,4.0,4.0,258.0,262,0
402,bargain_hunter,37.0,web,6.0,172.49,28.748333333333335,10.150758428150414,2.0,4.0,17.0,103.0,160,1
403,bargain_hunter,43.0,mobile_app,2.0,70.53,35.265,18.9858170748588,2.0,2.0,1.0,34.0,55,0
404,regular,39.0,web,13.0,734.0,56.46153846153846,33.410278320239975,3.0,5.0,45.0,165.0,221,1
405,bargain_hunter,66.0,web,7.0,145.28,20.754285714285714,10.560596348601496,3.0,4.0,10.0,114.0,128,0
406,regular,36.0,web,7.0,286.15999999999997,40.879999999999995,13.476118382778724,2.0,3.0,25.0,207.0,284,1
407,regular,22.0,mobile_app,7.0,384.61,54.94428571428572,39.49542119332436,3.0,4.0,18.0,58.0,82,1
408,bargain_hunter,28.0,web,1.0,53.77,53.77,0.0,1.0,1.0,89.0,0.0,118,1
409,bargain_hunter,26.0,web,3.0,91.74000000000001,30.580000000000002,20.615409285289488,2.0,2.0,21.0,138.0,217,0
410,bargain_hunter,29.0,mobile_app,4.0,108.21,27.0525,10.962622481261798,3.0,3.0,3.0,62.0,99,0
411,regular,44.0,web,12.0,731.22,60.935,47.749869776119425,3.0,5.0,47.0,206.0,274,0
412,regular,48.0,mobile_app,2.0,405.24,202.62,74.92503453452657,2.0,2.0,14.0,6.0,30,0
413,loyal_vip,35.0,web,28.0,3127.36,111.69142857142857,80.73608861773651,3.0,5.0,1.0,233.0,236,0
414,bargain_hunter,52.0,in_store,3.0,120.55,40.18333333333333,24.111408779524545,3.0,2.0,27.0,106.0,135,0
415,regular,51.0,web,12.0,832.07,69.33916666666667,53.50649297189561,3.0,4.0,71.0,226.0,309,0
416,one_off,19.0,mobile_app,1.0,16.55,16.55,0.0,1.0,1.0,88.0,0.0,105,1
417,regular,50.0,mobile_app,13.0,764.3,58.79230769230769,45.015802439040996,3.0,3.0,44.0,180.0,260,0
418,bargain_hunter,33.0,mobile_app,1.0,27.17,27.17,0.0,1.0,1.0,125.0,0.0,137,1
419,regular,28.0,web,1.0,78.35,78.35,0.0,1.0,1.0,7.0,0.0,14,1
420,regular,34.0,mobile_app,5.0,215.73000000000002,43.146,25.284014317350792,3.0,3.0,64.0,39.0,120,0
421,regular,38.0,web,23.0,1153.85,50.167391304347824,31.390304411827447,3.0,5.0,21.0,287.0,312,0
422,regular,26.0,web,7.0,477.7,68.24285714285715,51.38319755013491,3.0,3.0,1.0,149.0,151,0
423,regular,46.0,web,20.0,1016.06,50.803,29.470768407462938,3.0,5.0,36.0,293.0,353,0
424,regular,31.0,web,21.0,1073.67,51.12714285714286,44.9873095597922,3.0,5.0,1.0,352.0,353,0
425,bargain_hunter,30.0,web,4.0,111.49,27.8725,11.872498683933387,1.0,3.0,45.0,142.0,279,1
426,one_off,19.0,web,0.0,0.0,0.0,0.0,0.0,0.0,21.0,0.0,21,0
427,regular,58.0,mobile_app,3.0,190.35999999999999,63.453333333333326,56.32022224151226,2.0,3.0,19.0,43.0,66,0
428,bargain_hunter,44.0,web,2.0,12.15,6.075,6.371032098490793,2.0,2.0,62.0,86.0,188,1
429,regular,28.0,mobile_app,5.0,368.90000000000003,73.78,55.3557797343692,2.0,3.0,30.0,137.0,185,0
430,regular,40.0,mobile_app,1.0,90.03,90.03,0.0,1.0,1.0,21.0,0.0,79,1
431,one_off,49.0,mobile_app,0.0,0.0,0.0,0.0,0.0,0.0,10.0,0.0,10,1
432,regular,49.0,web,6.0,344.78,57.46333333333333,23.775063126449673,3.0,5.0,4.0,31.0,39,0
433,regular,66.0,mobile_app,15.0,887.88,59.192,50.070663523806886,3.0,5.0,28.0,275.0,304,1
434,bargain_hunter,31.0,in_store,2.0,100.28,50.14,34.80379577000187,2.0,1.0,88.0,13.0,246,1
435,regular,63.0,mobile_app,5.0,301.06,60.212,18.86304508821415,3.0,4.0,12.0,113.0,131,0
436,bargain_hunter,50.0,mobile_app,1.0,12.96,12.96,0.0,1.0,1.0,28.0,0.0,117,1
437,bargain_hunter,27.0,web,0.0,0.0,0.0,0.0,0.0,0.0,88.0,0.0,88,1
438,one_off,39.0,web,5.0,211.21,42.242000000000004,17.122506241785985,3.0,2.0,22.0,104.0,205,0
439,bargain_hunter,29.0,mobile_app,3.0,144.01,48.00333333333333,56.28198320362684,2.0,3.0,15.0,99.0,119,1
440,one_off,43.0,mobile_app,2.0,77.61,38.805,13.753226894078352,2.0,2.0,71.0,116.0,224,1
441,regular,46.0,mobile_app,10.0,641.87,64.187,24.379148216822053,3.0,5.0,40.0,145.0,298,0
442,regular,39.0,mobile_app,9.0,574.24,63.80444444444444,43.90969486090489,3.0,5.0,16.0,208.0,243,1
443,loyal_vip,43.0,in_store,0.0,0.0,0.0,0.0,0.0,0.0,12.0,0.0,12,1
444,loyal_vip,51.0,in_store,21.0,2134.46,101.64095238095238,95.90187244807903,3.0,5.0,29.0,201.0,257,0
445,bargain_hunter,30.0,web,1.0,31.78,31.78,0.0,1.0,1.0,26.0,0.0,37,1
446,regular,18.0,web,8.0,676.16,84.52,47.431314851808914,3.0,4.0,8.0,180.0,275,0
447,bargain_hunter,30.0,in_store,1.0,26.87,26.87,0.0,1.0,1.0,229.0,0.0,237,1
448,regular,28.0,mobile_app,1.0,49.27,49.27,0.0,1.0,1.0,31.0,0.0,34,1
449,bargain_hunter,50.0,web,0.0,0.0,0.0,0.0,0.0,0.0,137.0,0.0,137,1
450,bargain_hunter,20.0,in_store,5.0,133.24,26.648000000000003,14.844895418964727,3.0,3.0,10.0,221.0,253,1
451,bargain_hunter,40.0,web,3.0,90.99000000000001,30.330000000000002,19.003702270873433,1.0,3.0,14.0,16.0,76,1
452,loyal_vip,28.0,web,12.0,1427.1100000000001,118.92583333333334,91.80144279499326,2.0,5.0,4.0,192.0,200,0
453,bargain_hunter,47.0,web,2.0,50.370000000000005,25.185000000000002,3.7830212793480267,2.0,2.0,32.0,5.0,53,0
454,regular,44.0,web,9.0,484.74,53.86,31.85977440284221,3.0,5.0,31.0,273.0,317,1
455,one_off,33.0,in_store,8.0,302.28999999999996,37.786249999999995,33.843938447569265,2.0,4.0,8.0,288.0,329,1
456,bargain_hunter,47.0,mobile_app,6.0,119.97,19.995,21.70770807800768,3.0,4.0,2.0,239.0,261,0
457,bargain_hunter,22.0,mobile_app,7.0,155.5,22.214285714285715,14.955141654453222,3.0,5.0,1.0,272.0,286,0
458,regular,34.0,web,20.0,838.52,41.926,32.7880107099499,3.0,5.0,16.0,262.0,284,0
459,one_off,70.0,mobile_app,0.0,0.0,0.0,0.0,0.0,0.0,325.0,0.0,325,1
460,bargain_hunter,57.0,mobile_app,2.0,25.98,12.99,5.345727265770298,2.0,1.0,27.0,59.0,122,0
461,regular,35.0,web,2.0,92.69999999999999,46.349999999999994,30.801571388486003,2.0,2.0,11.0,5.0,42,1
462,loyal_vip,35.0,web,42.0,5892.23,140.29119047619048,89.52834365752777,3.0,5.0,2.0,321.0,348,0
463,loyal_vip,28.0,web,31.0,4437.16,143.1341935483871,92.16981645398505,3.0,5.0,14.0,287.0,311,0
464,regular,35.0,web,17.0,896.47,52.73352941176471,28.879311353713156,3.0,5.0,2.0,104.0,107,0
465,bargain_hunter,23.0,mobile_app,9.0,202.82,22.535555555555554,14.328628782189096,3.0,5.0,86.0,183.0,270,0
466,bargain_hunter,59.0,mobile_app,2.0,36.53,18.265,6.031620843521251,2.0,2.0,43.0,28.0,77,1
467,bargain_hunter,20.0,mobile_app,18.0,424.96,23.608888888888888,13.263318673025323,3.0,5.0,3.0,348.0,360,0
468,bargain_hunter,33.0,mobile_app,4.0,52.21,13.0525,2.575284773897183,2.0,3.0,23.0,258.0,328,1
469,bargain_hunter,,in_store,5.0,97.15,19.43,15.712125890534356,3.0,3.0,25.0,180.0,307,1
470,regular,56.0,web,8.0,440.9,55.1125,39.59801501157783,3.0,4.0,8.0,37.0,51,0
471,bargain_hunter,63.0,web,3.0,88.82000000000001,29.60666666666667,12.577695867420763,2.0,2.0,4.0,150.0,226,0
472,bargain_hunter,35.0,web,4.0,45.980000000000004,11.495000000000001,7.937499606299203,2.0,3.0,37.0,240.0,334,1
473,regular,44.0,in_store,6.0,120.0,20.0,10.813508218889929,3.0,4.0,34.0,64.0,104,1
474,bargain_hunter,32.0,mobile_app,5.0,114.72999999999999,22.945999999999998,8.392861848022994,3.0,2.0,2.0,173.0,189,0
475,regular,26.0,web,2.0,56.17999999999999,28.089999999999996,16.36245091665671,2.0,2.0,53.0,11.0,66,1
476,bargain_hunter,23.0,web,4.0,173.73000000000002,43.432500000000005,9.58510780673158,2.0,4.0,5.0,218.0,243,0
477,regular,39.0,web,1.0,23.87,23.87,0.0,1.0,1.0,7.0,0.0,16,1
478,loyal_vip,18.0,mobile_app,7.0,695.8199999999999,99.40285714285713,75.85206912455448,2.0,4.0,11.0,60.0,73,0
479,loyal_vip,53.0,in_store,32.0,4232.41,132.2628125,103.33077192839774,3.0,5.0,1.0,214.0,229,0
480,regular,58.0,mobile_app,5.0,258.71000000000004,51.742000000000004,35.777206011649376,3.0,4.0,6.0,35.0,48,1
481,bargain_hunter,38.0,web,4.0,78.61,19.6525,15.52384912535118,3.0,4.0,3.0,46.0,85,1
482,loyal_vip,31.0,web,51.0,6192.76,121.42666666666668,71.76774711990524,3.0,5.0,1.0,211.0,218,0
483,loyal_vip,27.0,web,30.0,3249.08,108.30266666666667,72.41719604002112,3.0,5.0,5.0,262.0,273,0
484,regular,49.0,mobile_app,12.0,470.7,39.225,26.004952500349898,3.0,5.0,6.0,137.0,148,0
485,bargain_hunter,45.0,web,0.0,0.0,0.0,0.0,0.0,0.0,5.0,0.0,5,0
486,bargain_hunter,39.0,mobile_app,2.0,66.13,33.065,30.12981994635879,1.0,1.0,81.0,6.0,110,1
487,loyal_vip,,web,21.0,2435.59,115.9804761904762,98.86189925730693,3.0,4.0,1.0,111.0,117,0
488,regular,45.0,web,10.0,566.45,56.645,42.65984222766053,3.0,4.0,9.0,124.0,148,0
489,loyal_vip,47.0,in_store,14.0,1547.8700000000001,110.56214285714286,68.5661707548119,3.0,5.0,3.0,263.0,266,0
490,regular,33.0,in_store,12.0,733.61,61.134166666666665,37.90059161407602,3.0,5.0,72.0,172.0,289,1
491,loyal_vip,40.0,web,12.0,1289.11,107.42583333333333,67.77556484568399,3.0,5.0,3.0,84.0,89,0
492,regular,59.0,in_store,5.0,226.72,45.344,17.09562019933761,2.0,3.0,10.0,117.0,131,1
493,regular,36.0,web,7.0,516.89,73.84142857142857,81.98749852438307,2.0,4.0,8.0,116.0,135,0
494,one_off,35.0,web,0.0,0.0,0.0,0.0,0.0,0.0,220.0,0.0,220,1
495,bargain_hunter,20.0,web,7.0,221.79,31.684285714285714,22.010143765351206,3.0,5.0,14.0,289.0,311,1
496,loyal_vip,29.0,mobile_app,25.0,2903.4700000000003,116.1388,82.63478899753218,3.0,5.0,2.0,231.0,255,0
497,one_off,40.0,web,2.0,60.59,30.295,17.37361361375347,1.0,2.0,174.0,22.0,199,1
498,bargain_hunter,,web,0.0,0.0,0.0,0.0,0.0,0.0,59.0,0.0,59,1
499,bargain_hunter,46.0,web,0.0,0.0,0.0,0.0,0.0,0.0,91.0,0.0,91,1
500,regular,46.0,web,9.0,366.0,40.666666666666664,22.896285724981684,3.0,4.0,6.0,300.0,323,0
501,loyal_vip,46.0,mobile_app,5.0,514.59,102.918,63.52706210742002,2.0,3.0,24.0,51.0,84,1
502,loyal_vip,,web,24.0,3207.0,133.625,90.6050414664131,3.0,5.0,9.0,271.0,285,0
503,loyal_vip,43.0,mobile_app,19.0,1924.06,101.26631578947368,68.27878295883123,3.0,5.0,12.0,203.0,235,0
504,regular,45.0,web,1.0,28.52,28.52,0.0,1.0,1.0,6.0,0.0,39,1
505,loyal_vip,46.0,web,10.0,1788.29,178.829,105.43305442580879,3.0,5.0,22.0,67.0,105,0
506,regular,39.0,mobile_app,5.0,207.95000000000002,41.59,27.34192293895951,3.0,3.0,11.0,74.0,85,0
507,bargain_hunter,35.0,web,0.0,0.0,0.0,0.0,0.0,0.0,4.0,0.0,4,1
508,regular,26.0,web,1.0,52.6,52.6,0.0,1.0,1.0,4.0,0.0,5,1
509,regular,35.0,in_store,21.0,1324.33,63.06333333333333,35.072034776062445,3.0,5.0,18.0,313.0,332,0
510,regular,54.0,mobile_app,12.0,562.8299999999999,46.902499999999996,33.425558028931306,3.0,4.0,2.0,172.0,192,0
511,regular,43.0,in_store,6.0,423.55,70.59166666666667,43.10694534140254,2.0,3.0,13.0,135.0,155,0
512,regular,54.0,web,7.0,256.49,36.64142857142857,13.607262066719404,3.0,4.0,53.0,123.0,190,1
513,loyal_vip,18.0,mobile_app,49.0,5578.53,113.84755102040816,76.01906593443661,3.0,5.0,3.0,325.0,330,0
514,regular,34.0,web,22.0,1294.91,58.85954545454546,49.97445047005069,3.0,5.0,5.0,354.0,360,0
515,regular,46.0,mobile_app,30.0,1620.09,54.003,29.902392494523774,3.0,5.0,13.0,303.0,335,0
516,bargain_hunter,50.0,web,5.0,104.83,20.966,15.43453206287771,3.0,4.0,22.0,137.0,190,1
517,bargain_hunter,40.0,web,6.0,214.53,35.755,20.102999527433713,3.0,4.0,47.0,231.0,363,1
518,regular,51.0,web,4.0,264.61,66.1525,40.27533105595367,3.0,4.0,33.0,83.0,117,1
519,bargain_hunter,26.0,web,2.0,24.58,12.29,9.446946596652275,2.0,1.0,71.0,31.0,134,1
520,bargain_hunter,35.0,mobile_app,5.0,88.55,17.71,10.814030238537343,2.0,3.0,2.0,169.0,274,1
521,regular,56.0,mobile_app,17.0,1134.96,66.76235294117647,37.19827676274329,3.0,5.0,11.0,224.0,237,0
522,loyal_vip,37.0,mobile_app,2.0,185.19,92.595,69.82679464217156,2.0,2.0,2.0,13.0,36,0
523,bargain_hunter,43.0,web,1.0,32.77,32.77,0.0,1.0,1.0,98.0,0.0,111,1
524,bargain_hunter,29.0,mobile_app,4.0,54.07,13.5175,10.311519044253373,2.0,2.0,15.0,244.0,319,0
525,one_off,21.0,web,0.0,0.0,0.0,0.0,0.0,0.0,36.0,0.0,36,1
526,loyal_vip,39.0,mobile_app,31.0,5113.17,164.94096774193548,101.99976478256666,3.0,5.0,44.0,203.0,262,0
527,regular,44.0,mobile_app,15.0,1014.14,67.60933333333334,30.130328210878123,3.0,5.0,7.0,281.0,341,1
528,regular,32.0,mobile_app,7.0,718.81,102.68714285714285,56.19494363798393,2.0,4.0,8.0,128.0,169,0
529,bargain_hunter,48.0,mobile_app,1.0,13.0,13.0,0.0,1.0,1.0,51.0,0.0,61,1
530,loyal_vip,36.0,mobile_app,55.0,7992.54,145.3189090909091,94.97273688085296,3.0,5.0,5.0,296.0,304,0
531,bargain_hunter,51.0,web,12.0,384.79,32.06583333333334,31.66861034306062,3.0,5.0,24.0,298.0,363,0
532,bargain_hunter,47.0,web,11.0,375.43,34.13,16.349835473178313,3.0,5.0,69.0,209.0,303,1
533,regular,38.0,mobile_app,8.0,491.41,61.42625,34.52991164504024,3.0,4.0,33.0,50.0,87,0
534,bargain_hunter,44.0,web,8.0,222.27,27.78375,29.578255979447377,3.0,4.0,8.0,291.0,324,1
535,loyal_vip,50.0,web,8.0,1101.66,137.7075,104.70606651138088,3.0,4.0,1.0,43.0,44,0
536,loyal_vip,67.0,web,19.0,2028.0,106.73684210526316,58.22985842070979,3.0,5.0,6.0,181.0,193,0
537,bargain_hunter,30.0,web,7.0,221.61,31.65857142857143,19.684507807386183,3.0,3.0,25.0,230.0,303,0
538,one_off,52.0,mobile_app,0.0,0.0,0.0,0.0,0.0,0.0,17.0,0.0,17,1
539,regular,38.0,in_store,7.0,436.99,62.42714285714286,32.43088687978674,3.0,4.0,17.0,82.0,111,0
540,bargain_hunter,45.0,mobile_app,3.0,188.43,62.81,61.64309288152241,2.0,2.0,46.0,33.0,101,1
541,loyal_vip,28.0,web,37.0,5199.09,140.51594594594596,83.69999294635106,3.0,5.0,10.0,305.0,347,0
542,bargain_hunter,18.0,mobile_app,0.0,0.0,0.0,0.0,0.0,0.0,25.0,0.0,25,0
543,one_off,34.0,web,0.0,0.0,0.0,0.0,0.0,0.0,33.0,0.0,33,1
544,regular,34.0,mobile_app,8.0,478.25,59.78125,37.52694172667342,3.0,4.0,12.0,213.0,273,0
545,regular,37.0,mobile_app,1.0,38.98,38.98,0.0,1.0,1.0,40.0,0.0,45,0
546,one_off,61.0,mobile_app,1.0,46.82,46.82,0.0,1.0,1.0,137.0,0.0,262,1
547,bargain_hunter,27.0,web,3.0,98.44,32.81333333333333,14.495352128642246,2.0,2.0,197.0,78.0,315,1
548,one_off,31.0,mobile_app,3.0,120.09,40.03,29.039070233049816,3.0,2.0,129.0,22.0,247,1
549,bargain_hunter,53.0,mobile_app,2.0,22.93,11.465,0.9404520189781077,2.0,2.0,24.0,14.0,40,0
550,loyal_vip,55.0,mobile_app,18.0,1819.73,101.09611111111111,65.72745286756148,3.0,5.0,15.0,132.0,148,0
551,regular,53.0,web,5.0,336.89,67.378,43.48450379158074,2.0,4.0,18.0,288.0,320,0
552,loyal_vip,50.0,in_store,6.0,733.95,122.325,66.89292959648276,3.0,3.0,25.0,37.0,89,0
553,regular,45.0,web,6.0,438.88,73.14666666666666,43.67577116281597,3.0,3.0,17.0,174.0,213,0
554,bargain_hunter,51.0,mobile_app,2.0,63.260000000000005,31.630000000000003,8.852976900455573,2.0,2.0,27.0,28.0,129,1
555,bargain_hunter,45.0,web,8.0,204.0,25.5,16.174645061241463,2.0,5.0,18.0,238.0,269,0
556,regular,29.0,in_store,23.0,1145.78,49.81652173913044,22.254739354021087,3.0,5.0,7.0,309.0,348,0
557,loyal_vip,46.0,mobile_app,3.0,297.27,99.08999999999999,88.93547998408735,3.0,2.0,4.0,5.0,9,0
558,one_off,39.0,web,3.0,135.66,45.22,16.324285589268523,3.0,2.0,7.0,150.0,249,0
559,regular,18.0,web,3.0,204.73,68.24333333333333,21.28315374500061,2.0,3.0,36.0,85.0,165,0
560,regular,39.0,mobile_app,15.0,719.84,47.989333333333335,37.04688447796669,3.0,5.0,1.0,231.0,295,0
561,loyal_vip,25.0,in_store,39.0,5177.27,132.75051282051282,82.30781966907801,3.0,5.0,5.0,244.0,252,0
562,one_off,45.0,in_store,2.0,71.38,35.69,15.20279579551077,1.0,2.0,19.0,17.0,108,1
563,bargain_hunter,47.0,mobile_app,1.0,14.07,14.07,0.0,1.0,1.0,117.0,0.0,139,1
564,bargain_hunter,18.0,mobile_app,0.0,0.0,0.0,0.0,0.0,0.0,3.0,0.0,3,0
565,regular,29.0,mobile_app,19.0,1063.6,55.978947368421046,41.55637120489826,3.0,5.0,11.0,227.0,244,1
566,regular,39.0,mobile_app,9.0,355.23,39.47,26.046796348111606,2.0,3.0,39.0,196.0,235,1
567,regular,30.0,mobile_app,3.0,181.76999999999998,60.589999999999996,13.717255556415063,2.0,2.0,92.0,117.0,212,1
568,one_off,35.0,web,3.0,165.27,55.09,27.103315295365622,3.0,3.0,79.0,54.0,166,1
569,regular,30.0,web,0.0,0.0,0.0,0.0,0.0,0.0,14.0,0.0,14,0
570,regular,43.0,web,14.0,595.9699999999999,42.569285714285705,32.98743641129166,3.0,5.0,51.0,230.0,286,0
571,bargain_hunter,41.0,mobile_app,1.0,18.02,18.02,0.0,1.0,1.0,24.0,0.0,69,1
572,regular,31.0,in_store,10.0,403.18,40.318,20.05615494333625,2.0,5.0,83.0,75.0,216,1
573,loyal_vip,49.0,in_store,28.0,2938.65,104.95178571428572,89.13136260821342,3.0,5.0,6.0,297.0,306,0
574,loyal_vip,38.0,web,4.0,447.11,111.7775,18.719035543175472,3.0,3.0,5.0,18.0,31,0
575,regular,42.0,web,9.0,495.6,55.06666666666667,40.757791893084686,3.0,4.0,2.0,57.0,62,0
576,regular,37.0,mobile_app,9.0,407.51,45.278888888888886,30.309784494633266,3.0,4.0,22.0,208.0,264,1
577,regular,43.0,web,9.0,741.75,82.41666666666667,37.047158123127346,2.0,5.0,62.0,99.0,211,0
578,one_off,38.0,mobile_app,1.0,110.86,110.86,0.0,1.0,1.0,58.0,0.0,58,1
579,bargain_hunter,24.0,mobile_app,7.0,226.76999999999998,32.395714285714284,17.73210257991877,3.0,4.0,80.0,118.0,260,1
580,one_off,57.0,mobile_app,0.0,0.0,0.0,0.0,0.0,0.0,59.0,0.0,59,1
581,regular,51.0,web,10.0,647.92,64.792,39.190953264468796,3.0,4.0,47.0,124.0,204,1
582,bargain_hunter,48.0,mobile_app,15.0,397.32,26.488,17.435449602953828,3.0,5.0,3.0,231.0,235,1
583,regular,40.0,web,17.0,741.5,43.61764705882353,24.5933041012721,3.0,5.0,15.0,193.0,233,0
584,loyal_vip,44.0,mobile_app,22.0,2622.29,119.195,76.64314455411427,3.0,5.0,11.0,293.0,319,0
585,regular,40.0,mobile_app,1.0,42.06,42.06,0.0,1.0,1.0,8.0,0.0,28,1
586,bargain_hunter,57.0,web,2.0,40.36,20.18,17.522106037802647,2.0,1.0,46.0,18.0,79,1
587,regular,28.0,web,9.0,439.83,48.87,37.914495578867985,3.0,4.0,6.0,72.0,86,0
588,one_off,40.0,in_store,8.0,253.92000000000002,31.740000000000002,22.04016982045024,3.0,4.0,9.0,202.0,234,1
589,regular,39.0,in_store,2.0,171.16,85.58,33.799704140716976,1.0,2.0,6.0,7.0,13,0
590,regular,,in_store,18.0,894.3,49.68333333333333,33.86277515468085,3.0,5.0,22.0,306.0,335,0
591,loyal_vip,32.0,web,2.0,167.04,83.52,83.46688445126007,2.0,2.0,6.0,11.0,27,0
592,regular,55.0,mobile_app,13.0,928.17,71.39769230769231,39.56576195690877,3.0,5.0,15.0,93.0,113,0
593,regular,44.0,mobile_app,3.0,104.53,34.843333333333334,18.235641840454456,2.0,2.0,138.0,52.0,246,1
594,regular,37.0,in_store,3.0,86.4,28.8,20.912283471682382,2.0,1.0,56.0,10.0,93,1
595,regular,34.0,web,12.0,847.7800000000001,70.64833333333334,37.28608022825514,3.0,5.0,3.0,142.0,193,0
596,bargain_hunter,35.0,web,0.0,0.0,0.0,0.0,0.0,0.0,22.0,0.0,22,0
597,bargain_hunter,56.0,mobile_app,11.0,338.76,30.796363636363637,23.68010315548785,3.0,5.0,23.0,231.0,263,0
598,loyal_vip,18.0,web,3.0,623.42,207.80666666666664,67.85602577025368,2.0,2.0,6.0,23.0,30,1
599,regular,74.0,mobile_app,1.0,23.48,23.48,0.0,1.0,1.0,11.0,0.0,39,1
600,regular,36.0,in_store,4.0,170.61,42.6525,25.963726459556355,3.0,3.0,52.0,108.0,165,0
601,bargain_hunter,73.0,web,9.0,170.83,18.98111111111111,16.725457725010433,2.0,4.0,15.0,183.0,203,1
602,one_off,31.0,in_store,5.0,189.96,37.992000000000004,19.505895775380328,2.0,4.0,52.0,183.0,280,1
603,regular,19.0,web,15.0,1145.14,76.34266666666667,51.95145088949692,3.0,5.0,17.0,246.0,278,0
604,regular,18.0,mobile_app,6.0,252.24,42.04,15.371417631435301,1.0,2.0,3.0,74.0,82,0
605,regular,28.0,in_store,15.0,871.02,58.068,56.01726050322092,3.0,5.0,28.0,184.0,282,0
606,regular,33.0,mobile_app,6.0,369.75,61.625,38.467190565467604,3.0,3.0,21.0,54.0,75,0
607,regular,32.0,web,5.0,350.25,70.05,47.53506284838593,2.0,4.0,17.0,34.0,120,1
608,bargain_hunter,60.0,web,2.0,82.4,41.2,24.183051916579924,1.0,2.0,45.0,4.0,96,0
609,loyal_vip,59.0,web,10.0,1423.5900000000001,142.359,99.79987958687903,3.0,5.0,3.0,22.0,26,0
610,regular,35.0,web,8.0,143.28,17.91,12.497687786146683,3.0,4.0,45.0,239.0,291,1
611,regular,45.0,web,11.0,639.74,58.158181818181816,63.5936850352583,2.0,4.0,14.0,282.0,302,0
612,regular,33.0,mobile_app,7.0,305.64,43.66285714285714,23.092258236824534,3.0,4.0,3.0,102.0,152,0
613,regular,37.0,web,10.0,817.22,81.72200000000001,54.50710041412545,3.0,3.0,15.0,121.0,141,0
614,bargain_hunter,72.0,web,5.0,166.22,33.244,17.9285088615869,3.0,4.0,20.0,205.0,255,1
615,regular,35.0,web,3.0,307.92,102.64,84.78714289324768,2.0,2.0,20.0,40.0,99,0
616,one_off,27.0,in_store,1.0,33.99,33.99,0.0,1.0,1.0,141.0,0.0,308,1
617,bargain_hunter,59.0,web,14.0,376.39,26.884999999999998,18.725472470161314,3.0,5.0,26.0,315.0,359,0
618,one_off,18.0,mobile_app,0.0,0.0,0.0,0.0,0.0,0.0,148.0,0.0,148,1
619,regular,69.0,mobile_app,12.0,681.4399999999999,56.78666666666666,33.46802770985883,3.0,5.0,3.0,121.0,125,0
620,one_off,64.0,mobile_app,2.0,71.48,35.74,26.48822002324807,1.0,2.0,22.0,16.0,100,1
621,loyal_vip,68.0,web,20.0,3202.89,160.1445,99.81272677395721,3.0,5.0,6.0,225.0,255,0
622,one_off,20.0,web,0.0,0.0,0.0,0.0,0.0,0.0,234.0,0.0,234,1
623,one_off,29.0,web,2.0,72.37,36.185,13.272394282871499,2.0,2.0,21.0,15.0,52,0
624,loyal_vip,43.0,web,60.0,7741.46,129.02433333333335,88.14228853598924,3.0,5.0,3.0,278.0,282,0
625,loyal_vip,19.0,web,18.0,2249.16,124.95333333333332,86.57953562034908,3.0,5.0,18.0,230.0,263,0
626,loyal_vip,50.0,web,20.0,3042.94,152.147,133.66685988917214,3.0,5.0,29.0,211.0,242,0
627,loyal_vip,41.0,mobile_app,3.0,249.8,83.26666666666667,74.26669127767396,2.0,2.0,22.0,16.0,62,0
628,regular,73.0,mobile_app,5.0,159.03,31.806,18.028812495558324,2.0,3.0,26.0,117.0,175,0
629,regular,19.0,mobile_app,0.0,0.0,0.0,0.0,0.0,0.0,3.0,0.0,3,0
630,one_off,45.0,web,4.0,158.10000000000002,39.525000000000006,22.38662472698077,3.0,3.0,105.0,182.0,308,1
631,one_off,48.0,web,0.0,0.0,0.0,0.0,0.0,0.0,28.0,0.0,28,1
632,regular,67.0,in_store,4.0,230.98000000000002,57.745000000000005,16.236562649362288,2.0,4.0,9.0,54.0,74,0
633,bargain_hunter,39.0,mobile_app,3.0,109.89,36.63,21.52523170606997,2.0,2.0,7.0,206.0,285,0
634,regular,42.0,mobile_app,13.0,680.8,52.36923076923077,25.257827981815346,3.0,5.0,4.0,272.0,306,0
635,loyal_vip,39.0,in_store,44.0,4927.96,111.99909090909091,98.36686873267143,3.0,5.0,23.0,220.0,250,0
636,one_off,22.0,mobile_app,2.0,17.619999999999997,8.809999999999999,2.2061731573020285,2.0,2.0,57.0,49.0,185,1
637,regular,42.0,web,9.0,374.77,41.64111111111111,22.787129834867557,2.0,4.0,2.0,197.0,226,0
638,loyal_vip,37.0,web,34.0,3579.87,105.29029411764705,107.97788139062482,3.0,5.0,4.0,198.0,206,0
639,bargain_hunter,41.0,web,7.0,127.89,18.27,14.133755103769605,3.0,4.0,33.0,94.0,137,1
640,bargain_hunter,23.0,mobile_app,2.0,17.689999999999998,8.844999999999999,2.595081886954629,2.0,2.0,32.0,22.0,60,1
641,bargain_hunter,37.0,web,0.0,0.0,0.0,0.0,0.0,0.0,14.0,0.0,14,0
642,bargain_hunter,32.0,in_store,5.0,130.83,26.166000000000004,26.56162419732649,3.0,2.0,6.0,211.0,328,0
643,regular,,in_store,6.0,274.78,45.79666666666666,31.488985799270615,2.0,3.0,4.0,135.0,176,0
644,regular,72.0,web,9.0,541.29,60.14333333333333,43.29052754356316,3.0,4.0,30.0,184.0,256,0
645,regular,29.0,mobile_app,12.0,617.29,51.44083333333333,36.25409029170071,2.0,4.0,42.0,179.0,233,0
646,regular,46.0,mobile_app,1.0,34.57,34.57,0.0,1.0,1.0,32.0,0.0,32,1
647,bargain_hunter,40.0,mobile_app,3.0,74.18,24.72666666666667,6.450010335909033,3.0,2.0,70.0,54.0,138,1
648,bargain_hunter,35.0,in_store,1.0,34.76,34.76,0.0,1.0,1.0,12.0,0.0,38,0
649,bargain_hunter,26.0,mobile_app,4.0,159.65,39.9125,12.71569994141101,2.0,3.0,26.0,76.0,133,0
650,loyal_vip,41.0,in_store,19.0,2478.21,130.4321052631579,115.83613188844487,3.0,5.0,4.0,301.0,315,0
651,regular,35.0,in_store,9.0,508.86,56.54,29.651743624953998,3.0,4.0,24.0,221.0,245,0
652,regular,28.0,mobile_app,11.0,711.71,64.7009090909091,40.84822846943193,3.0,5.0,11.0,144.0,165,0
653,regular,40.0,mobile_app,20.0,1192.2,59.61,43.29873001662557,3.0,5.0,1.0,289.0,304,0
654,regular,50.0,mobile_app,5.0,243.82,48.763999999999996,14.340391556718386,2.0,2.0,11.0,89.0,120,0
655,one_off,52.0,mobile_app,3.0,43.849999999999994,14.616666666666665,4.484242782603697,2.0,2.0,46.0,211.0,278,1
656,loyal_vip,,web,11.0,1391.83,126.52999999999999,78.71247169286451,3.0,4.0,7.0,158.0,166,0
657,loyal_vip,39.0,mobile_app,24.0,2540.9500000000003,105.87291666666668,73.9905679346841,3.0,5.0,1.0,235.0,247,0
658,bargain_hunter,48.0,mobile_app,5.0,142.45,28.49,16.780025327752043,3.0,3.0,36.0,165.0,236,0
659,one_off,53.0,web,0.0,0.0,0.0,0.0,0.0,0.0,100.0,0.0,100,1
660,one_off,18.0,mobile_app,0.0,0.0,0.0,0.0,0.0,0.0,144.0,0.0,144,0
661,bargain_hunter,40.0,mobile_app,7.0,206.29,29.47,26.599512526861588,3.0,3.0,4.0,213.0,294,0
662,bargain_hunter,47.0,in_store,4.0,89.2,22.3,7.247882449377887,3.0,2.0,2.0,176.0,178,0
663,regular,39.0,mobile_app,17.0,1028.6,60.50588235294117,57.55555186717693,3.0,5.0,45.0,254.0,331,0
664,bargain_hunter,19.0,mobile_app,1.0,36.07,36.07,0.0,1.0,1.0,14.0,0.0,167,1
665,bargain_hunter,42.0,web,4.0,85.03,21.2575,12.876027790691767,3.0,3.0,10.0,184.0,271,0
666,bargain_hunter,44.0,web,4.0,119.13,29.7825,9.071994911080289,3.0,4.0,20.0,97.0,218,0
667,regular,56.0,web,5.0,356.31,71.262,32.46505613733018,3.0,3.0,2.0,68.0,76,0
668,bargain_hunter,47.0,web,15.0,459.01,30.600666666666665,12.958513178969408,3.0,5.0,15.0,316.0,334,0
669,loyal_vip,36.0,mobile_app,5.0,237.07999999999998,47.416,31.301069151068948,3.0,4.0,7.0,55.0,63,0
670,one_off,41.0,mobile_app,0.0,0.0,0.0,0.0,0.0,0.0,46.0,0.0,46,0
671,one_off,34.0,mobile_app,0.0,0.0,0.0,0.0,0.0,0.0,146.0,0.0,146,1
672,regular,38.0,web,9.0,323.2,35.91111111111111,25.596727546917226,3.0,4.0,33.0,82.0,115,1
673,regular,32.0,mobile_app,30.0,1942.91,64.76366666666667,44.8392012512553,3.0,5.0,1.0,343.0,344,0
674,bargain_hunter,48.0,mobile_app,3.0,87.99000000000001,29.330000000000002,6.202894485641362,2.0,3.0,40.0,63.0,131,0
675,regular,44.0,web,15.0,918.79,61.25266666666666,30.482180852488383,3.0,5.0,8.0,184.0,210,0
676,loyal_vip,42.0,mobile_app,3.0,435.21999999999997,145.07333333333332,105.12263996558178,2.0,3.0,12.0,25.0,56,0
677,bargain_hunter,37.0,web,1.0,19.16,19.16,0.0,1.0,1.0,16.0,0.0,54,0
678,bargain_hunter,54.0,web,4.0,129.57,32.3925,6.649528178750731,3.0,3.0,1.0,167.0,186,0
679,bargain_hunter,28.0,mobile_app,7.0,112.23,16.032857142857143,11.88098580966764,3.0,4.0,116.0,175.0,295,1
680,regular,39.0,web,29.0,1535.81,52.958965517241374,37.80064411250418,3.0,5.0,18.0,291.0,310,0
681,regular,42.0,in_store,0.0,0.0,0.0,0.0,0.0,0.0,18.0,0.0,18,0
682,regular,37.0,web,9.0,575.3,63.92222222222222,36.94728060959892,2.0,5.0,16.0,309.0,330,0
683,bargain_hunter,49.0,mobile_app,2.0,68.37,34.185,11.052078989945738,2.0,2.0,158.0,33.0,250,1
684,bargain_hunter,52.0,in_store,8.0,128.02,16.0025,10.39083352905682,3.0,3.0,14.0,139.0,194,0
685,regular,38.0,web,11.0,626.54,56.958181818181814,45.77039344776966,3.0,5.0,4.0,333.0,361,0
686,one_off,28.0,mobile_app,0.0,0.0,0.0,0.0,0.0,0.0,7.0,0.0,7,0
687,bargain_hunter,52.0,mobile_app,3.0,34.62,11.54,8.99653822311671,2.0,2.0,30.0,5.0,59,0
688,bargain_hunter,29.0,web,7.0,167.95,23.99285714285714,12.684622861672205,3.0,4.0,7.0,179.0,192,1
689,bargain_hunter,29.0,web,3.0,86.28,28.76,7.11539879416467,2.0,2.0,4.0,9.0,54,0
690,bargain_hunter,41.0,mobile_app,2.0,30.64,15.32,17.196836918456835,1.0,2.0,70.0,93.0,186,1
691,bargain_hunter,47.0,web,4.0,75.89,18.9725,15.743460811820677,2.0,2.0,3.0,188.0,198,1
692,regular,61.0,web,6.0,301.6,50.26666666666667,28.06488814634163,2.0,5.0,12.0,113.0,140,0
693,bargain_hunter,53.0,mobile_app,3.0,141.86,47.28666666666667,31.100932997794995,3.0,2.0,193.0,101.0,322,1
694,bargain_hunter,53.0,mobile_app,8.0,279.53,34.94125,14.790142892673968,3.0,4.0,27.0,309.0,339,0
695,bargain_hunter,58.0,web,0.0,0.0,0.0,0.0,0.0,0.0,12.0,0.0,12,0
696,one_off,31.0,web,0.0,0.0,0.0,0.0,0.0,0.0,84.0,0.0,84,1
697,one_off,39.0,web,0.0,0.0,0.0,0.0,0.0,0.0,351.0,0.0,351,1
698,loyal_vip,32.0,web,19.0,2184.11,114.95315789473685,68.08294565802574,3.0,5.0,16.0,322.0,338,0
699,regular,61.0,web,2.0,99.32,49.66,19.79898987322333,2.0,2.0,26.0,38.0,86,0
700,bargain_hunter,51.0,in_store,4.0,133.81,33.4525,21.92518243937778,2.0,3.0,41.0,183.0,232,0
701,regular,44.0,web,8.0,600.8,75.1,41.06841817538839,3.0,5.0,58.0,108.0,166,0
702,loyal_vip,33.0,web,10.0,1272.22,127.22200000000001,82.9208834170661,2.0,5.0,2.0,52.0,55,0
703,one_off,52.0,web,0.0,0.0,0.0,0.0,0.0,0.0,64.0,0.0,64,1
704,regular,37.0,web,25.0,1441.53,57.6612,39.5853922257525,3.0,5.0,1.0,189.0,193,0
705,bargain_hunter,40.0,web,5.0,55.15,11.03,12.188433041207555,3.0,2.0,4.0,130.0,161,1
706,bargain_hunter,,web,4.0,63.4,15.85,8.436942574179346,1.0,4.0,16.0,199.0,282,0
707,regular,67.0,web,14.0,772.44,55.174285714285716,22.80375870309566,3.0,5.0,12.0,255.0,282,0
708,regular,65.0,web,9.0,304.97,33.885555555555555,22.277293995855466,3.0,3.0,15.0,110.0,142,0
709,one_off,40.0,web,1.0,35.82,35.82,0.0,1.0,1.0,116.0,0.0,226,1
710,bargain_hunter,18.0,web,11.0,296.79,26.980909090909094,29.505816529811696,3.0,3.0,66.0,233.0,302,1
711,bargain_hunter,22.0,mobile_app,4.0,89.97,22.4925,14.364303846688847,2.0,2.0,37.0,57.0,273,1
712,regular,,mobile_app,4.0,203.5,50.875,24.058703899697786,1.0,3.0,51.0,18.0,95,1
713,one_off,39.0,web,4.0,93.03999999999999,23.259999999999998,19.01639468108155,3.0,2.0,57.0,150.0,214,1
714,bargain_hunter,49.0,web,1.0,16.17,16.17,0.0,1.0,1.0,4.0,0.0,19,0
715,regular,60.0,in_store,19.0,1111.84,58.5178947368421,45.807965049631974,3.0,5.0,4.0,217.0,227,0
716,bargain_hunter,45.0,web,6.0,153.32999999999998,25.554999999999996,14.79934559364028,3.0,4.0,112.0,209.0,342,1
717,regular,34.0,mobile_app,24.0,1232.3,51.34583333333333,36.819181545902744,3.0,5.0,42.0,260.0,302,0
718,regular,33.0,mobile_app,10.0,581.01,58.101,44.82032114764215,3.0,5.0,21.0,211.0,236,0
719,bargain_hunter,34.0,web,0.0,0.0,0.0,0.0,0.0,0.0,92.0,0.0,92,1
720,bargain_hunter,26.0,in_store,1.0,24.81,24.81,0.0,1.0,1.0,93.0,0.0,173,1
721,regular,22.0,web,7.0,487.68,69.66857142857143,41.95426932131836,2.0,4.0,7.0,56.0,64,0
722,loyal_vip,53.0,mobile_app,19.0,1681.5,88.5,45.52785813836037,3.0,5.0,1.0,57.0,59,0
723,regular,58.0,web,15.0,826.4,55.093333333333334,45.81347394858957,3.0,5.0,6.0,186.0,253,0
724,one_off,44.0,web,2.0,112.59,56.295,42.999163363953954,2.0,2.0,104.0,36.0,271,1
725,regular,39.0,mobile_app,19.0,1271.42,66.91684210526316,55.840242065361146,3.0,5.0,3.0,178.0,206,0
726,bargain_hunter,26.0,mobile_app,7.0,127.14000000000001,18.162857142857145,12.170003717180636,3.0,4.0,9.0,189.0,269,0
727,regular,32.0,in_store,16.0,821.4300000000001,51.339375000000004,24.969516473425486,3.0,5.0,11.0,187.0,217,0
728,regular,26.0,mobile_app,8.0,478.33,59.79125,47.23903846774554,3.0,4.0,4.0,193.0,205,1
729,one_off,36.0,mobile_app,2.0,61.41,30.705,7.940809152724928,1.0,2.0,23.0,117.0,212,0
730,bargain_hunter,69.0,mobile_app,3.0,73.42,24.473333333333333,15.30715301201805,3.0,3.0,12.0,32.0,67,0
731,regular,51.0,mobile_app,24.0,1627.86,67.8275,48.08840791798951,3.0,5.0,12.0,250.0,267,0
732,bargain_hunter,40.0,mobile_app,2.0,42.68,21.34,16.65943576475506,2.0,2.0,80.0,18.0,196,1
733,loyal_vip,48.0,mobile_app,40.0,4442.51,111.06275000000001,77.10709911071243,3.0,5.0,7.0,339.0,347,0
734,bargain_hunter,57.0,mobile_app,0.0,0.0,0.0,0.0,0.0,0.0,133.0,0.0,133,1
735,one_off,35.0,in_store,3.0,117.71000000000001,39.23666666666667,29.596324659209515,1.0,3.0,124.0,19.0,171,1
736,bargain_hunter,29.0,in_store,10.0,190.09,19.009,15.482045120432607,3.0,5.0,3.0,235.0,284,0
737,bargain_hunter,41.0,mobile_app,3.0,96.00999999999999,32.00333333333333,1.670638600455926,2.0,3.0,38.0,21.0,63,1
738,regular,48.0,web,11.0,689.88,62.71636363636364,35.3510755911973,3.0,4.0,17.0,223.0,252,0
739,regular,44.0,web,3.0,204.78,68.26,21.351306751578456,1.0,3.0,30.0,25.0,60,1
740,one_off,46.0,mobile_app,1.0,7.66,7.66,0.0,1.0,1.0,24.0,0.0,150,0
741,loyal_vip,35.0,mobile_app,15.0,1924.8,128.32,100.22829205654173,3.0,4.0,5.0,94.0,116,1
742,bargain_hunter,36.0,web,2.0,12.0,6.0,0.028284271247461298,1.0,2.0,44.0,4.0,51,1
743,loyal_vip,36.0,in_store,34.0,4304.99,126.61735294117646,130.6049539481985,3.0,5.0,46.0,310.0,364,0
744,loyal_vip,49.0,mobile_app,17.0,2146.78,126.28117647058825,72.5094061900207,3.0,4.0,1.0,152.0,160,0
745,regular,45.0,web,40.0,2342.19,58.55475,36.26158297614567,3.0,5.0,9.0,335.0,357,0
746,regular,37.0,web,10.0,854.0799999999999,85.40799999999999,56.289355575553635,3.0,4.0,49.0,173.0,254,0
747,bargain_hunter,46.0,web,1.0,41.91,41.91,0.0,1.0,1.0,57.0,0.0,143,1
748,one_off,40.0,mobile_app,0.0,0.0,0.0,0.0,0.0,0.0,40.0,0.0,40,1
749,one_off,32.0,web,5.0,261.74,52.348,28.745366061332387,3.0,3.0,46.0,258.0,328,1
750,bargain_hunter,52.0,mobile_app,2.0,48.7,24.35,6.165971131946695,2.0,2.0,17.0,43.0,90,0
751,bargain_hunter,51.0,mobile_app,12.0,335.57,27.964166666666667,23.96818780206696,3.0,3.0,4.0,260.0,266,0
752,loyal_vip,42.0,mobile_app,9.0,1371.6299999999999,152.4033333333333,68.17023599049662,2.0,5.0,10.0,60.0,71,0
753,loyal_vip,26.0,mobile_app,21.0,2940.83,140.0395238095238,122.63427683466765,3.0,5.0,13.0,268.0,286,0
754,regular,65.0,web,9.0,675.1,75.01111111111112,52.024424418835345,2.0,4.0,76.0,55.0,143,1
755,bargain_hunter,76.0,web,5.0,122.66,24.532,17.052047384405192,2.0,3.0,9.0,127.0,171,1
756,bargain_hunter,30.0,mobile_app,4.0,82.55,20.6375,15.369561639812632,2.0,4.0,14.0,37.0,77,1
757,bargain_hunter,62.0,web,2.0,27.35,13.675,3.03348809129029,2.0,2.0,161.0,113.0,312,1
758,regular,34.0,in_store,11.0,659.1899999999999,59.92636363636363,76.41769929443404,3.0,4.0,24.0,184.0,222,0
759,bargain_hunter,30.0,mobile_app,1.0,25.27,25.27,0.0,1.0,1.0,28.0,0.0,89,1
760,regular,47.0,mobile_app,3.0,77.94,25.98,9.229295747780542,2.0,2.0,13.0,45.0,113,1
761,regular,19.0,web,4.0,175.12,43.78,36.69433834621721,2.0,4.0,1.0,97.0,98,1
762,regular,24.0,in_store,20.0,1381.18,69.059,53.09455328393914,3.0,5.0,6.0,286.0,299,0
763,regular,39.0,web,8.0,388.86,48.6075,32.21287220528908,3.0,5.0,28.0,221.0,265,0
764,bargain_hunter,,web,3.0,26.36,8.786666666666667,6.824854088794378,2.0,3.0,79.0,60.0,166,1
765,bargain_hunter,23.0,web,6.0,219.23,36.538333333333334,13.693888296121981,2.0,5.0,13.0,307.0,326,1
766,regular,57.0,web,17.0,911.81,53.635882352941174,28.86602632395554,3.0,5.0,20.0,329.0,354,0
767,loyal_vip,41.0,web,17.0,2150.47,126.49823529411763,91.57809674229519,3.0,5.0,17.0,210.0,232,0
768,loyal_vip,26.0,mobile_app,23.0,3489.98,151.7382608695652,129.35465745742925,3.0,5.0,32.0,290.0,342,0
769,bargain_hunter,63.0,in_store,1.0,16.7,16.7,0.0,1.0,1.0,6.0,0.0,61,1
770,one_off,18.0,mobile_app,0.0,0.0,0.0,0.0,0.0,0.0,188.0,0.0,188,1
771,regular,48.0,web,14.0,707.13,50.50928571428572,41.30433828290935,3.0,5.0,8.0,223.0,273,0
772,bargain_hunter,28.0,mobile_app,0.0,0.0,0.0,0.0,0.0,0.0,75.0,0.0,75,1
773,regular,65.0,web,4.0,156.29000000000002,39.072500000000005,18.910948107732025,2.0,3.0,51.0,161.0,247,0
774,regular,31.0,web,18.0,796.34,44.24111111111111,31.32863544255974,3.0,5.0,1.0,192.0,219,1
775,one_off,41.0,in_store,0.0,0.0,0.0,0.0,0.0,0.0,223.0,0.0,223,1
776,loyal_vip,39.0,mobile_app,27.0,3262.5,120.83333333333333,81.82470874704329,3.0,5.0,9.0,237.0,247,0
777,bargain_hunter,26.0,mobile_app,8.0,189.5,23.6875,10.44118185702311,3.0,3.0,47.0,267.0,349,0
778,bargain_hunter,27.0,mobile_app,1.0,26.95,26.95,0.0,1.0,1.0,30.0,0.0,221,1
779,regular,31.0,in_store,17.0,890.23,52.366470588235295,36.72673020791132,3.0,5.0,2.0,329.0,345,1
780,bargain_hunter,18.0,web,3.0,55.0,18.333333333333332,9.145055130141827,3.0,2.0,92.0,172.0,284,1
781,regular,57.0,mobile_app,6.0,356.03000000000003,59.33833333333334,20.57564425884805,3.0,3.0,17.0,41.0,85,1
782,regular,33.0,web,8.0,338.89,42.36125,32.8585315894409,3.0,3.0,45.0,251.0,319,1
783,one_off,22.0,mobile_app,0.0,0.0,0.0,0.0,0.0,0.0,85.0,0.0,85,1
784,regular,32.0,in_store,21.0,959.36,45.68380952380952,24.273281911639074,3.0,5.0,6.0,334.0,353,0
785,regular,42.0,mobile_app,16.0,804.47,50.279375,35.83032225527238,3.0,5.0,36.0,206.0,255,0
786,regular,43.0,web,7.0,170.8,24.400000000000002,12.616506383834366,3.0,5.0,43.0,123.0,175,0
787,loyal_vip,41.0,web,31.0,3890.69,125.50612903225807,92.83966521831853,3.0,5.0,5.0,245.0,270,0
788,regular,56.0,web,4.0,239.83,59.9575,48.38566342420036,2.0,2.0,29.0,225.0,329,1
789,regular,58.0,mobile_app,4.0,327.63,81.9075,45.92400416267438,3.0,3.0,11.0,39.0,58,1
790,bargain_hunter,43.0,mobile_app,2.0,29.29,14.645,11.928891398617054,2.0,2.0,33.0,86.0,154,0
791,regular,59.0,mobile_app,5.0,258.23,51.646,40.58506535660624,2.0,4.0,75.0,85.0,190,1
792,regular,24.0,mobile_app,1.0,8.43,8.43,0.0,1.0,1.0,9.0,0.0,36,0
793,regular,43.0,mobile_app,10.0,563.08,56.30800000000001,41.0678335332059,3.0,4.0,11.0,146.0,162,0
794,regular,30.0,web,3.0,185.14,61.71333333333333,59.28195537710723,2.0,3.0,33.0,68.0,123,1
795,bargain_hunter,,mobile_app,4.0,69.13,17.2825,11.16110321608039,1.0,3.0,7.0,85.0,96,0
796,bargain_hunter,40.0,web,6.0,82.37,13.728333333333333,4.478622183960897,3.0,4.0,30.0,280.0,350,0
797,bargain_hunter,34.0,in_store,4.0,141.71,35.4275,16.794851145514805,2.0,3.0,25.0,89.0,144,0
798,one_off,38.0,mobile_app,2.0,80.37,40.185,27.796367568443184,1.0,1.0,11.0,53.0,222,0
799,loyal_vip,25.0,web,16.0,1776.87,111.054375,85.47192154688385,3.0,5.0,26.0,303.0,342,0
800,one_off,33.0,in_store,0.0,0.0,0.0,0.0,0.0,0.0,103.0,0.0,103,1
801,regular,40.0,web,18.0,1238.09,68.78277777777777,43.688539862983255,3.0,5.0,8.0,177.0,193,1
802,one_off,70.0,web,2.0,206.57,103.285,88.91867773420834,2.0,2.0,27.0,95.0,171,0
803,loyal_vip,18.0,web,15.0,1649.96,109.99733333333333,47.16596737156186,3.0,5.0,13.0,108.0,154,0
804,bargain_hunter,45.0,in_store,5.0,66.84,13.368,8.234881298476623,3.0,4.0,32.0,209.0,321,1
805,bargain_hunter,18.0,web,7.0,109.93,15.704285714285716,9.153587378987645,3.0,4.0,22.0,339.0,362,1
806,loyal_vip,32.0,web,3.0,349.85,116.61666666666667,27.228294719525387,2.0,3.0,8.0,5.0,22,0
807,regular,60.0,in_store,21.0,1258.95,59.95,48.919651572757544,3.0,5.0,27.0,278.0,315,0
808,bargain_hunter,44.0,web,1.0,10.89,10.89,0.0,1.0,1.0,35.0,0.0,56,0
809,bargain_hunter,18.0,mobile_app,2.0,20.11,10.055,2.665792565073284,1.0,2.0,3.0,57.0,99,1
810,regular,28.0,mobile_app,1.0,40.72,40.72,0.0,1.0,1.0,12.0,0.0,22,0
811,bargain_hunter,43.0,mobile_app,1.0,9.66,9.66,0.0,1.0,1.0,43.0,0.0,234,1
812,bargain_hunter,27.0,mobile_app,6.0,101.47,16.911666666666665,13.404895250119138,3.0,4.0,11.0,185.0,199,1
813,regular,18.0,in_store,0.0,0.0,0.0,0.0,0.0,0.0,3.0,0.0,3,1
814,loyal_vip,24.0,mobile_app,26.0,2150.17,82.69884615384616,69.92700750507908,3.0,5.0,4.0,238.0,248,0
815,bargain_hunter,32.0,web,9.0,306.35,34.03888888888889,20.524944850379285,3.0,5.0,11.0,247.0,266,0
816,regular,38.0,mobile_app,14.0,901.97,64.42642857142857,65.85683196930268,3.0,4.0,5.0,236.0,242,0
817,bargain_hunter,47.0,web,3.0,84.47,28.156666666666666,3.597420372062922,3.0,2.0,69.0,20.0,149,1
818,loyal_vip,42.0,web,23.0,2501.4,108.75652173913043,59.11343891264533,3.0,5.0,5.0,178.0,200,0
819,one_off,43.0,in_store,1.0,57.48,57.48,0.0,1.0,1.0,93.0,0.0,169,1
820,regular,18.0,web,14.0,1134.75,81.05357142857143,50.71553753833433,3.0,5.0,19.0,257.0,293,0
821,loyal_vip,30.0,web,20.0,2176.66,108.833,75.43229254733922,3.0,5.0,7.0,160.0,183,0
822,regular,25.0,mobile_app,14.0,913.7,65.26428571428572,57.458975293318986,3.0,5.0,30.0,242.0,284,1
823,bargain_hunter,46.0,web,7.0,99.18,14.168571428571429,8.119502095924002,3.0,5.0,18.0,161.0,243,0
824,bargain_hunter,39.0,mobile_app,3.0,71.35,23.78333333333333,17.827311444335436,2.0,3.0,66.0,239.0,343,1
825,one_off,35.0,mobile_app,0.0,0.0,0.0,0.0,0.0,0.0,52.0,0.0,52,1
826,bargain_hunter,20.0,mobile_app,9.0,173.76999999999998,19.307777777777776,11.480878426516172,3.0,5.0,29.0,237.0,280,1
827,regular,36.0,web,9.0,395.62,43.95777777777778,36.77670688689302,3.0,4.0,1.0,97.0,125,0
828,loyal_vip,29.0,web,40.0,5355.54,133.8885,81.63612701243086,3.0,5.0,4.0,188.0,192,0
829,regular,18.0,web,6.0,311.5,51.916666666666664,24.987651883813868,2.0,5.0,5.0,162.0,182,0
830,loyal_vip,40.0,mobile_app,20.0,2663.79,133.1895,80.17085646325997,2.0,5.0,17.0,161.0,182,0
831,regular,37.0,web,17.0,687.57,40.44529411764706,28.879256854541605,3.0,4.0,16.0,249.0,307,0
832,regular,63.0,web,6.0,279.68,46.61333333333334,36.462456673497286,2.0,3.0,1.0,62.0,112,0
833,loyal_vip,28.0,web,31.0,4711.9400000000005,151.99806451612906,94.4879176903712,3.0,5.0,10.0,236.0,246,0
834,bargain_hunter,50.0,in_store,2.0,30.39,15.195,17.17562371502124,1.0,1.0,138.0,172.0,348,1
835,one_off,40.0,web,3.0,96.4,32.13333333333333,17.914592748185303,1.0,3.0,102.0,71.0,342,1
836,bargain_hunter,44.0,mobile_app,1.0,26.6,26.6,0.0,1.0,1.0,40.0,0.0,97,1
837,regular,49.0,web,15.0,832.55,55.50333333333333,35.050935929355866,3.0,5.0,10.0,282.0,298,1
838,bargain_hunter,46.0,web,4.0,63.16,15.79,8.947629108689444,1.0,3.0,71.0,171.0,261,1
839,bargain_hunter,,mobile_app,6.0,121.88,20.313333333333333,13.379582454870055,2.0,4.0,13.0,60.0,212,1
840,regular,46.0,mobile_app,11.0,349.37,31.76090909090909,26.26566483245587,3.0,5.0,1.0,229.0,241,1
841,one_off,24.0,mobile_app,4.0,87.30000000000001,21.825000000000003,9.372689048506837,2.0,3.0,11.0,174.0,270,1
842,regular,37.0,mobile_app,3.0,227.75,75.91666666666667,35.89435935259652,2.0,3.0,9.0,25.0,40,0
843,loyal_vip,25.0,mobile_app,33.0,3730.83,113.05545454545454,81.70744148679594,3.0,5.0,1.0,307.0,308,0
844,loyal_vip,18.0,web,8.0,1148.41,143.55125,130.5967874727946,3.0,3.0,5.0,44.0,49,0
845,bargain_hunter,45.0,web,3.0,56.06999999999999,18.689999999999998,9.235859461901747,1.0,2.0,64.0,121.0,197,1
846,bargain_hunter,39.0,mobile_app,8.0,209.82,26.2275,18.542104018383984,2.0,4.0,24.0,290.0,325,0
847,bargain_hunter,43.0,web,2.0,26.94,13.47,10.691454531540598,1.0,2.0,22.0,1.0,88,1
848,loyal_vip,40.0,mobile_app,21.0,2389.07,113.7652380952381,64.56603368792663,3.0,5.0,4.0,185.0,190,0
849,regular,18.0,in_store,1.0,148.98,148.98,0.0,1.0,1.0,15.0,0.0,15,0
850,one_off,56.0,web,1.0,6.26,6.26,0.0,1.0,1.0,38.0,0.0,305,1
851,loyal_vip,31.0,web,21.0,2699.19,128.53285714285715,71.42521096523672,3.0,5.0,1.0,158.0,164,0
852,bargain_hunter,32.0,mobile_app,1.0,9.97,9.97,0.0,1.0,1.0,93.0,0.0,96,1
853,regular,71.0,web,13.0,621.58,47.81384615384616,34.642408388770534,3.0,5.0,7.0,264.0,301,0
854,bargain_hunter,46.0,mobile_app,7.0,121.35,17.335714285714285,13.13840027951508,3.0,2.0,96.0,132.0,259,0
855,loyal_vip,40.0,in_store,18.0,1894.34,105.24111111111111,86.71867563896005,3.0,4.0,2.0,129.0,131,0
856,regular,25.0,mobile_app,8.0,254.83,31.85375,19.51854937342571,3.0,3.0,15.0,60.0,85,0
857,loyal_vip,39.0,mobile_app,30.0,3295.15,109.83833333333334,61.514207558979386,3.0,5.0,17.0,214.0,257,0
858,bargain_hunter,29.0,web,7.0,142.05,20.292857142857144,16.72607516652339,3.0,3.0,68.0,252.0,328,1
859,bargain_hunter,39.0,in_store,3.0,84.7,28.233333333333334,18.938041961441876,3.0,3.0,60.0,150.0,271,0
860,regular,59.0,web,6.0,307.41,51.23500000000001,24.17965653188647,2.0,4.0,53.0,82.0,150,1
861,regular,55.0,mobile_app,9.0,391.40999999999997,43.489999999999995,40.30117243952091,3.0,4.0,15.0,123.0,138,0
862,bargain_hunter,40.0,mobile_app,5.0,116.98,23.396,16.65128913928288,2.0,3.0,26.0,200.0,289,0
863,one_off,42.0,in_store,0.0,0.0,0.0,0.0,0.0,0.0,4.0,0.0,4,1
864,regular,27.0,in_store,7.0,540.58,77.22571428571429,47.53408701733345,2.0,4.0,22.0,213.0,251,0
865,regular,51.0,mobile_app,19.0,996.02,52.422105263157896,29.919643599137594,3.0,5.0,4.0,323.0,332,0
866,one_off,37.0,in_store,0.0,0.0,0.0,0.0,0.0,0.0,154.0,0.0,154,1
867,bargain_hunter,50.0,web,6.0,113.09,18.848333333333333,10.658246416116803,3.0,4.0,30.0,204.0,322,0
868,regular,57.0,mobile_app,9.0,873.38,97.04222222222222,64.69654855125152,2.0,4.0,58.0,84.0,183,0
869,regular,32.0,mobile_app,9.0,349.01,38.778888888888886,26.45414591535911,3.0,3.0,36.0,217.0,256,0
870,bargain_hunter,69.0,web,1.0,38.03,38.03,0.0,1.0,1.0,84.0,0.0,98,1
871,bargain_hunter,48.0,web,10.0,164.97,16.497,10.949474923991156,3.0,4.0,23.0,315.0,355,0
872,loyal_vip,20.0,web,27.0,3217.8,119.17777777777779,87.76943625787762,3.0,5.0,1.0,322.0,325,0
873,bargain_hunter,33.0,mobile_app,5.0,133.48000000000002,26.696000000000005,21.406705257932618,2.0,3.0,40.0,249.0,292,0
874,bargain_hunter,32.0,mobile_app,0.0,0.0,0.0,0.0,0.0,0.0,21.0,0.0,21,1
875,regular,33.0,web,11.0,536.19,48.74454545454546,50.702429204849025,3.0,5.0,55.0,213.0,305,0
876,regular,39.0,mobile_app,1.0,20.69,20.69,0.0,1.0,1.0,24.0,0.0,25,0
877,regular,34.0,mobile_app,27.0,1590.48,58.906666666666666,37.41949882491336,3.0,5.0,23.0,309.0,355,0
878,bargain_hunter,33.0,web,0.0,0.0,0.0,0.0,0.0,0.0,58.0,0.0,58,0
879,bargain_hunter,29.0,mobile_app,7.0,213.98000000000002,30.56857142857143,15.15501944194445,3.0,3.0,21.0,154.0,219,0
880,regular,58.0,web,4.0,121.59,30.3975,10.525772734895364,2.0,3.0,62.0,63.0,209,1
881,bargain_hunter,52.0,web,0.0,0.0,0.0,0.0,0.0,0.0,106.0,0.0,106,1
882,regular,51.0,mobile_app,9.0,490.09999999999997,54.45555555555555,44.249026856844864,3.0,4.0,10.0,124.0,135,0
883,regular,37.0,web,28.0,1760.82,62.88642857142857,40.72804550277597,3.0,5.0,4.0,355.0,363,0
884,regular,47.0,mobile_app,0.0,0.0,0.0,0.0,0.0,0.0,6.0,0.0,6,1
885,bargain_hunter,18.0,web,5.0,127.69,25.538,17.14376913050336,3.0,4.0,6.0,270.0,331,0
886,bargain_hunter,72.0,web,1.0,17.46,17.46,0.0,1.0,1.0,12.0,0.0,93,0
887,bargain_hunter,52.0,web,1.0,19.84,19.84,0.0,1.0,1.0,5.0,0.0,38,0
888,regular,61.0,web,8.0,431.14,53.8925,35.12899077481651,3.0,5.0,32.0,267.0,313,0
889,regular,58.0,mobile_app,14.0,958.15,68.43928571428572,46.5115369417236,3.0,5.0,1.0,342.0,343,0
890,regular,36.0,web,4.0,192.07,48.0175,42.489613142508134,3.0,2.0,28.0,57.0,230,0
891,regular,33.0,web,11.0,633.67,57.60636363636363,43.5414327446232,3.0,5.0,8.0,219.0,228,0
892,loyal_vip,52.0,mobile_app,49.0,6130.33,125.10877551020408,87.35734296155488,3.0,5.0,6.0,283.0,297,0
893,regular,48.0,web,22.0,1095.44,49.79272727272728,30.4917308355995,3.0,5.0,2.0,125.0,136,0
894,regular,56.0,mobile_app,1.0,112.89,112.89,0.0,1.0,1.0,34.0,0.0,40,1
895,bargain_hunter,45.0,mobile_app,2.0,47.39,23.695,0.558614357137372,2.0,2.0,8.0,5.0,112,1
896,one_off,38.0,mobile_app,1.0,12.47,12.47,0.0,1.0,1.0,44.0,0.0,361,1
897,loyal_vip,58.0,mobile_app,37.0,3612.61,97.63810810810811,69.68994538660502,3.0,5.0,10.0,279.0,312,0
898,regular,41.0,mobile_app,16.0,1114.07,69.629375,45.634191927946596,3.0,5.0,3.0,208.0,211,0
899,bargain_hunter,35.0,in_store,4.0,83.14,20.785,13.137938701841065,3.0,3.0,155.0,32.0,229,1
900,bargain_hunter,39.0,web,5.0,162.03,32.406,17.48790096037829,2.0,2.0,2.0,124.0,130,0
901,bargain_hunter,35.0,web,3.0,72.78,24.26,12.305076188305376,2.0,2.0,105.0,8.0,128,1
902,bargain_hunter,27.0,web,2.0,65.34,32.67,26.17709303952599,2.0,2.0,36.0,11.0,71,1
903,loyal_vip,53.0,in_store,9.0,1323.99,147.11,97.74841878516501,3.0,4.0,6.0,27.0,35,0
904,loyal_vip,22.0,in_store,12.0,1265.3,105.44166666666666,88.82769724004838,3.0,4.0,20.0,105.0,125,0
905,regular,55.0,mobile_app,8.0,605.3299999999999,75.66624999999999,66.82843811635455,3.0,5.0,3.0,90.0,96,0
906,regular,43.0,mobile_app,1.0,11.84,11.84,0.0,1.0,1.0,13.0,0.0,63,1
907,bargain_hunter,29.0,mobile_app,12.0,191.7,15.975,13.483753523811874,3.0,4.0,5.0,308.0,319,1
908,one_off,18.0,mobile_app,1.0,19.85,19.85,0.0,1.0,1.0,308.0,0.0,341,1
909,regular,27.0,web,2.0,27.02,13.51,11.158145007123718,2.0,1.0,53.0,31.0,112,1
910,bargain_hunter,26.0,web,3.0,81.32,27.106666666666666,13.967692484205587,1.0,2.0,22.0,65.0,128,1
911,regular,49.0,web,11.0,374.23,34.02090909090909,20.564813373597854,2.0,5.0,1.0,161.0,189,0
912,regular,32.0,mobile_app,2.0,275.12,137.56,30.22174382791305,2.0,1.0,45.0,2.0,117,1
913,regular,59.0,web,22.0,1168.1,53.095454545454544,45.64470435327449,3.0,5.0,3.0,290.0,293,1
914,regular,39.0,web,6.0,313.39,52.23166666666666,25.596700894190782,3.0,4.0,4.0,170.0,195,0
915,bargain_hunter,34.0,mobile_app,5.0,174.45,34.89,12.689005083141861,2.0,3.0,48.0,191.0,296,0
916,regular,,mobile_app,11.0,492.41999999999996,44.76545454545454,26.749729106529795,2.0,5.0,17.0,166.0,188,0
917,regular,51.0,web,4.0,291.79999999999995,72.94999999999999,33.64909211256672,2.0,2.0,4.0,34.0,84,1
918,bargain_hunter,30.0,mobile_app,1.0,15.36,15.36,0.0,1.0,1.0,87.0,0.0,141,1
919,bargain_hunter,45.0,mobile_app,3.0,89.45,29.816666666666666,3.990455278954187,2.0,2.0,14.0,178.0,242,1
920,bargain_hunter,18.0,mobile_app,2.0,68.95,34.475,8.874190103891173,2.0,2.0,29.0,39.0,76,0
921,one_off,50.0,in_store,0.0,0.0,0.0,0.0,0.0,0.0,354.0,0.0,354,1
922,bargain_hunter,41.0,web,2.0,48.230000000000004,24.115000000000002,18.12314680181121,1.0,2.0,20.0,34.0,88,0
923,regular,35.0,mobile_app,2.0,183.08999999999997,91.54499999999999,71.67941440888032,2.0,2.0,9.0,8.0,47,0
924,one_off,25.0,web,0.0,0.0,0.0,0.0,0.0,0.0,198.0,0.0,198,1
925,one_off,44.0,mobile_app,0.0,0.0,0.0,0.0,0.0,0.0,36.0,0.0,36,1
926,bargain_hunter,39.0,web,8.0,144.39000000000001,18.048750000000002,13.562735119752631,3.0,3.0,61.0,133.0,205,1
927,bargain_hunter,,in_store,6.0,169.72,28.286666666666665,12.49982346542009,3.0,4.0,8.0,136.0,232,1
928,loyal_vip,31.0,in_store,5.0,718.08,143.616,97.56042091955119,2.0,3.0,12.0,10.0,23,0
929,regular,29.0,mobile_app,19.0,965.0600000000001,50.79263157894737,33.95413946979813,3.0,5.0,17.0,254.0,281,0
930,regular,54.0,web,13.0,736.8,56.676923076923075,37.009166743888244,3.0,4.0,5.0,187.0,193,0
931,bargain_hunter,39.0,web,5.0,104.02000000000001,20.804000000000002,12.016980902040247,3.0,4.0,11.0,142.0,166,0
932,one_off,23.0,web,0.0,0.0,0.0,0.0,0.0,0.0,67.0,0.0,67,1
933,bargain_hunter,73.0,mobile_app,2.0,53.81,26.905,13.993643199681774,1.0,2.0,32.0,65.0,100,1
934,bargain_hunter,43.0,mobile_app,5.0,74.2,14.84,10.04904970631552,3.0,3.0,8.0,251.0,273,1
935,bargain_hunter,56.0,in_store,5.0,146.18,29.236,23.620914038199285,2.0,3.0,3.0,89.0,141,1
936,regular,40.0,mobile_app,4.0,155.65,38.9125,15.740265510255323,2.0,2.0,3.0,36.0,118,1
937,one_off,49.0,in_store,0.0,0.0,0.0,0.0,0.0,0.0,100.0,0.0,100,1
938,loyal_vip,41.0,web,1.0,321.19,321.19,0.0,1.0,1.0,4.0,0.0,29,0
939,one_off,50.0,web,1.0,39.28,39.28,0.0,1.0,1.0,102.0,0.0,222,1
940,regular,33.0,web,2.0,92.11,46.055,1.689985207035849,2.0,2.0,8.0,7.0,41,0
941,bargain_hunter,28.0,in_store,0.0,0.0,0.0,0.0,0.0,0.0,39.0,0.0,39,1
942,regular,34.0,web,12.0,589.64,49.13666666666666,37.23352309981212,3.0,4.0,5.0,143.0,148,1
943,one_off,54.0,web,2.0,21.39,10.695,6.8518647096976455,2.0,2.0,95.0,65.0,162,1
944,one_off,29.0,mobile_app,3.0,67.95,22.650000000000002,13.606582965608963,2.0,2.0,79.0,184.0,290,1
945,bargain_hunter,38.0,mobile_app,4.0,68.57,17.1425,6.297165367581406,1.0,3.0,9.0,60.0,185,0
946,regular,41.0,web,7.0,622.01,88.85857142857142,72.56788142343494,2.0,3.0,15.0,253.0,274,0
947,regular,49.0,in_store,0.0,0.0,0.0,0.0,0.0,0.0,6.0,0.0,6,1
948,regular,44.0,mobile_app,9.0,407.42,45.26888888888889,32.9328815336756,3.0,3.0,11.0,101.0,121,0
949,loyal_vip,67.0,mobile_app,12.0,1899.78,158.315,109.29959373624905,3.0,4.0,12.0,102.0,116,0
950,bargain_hunter,52.0,mobile_app,2.0,66.91,33.455,2.170817818242704,2.0,1.0,36.0,36.0,218,0
951,regular,63.0,web,6.0,242.62,40.43666666666667,24.785213871715264,2.0,2.0,19.0,76.0,96,1
952,loyal_vip,44.0,mobile_app,27.0,2888.11,106.96703703703704,61.52776489050819,3.0,5.0,7.0,257.0,269,1
953,regular,35.0,web,15.0,575.9499999999999,38.39666666666666,19.869863996466993,3.0,5.0,16.0,261.0,281,1
954,one_off,44.0,in_store,2.0,35.28,17.64,9.333809511662428,1.0,1.0,59.0,247.0,309,0
955,regular,41.0,web,3.0,100.55,33.516666666666666,34.283640899608855,2.0,3.0,14.0,32.0,60,0
956,regular,36.0,mobile_app,1.0,55.65,55.65,0.0,1.0,1.0,3.0,0.0,5,0
957,bargain_hunter,66.0,web,0.0,0.0,0.0,0.0,0.0,0.0,132.0,0.0,132,1
958,regular,45.0,mobile_app,20.0,1257.57,62.878499999999995,45.239867056787304,3.0,5.0,7.0,200.0,208,1
959,regular,19.0,mobile_app,13.0,706.1700000000001,54.32076923076924,43.2364775510869,3.0,5.0,31.0,212.0,259,0
960,regular,18.0,web,28.0,1455.31,51.97535714285714,37.22492130998252,3.0,5.0,12.0,284.0,302,0
961,bargain_hunter,37.0,mobile_app,1.0,29.95,29.95,0.0,1.0,1.0,57.0,0.0,97,1
962,one_off,36.0,web,2.0,64.1,32.05,14.65125250618526,2.0,1.0,34.0,216.0,278,1
963,loyal_vip,31.0,web,34.0,3692.37,108.59911764705882,89.36585445024348,3.0,5.0,17.0,241.0,265,0
964,loyal_vip,20.0,web,13.0,1295.04,99.61846153846153,48.8216452757985,3.0,5.0,1.0,301.0,317,0
965,bargain_hunter,22.0,web,1.0,13.33,13.33,0.0,1.0,1.0,1.0,0.0,2,0
966,loyal_vip,36.0,web,8.0,948.26,118.5325,102.97425791360259,3.0,5.0,3.0,38.0,41,0
967,regular,30.0,mobile_app,7.0,275.18,39.31142857142857,16.68791122197086,2.0,3.0,23.0,47.0,83,1
968,bargain_hunter,18.0,web,4.0,82.44,20.61,10.534182455226414,3.0,3.0,169.0,139.0,337,1
969,bargain_hunter,46.0,in_store,2.0,32.76,16.38,13.08147545195113,2.0,1.0,3.0,13.0,41,0
970,bargain_hunter,51.0,web,17.0,289.37,17.021764705882354,11.626827402226992,3.0,5.0,38.0,268.0,337,1
971,bargain_hunter,27.0,web,5.0,210.5,42.1,34.19686608448207,3.0,3.0,19.0,230.0,267,1
972,regular,44.0,mobile_app,11.0,668.84,60.803636363636365,29.946707422595654,3.0,5.0,5.0,186.0,194,0
973,regular,33.0,web,6.0,211.59,35.265,29.64243765279772,3.0,4.0,18.0,174.0,218,0
974,regular,18.0,mobile_app,2.0,95.6,47.8,19.586857838867363,2.0,2.0,21.0,3.0,33,0
975,regular,43.0,mobile_app,19.0,862.64,45.40210526315789,30.2178162272501,3.0,5.0,7.0,163.0,182,0
976,regular,69.0,web,13.0,685.0899999999999,52.699230769230766,46.253344106406416,3.0,5.0,5.0,332.0,362,1
977,bargain_hunter,71.0,mobile_app,2.0,68.36,34.18,4.610336213336287,1.0,2.0,42.0,57.0,216,1
978,bargain_hunter,21.0,web,4.0,136.41,34.1025,15.248458665277179,2.0,2.0,18.0,163.0,184,0
979,loyal_vip,31.0,web,10.0,1152.18,115.218,84.11546030440671,3.0,4.0,1.0,71.0,79,0
980,bargain_hunter,53.0,in_store,1.0,7.94,7.94,0.0,1.0,1.0,25.0,0.0,174,1
981,bargain_hunter,41.0,in_store,9.0,198.5,22.055555555555557,17.21191020130473,2.0,4.0,21.0,329.0,366,1
982,regular,51.0,mobile_app,4.0,156.0,39.0,18.95414114822053,1.0,4.0,30.0,32.0,102,0
983,bargain_hunter,35.0,mobile_app,5.0,94.38,18.875999999999998,19.95490240517352,3.0,3.0,131.0,66.0,208,1
984,bargain_hunter,38.0,mobile_app,3.0,85.18,28.393333333333334,34.82350403582806,2.0,3.0,118.0,156.0,276,1
985,regular,54.0,in_store,9.0,587.42,65.26888888888888,52.704355238548466,3.0,5.0,14.0,147.0,179,0
986,regular,23.0,mobile_app,16.0,719.82,44.98875,31.101689316391376,3.0,5.0,4.0,192.0,244,0
987,loyal_vip,48.0,web,48.0,6237.9,129.95624999999998,95.99522786509932,3.0,5.0,1.0,278.0,279,0
988,bargain_hunter,18.0,web,12.0,322.96,26.91333333333333,18.509250922092168,3.0,5.0,13.0,325.0,342,0
989,loyal_vip,25.0,mobile_app,27.0,4159.73,154.06407407407406,102.08468841940307,3.0,5.0,3.0,192.0,202,0
990,loyal_vip,55.0,mobile_app,21.0,2472.9900000000002,117.76142857142858,72.3068329610497,3.0,4.0,10.0,255.0,280,0
991,bargain_hunter,38.0,web,0.0,0.0,0.0,0.0,0.0,0.0,28.0,0.0,28,1
992,bargain_hunter,32.0,mobile_app,0.0,0.0,0.0,0.0,0.0,0.0,5.0,0.0,5,1
993,bargain_hunter,40.0,web,6.0,142.43,23.738333333333333,22.46224602898532,2.0,3.0,17.0,68.0,214,0
994,bargain_hunter,25.0,web,8.0,219.32,27.415,17.85962325630479,3.0,5.0,13.0,280.0,320,1
995,regular,41.0,web,10.0,690.8,69.08,31.495285714249714,3.0,5.0,29.0,92.0,137,0
996,one_off,33.0,web,1.0,38.56,38.56,0.0,1.0,1.0,40.0,0.0,195,1
997,bargain_hunter,32.0,web,1.0,56.33,56.33,0.0,1.0,1.0,5.0,0.0,38,1
998,bargain_hunter,36.0,mobile_app,3.0,95.55,31.849999999999998,15.911241309212803,2.0,3.0,76.0,126.0,229,1
999,regular,47.0,web,12.0,652.3199999999999,54.35999999999999,38.96093404704489,3.0,4.0,5.0,153.0,162,1
1000,loyal_vip,48.0,web,35.0,3599.32,102.83771428571428,71.01154061491837,3.0,5.0,4.0,274.0,283,0
1001,regular,41.0,web,10.0,471.82,47.182,26.171278065000106,3.0,5.0,27.0,174.0,219,0
1002,loyal_vip,,mobile_app,9.0,853.65,94.85,48.856293351010564,2.0,4.0,1.0,99.0,116,0
1003,regular,31.0,mobile_app,0.0,0.0,0.0,0.0,0.0,0.0,27.0,0.0,27,1
1004,regular,27.0,mobile_app,4.0,244.59,61.1475,42.65232105837462,2.0,2.0,2.0,35.0,46,1
1005,loyal_vip,49.0,web,31.0,3725.28,120.17032258064516,57.7358479331441,3.0,5.0,1.0,185.0,192,0
1006,regular,37.0,web,2.0,136.76999999999998,68.38499999999999,23.921422407540906,2.0,2.0,7.0,25.0,32,1
1007,bargain_hunter,59.0,web,6.0,182.43,30.405,23.8974448424931,2.0,4.0,41.0,158.0,213,1
1008,regular,42.0,mobile_app,14.0,808.38,57.74142857142857,36.126279558311495,3.0,5.0,3.0,207.0,219,0
1009,loyal_vip,50.0,mobile_app,42.0,5353.27,127.45880952380953,72.22080968949834,3.0,5.0,1.0,254.0,261,0
1010,regular,47.0,in_store,3.0,181.63,60.54333333333333,20.245113813790557,3.0,2.0,5.0,2.0,20,1
1011,regular,51.0,mobile_app,9.0,657.48,73.05333333333334,56.46797366649525,3.0,5.0,20.0,144.0,168,0
1012,bargain_hunter,41.0,in_store,1.0,30.23,30.23,0.0,1.0,1.0,63.0,0.0,76,1
1013,loyal_vip,37.0,web,57.0,6067.89,106.45421052631579,66.49401578733469,3.0,5.0,5.0,342.0,353,0
1014,regular,29.0,mobile_app,6.0,427.95,71.325,34.33371156749587,3.0,4.0,6.0,197.0,213,0
1015,bargain_hunter,45.0,mobile_app,2.0,45.629999999999995,22.814999999999998,3.952726906832802,2.0,1.0,94.0,14.0,141,1
1016,loyal_vip,41.0,web,34.0,4563.17,134.21088235294118,106.8128660496633,3.0,5.0,32.0,299.0,365,0
1017,regular,32.0,web,7.0,399.82,57.11714285714286,40.959177121570576,2.0,5.0,24.0,98.0,137,1
1018,bargain_hunter,32.0,mobile_app,1.0,52.13,52.13,0.0,1.0,1.0,55.0,0.0,92,1
1019,regular,19.0,in_store,6.0,334.4,55.73333333333333,25.77969485208595,2.0,2.0,27.0,60.0,133,0
1020,regular,27.0,web,21.0,1185.96,56.47428571428571,39.96118849226442,3.0,5.0,2.0,318.0,332,0
1021,bargain_hunter,57.0,mobile_app,8.0,148.93,18.61625,7.5125341691640335,3.0,3.0,2.0,318.0,337,1
1022,bargain_hunter,19.0,web,3.0,53.15,17.716666666666665,5.389344425190629,2.0,2.0,45.0,46.0,105,1
1023,bargain_hunter,58.0,mobile_app,2.0,58.540000000000006,29.270000000000003,8.442854967367376,2.0,2.0,9.0,16.0,57,0
1024,regular,43.0,web,16.0,1294.18,80.88625,35.69942667606862,3.0,4.0,19.0,282.0,304,0
1025,regular,32.0,mobile_app,17.0,977.76,57.51529411764706,31.201353359599455,3.0,5.0,22.0,148.0,176,0
1026,regular,22.0,web,2.0,63.39,31.695,36.18265399331564,1.0,2.0,10.0,4.0,14,0
1027,regular,60.0,web,2.0,102.72999999999999,51.364999999999995,26.071027022348,1.0,2.0,22.0,63.0,103,0
1028,bargain_hunter,45.0,web,5.0,155.07,31.014,14.848718126491594,1.0,3.0,6.0,75.0,110,0
1029,regular,46.0,web,0.0,0.0,0.0,0.0,0.0,0.0,84.0,0.0,84,1
1030,bargain_hunter,46.0,web,1.0,10.97,10.97,0.0,1.0,1.0,140.0,0.0,214,1
1031,bargain_hunter,28.0,in_store,6.0,158.7,26.45,25.36105439448447,3.0,5.0,47.0,126.0,206,1
1032,bargain_hunter,44.0,web,6.0,147.23,24.53833333333333,17.05703071072649,2.0,3.0,30.0,243.0,291,1
1033,loyal_vip,57.0,web,33.0,3098.37,93.89,55.43541151646661,3.0,5.0,10.0,204.0,225,0
1034,bargain_hunter,32.0,web,2.0,35.44,17.72,13.576450198781714,2.0,2.0,24.0,75.0,127,1
1035,loyal_vip,36.0,mobile_app,18.0,2278.59,126.58833333333334,68.87933073819153,3.0,5.0,12.0,155.0,175,0
1036,regular,43.0,in_store,1.0,17.81,17.81,0.0,1.0,1.0,16.0,0.0,56,0
1037,bargain_hunter,34.0,mobile_app,0.0,0.0,0.0,0.0,0.0,0.0,31.0,0.0,31,1
1038,bargain_hunter,38.0,mobile_app,6.0,259.36,43.22666666666667,24.12420333745068,3.0,4.0,19.0,50.0,78,1
1039,regular,47.0,in_store,6.0,283.05,47.175000000000004,28.695243334044058,2.0,4.0,28.0,56.0,85,0
1040,one_off,46.0,mobile_app,2.0,80.75,40.375,27.810509704066913,2.0,2.0,23.0,115.0,300,1
1041,one_off,38.0,mobile_app,1.0,35.46,35.46,0.0,1.0,1.0,335.0,0.0,341,1
1042,one_off,35.0,web,0.0,0.0,0.0,0.0,0.0,0.0,245.0,0.0,245,1
1043,bargain_hunter,48.0,web,0.0,0.0,0.0,0.0,0.0,0.0,37.0,0.0,37,1
1044,one_off,33.0,in_store,1.0,22.64,22.64,0.0,1.0,1.0,11.0,0.0,60,0
1045,loyal_vip,39.0,web,36.0,4584.21,127.33916666666667,65.38576600781374,3.0,5.0,6.0,228.0,243,0
1046,one_off,28.0,in_store,0.0,0.0,0.0,0.0,0.0,0.0,28.0,0.0,28,1
1047,regular,27.0,in_store,8.0,517.06,64.6325,24.53037169947259,2.0,4.0,52.0,85.0,182,0
1048,loyal_vip,71.0,web,35.0,5014.38,143.268,83.3525538195159,3.0,5.0,2.0,320.0,337,0
1049,regular,18.0,web,3.0,167.2,55.73333333333333,19.03929182856687,2.0,3.0,1.0,193.0,232,0
1050,bargain_hunter,37.0,web,6.0,112.85000000000001,18.808333333333334,12.948132555185968,3.0,4.0,23.0,217.0,326,0
1051,bargain_hunter,47.0,web,4.0,64.64,16.16,14.930583824262646,2.0,3.0,25.0,77.0,119,0
1052,regular,38.0,mobile_app,2.0,197.14999999999998,98.57499999999999,32.56226727364051,2.0,2.0,34.0,21.0,59,1
1053,one_off,26.0,mobile_app,0.0,0.0,0.0,0.0,0.0,0.0,29.0,0.0,29,1
1054,loyal_vip,24.0,mobile_app,13.0,1483.18,114.09076923076924,87.38128818207576,3.0,4.0,5.0,100.0,107,0
1055,regular,40.0,mobile_app,16.0,854.84,53.4275,37.334045499159785,2.0,5.0,16.0,151.0,176,0
1056,regular,,web,3.0,195.49,65.16333333333334,10.89172315721132,3.0,2.0,17.0,56.0,111,0
1057,bargain_hunter,55.0,mobile_app,4.0,112.03,28.0075,13.6969519115264,2.0,3.0,20.0,63.0,86,1
1058,regular,50.0,in_store,25.0,1510.1,60.403999999999996,32.01656290109855,3.0,5.0,13.0,302.0,315,0
1059,regular,18.0,web,9.0,412.40999999999997,45.82333333333333,24.888620391656904,3.0,5.0,27.0,243.0,286,0
1060,regular,49.0,web,2.0,109.76,54.88,49.55404322555326,1.0,2.0,23.0,17.0,42,1
1061,regular,44.0,mobile_app,15.0,808.31,53.88733333333333,28.124128041509806,3.0,5.0,30.0,313.0,365,0
1062,loyal_vip,46.0,web,1.0,127.94,127.94,0.0,1.0,1.0,58.0,0.0,73,0
1063,regular,18.0,in_store,10.0,449.89,44.989,20.50827120402346,3.0,4.0,14.0,139.0,153,0
1064,loyal_vip,55.0,mobile_app,23.0,3148.24,136.88,76.44838954246428,3.0,5.0,10.0,224.0,249,0
1065,bargain_hunter,37.0,web,3.0,82.05000000000001,27.350000000000005,33.38555226441522,2.0,3.0,34.0,84.0,152,0
1066,regular,31.0,in_store,13.0,969.6,74.58461538461539,43.34274307105028,3.0,5.0,3.0,204.0,233,0
1067,bargain_hunter,55.0,in_store,1.0,16.47,16.47,0.0,1.0,1.0,2.0,0.0,156,1
1068,bargain_hunter,44.0,mobile_app,1.0,9.68,9.68,0.0,1.0,1.0,64.0,0.0,121,1
1069,regular,32.0,mobile_app,25.0,1302.8799999999999,52.115199999999994,27.477314600715015,3.0,5.0,16.0,260.0,279,0
1070,loyal_vip,20.0,mobile_app,8.0,567.85,70.98125,43.43622564420493,2.0,5.0,20.0,129.0,151,0
1071,bargain_hunter,42.0,in_store,0.0,0.0,0.0,0.0,0.0,0.0,30.0,0.0,30,1
1072,loyal_vip,46.0,mobile_app,39.0,4616.18,118.36358974358976,85.2372073589555,3.0,5.0,10.0,196.0,219,0
1073,one_off,39.0,web,0.0,0.0,0.0,0.0,0.0,0.0,346.0,0.0,346,1
1074,regular,,mobile_app,18.0,779.2,43.28888888888889,34.80756102594899,3.0,5.0,6.0,316.0,338,0
1075,regular,45.0,mobile_app,3.0,73.86,24.62,14.795245858045076,2.0,3.0,27.0,115.0,142,0
1076,regular,35.0,mobile_app,25.0,1321.76,52.8704,29.692193485830582,3.0,5.0,7.0,306.0,324,0
1077,bargain_hunter,61.0,mobile_app,1.0,34.23,34.23,0.0,1.0,1.0,68.0,0.0,79,1
1078,bargain_hunter,47.0,in_store,0.0,0.0,0.0,0.0,0.0,0.0,36.0,0.0,36,1
1079,bargain_hunter,31.0,mobile_app,2.0,42.36,21.18,10.479322497184635,1.0,1.0,50.0,49.0,205,0
1080,bargain_hunter,36.0,web,2.0,69.21000000000001,34.605000000000004,40.35458400231627,2.0,2.0,131.0,114.0,336,1
1081,loyal_vip,21.0,web,2.0,341.28999999999996,170.64499999999998,2.1142492757477536,1.0,1.0,5.0,8.0,22,0
1082,regular,43.0,mobile_app,10.0,461.63,46.163,32.893955895338046,3.0,4.0,5.0,280.0,292,0
1083,bargain_hunter,35.0,web,6.0,68.12,11.353333333333333,13.680866444296086,3.0,3.0,72.0,167.0,268,1
1084,one_off,27.0,web,0.0,0.0,0.0,0.0,0.0,0.0,45.0,0.0,45,1
1085,regular,,web,10.0,682.86,68.286,43.03905853988909,3.0,5.0,39.0,213.0,260,0
1086,regular,42.0,mobile_app,0.0,0.0,0.0,0.0,0.0,0.0,18.0,0.0,18,1
1087,regular,66.0,web,0.0,0.0,0.0,0.0,0.0,0.0,1.0,0.0,1,0
1088,regular,45.0,in_store,8.0,511.68,63.96,41.717843390363036,2.0,5.0,48.0,264.0,358,1
1089,regular,42.0,web,11.0,607.52,55.22909090909091,41.95370959868637,3.0,4.0,26.0,200.0,327,0
1090,regular,49.0,web,10.0,484.07,48.407,38.63270090077691,3.0,5.0,1.0,189.0,215,1
1091,loyal_vip,23.0,web,34.0,4951.93,145.645,84.8061376155802,3.0,5.0,3.0,276.0,291,0
1092,regular,37.0,mobile_app,8.0,380.31,47.53875,33.3291954544789,2.0,4.0,16.0,117.0,139,0
1093,bargain_hunter,37.0,mobile_app,5.0,144.06,28.812,24.880346058686566,3.0,3.0,5.0,174.0,185,0
1094,loyal_vip,32.0,in_store,23.0,2889.33,125.62304347826087,95.39861903111321,3.0,5.0,15.0,255.0,270,0
1095,regular,47.0,mobile_app,5.0,332.54999999999995,66.50999999999999,63.81311033008813,2.0,3.0,21.0,124.0,154,1
1096,bargain_hunter,27.0,mobile_app,2.0,28.33,14.165,12.805703807288374,2.0,2.0,44.0,150.0,234,1
1097,bargain_hunter,18.0,mobile_app,0.0,0.0,0.0,0.0,0.0,0.0,16.0,0.0,16,1
1098,loyal_vip,31.0,mobile_app,15.0,1842.85,122.85666666666665,74.00777745486972,3.0,5.0,3.0,148.0,152,0
1099,loyal_vip,55.0,mobile_app,16.0,1863.15,116.446875,90.37795348562614,3.0,4.0,7.0,266.0,276,0
1100,loyal_vip,45.0,web,25.0,2709.36,108.37440000000001,76.65501756136602,3.0,5.0,4.0,297.0,301,0
1101,bargain_hunter,37.0,mobile_app,2.0,25.81,12.905,8.12465691583343,1.0,1.0,4.0,22.0,27,1
1102,bargain_hunter,44.0,in_store,3.0,49.78,16.593333333333334,10.198829998256334,2.0,2.0,144.0,113.0,315,1
1103,regular,33.0,mobile_app,15.0,667.76,44.51733333333333,29.231122716004172,3.0,5.0,65.0,178.0,266,1
1104,loyal_vip,,in_store,9.0,1138.31,126.47888888888889,110.01169079289306,3.0,5.0,1.0,73.0,74,0
1105,bargain_hunter,37.0,mobile_app,0.0,0.0,0.0,0.0,0.0,0.0,64.0,0.0,64,1
1106,regular,22.0,mobile_app,9.0,559.5,62.166666666666664,26.055270580057307,3.0,5.0,11.0,106.0,132,0
1107,loyal_vip,32.0,mobile_app,74.0,7990.5,107.97972972972973,75.16986788788522,3.0,5.0,3.0,243.0,246,0
1108,bargain_hunter,48.0,web,1.0,111.75,111.75,0.0,1.0,1.0,145.0,0.0,292,1
1109,bargain_hunter,41.0,mobile_app,7.0,300.33,42.90428571428571,35.350480363140214,3.0,4.0,35.0,234.0,321,1
1110,bargain_hunter,32.0,mobile_app,10.0,230.51,23.051,10.274963584688107,3.0,4.0,80.0,196.0,276,0
1111,bargain_hunter,40.0,web,0.0,0.0,0.0,0.0,0.0,0.0,19.0,0.0,19,1
1112,one_off,43.0,web,1.0,26.31,26.31,0.0,1.0,1.0,133.0,0.0,219,1
1113,one_off,39.0,mobile_app,1.0,81.97,81.97,0.0,1.0,1.0,7.0,0.0,205,1
1114,loyal_vip,19.0,in_store,14.0,2084.4,148.8857142857143,107.97968781312427,3.0,5.0,38.0,76.0,126,0
1115,regular,54.0,mobile_app,13.0,922.0899999999999,70.92999999999999,48.439041588371666,3.0,5.0,2.0,180.0,203,1
1116,regular,44.0,web,9.0,493.28999999999996,54.809999999999995,32.94769604995166,3.0,5.0,47.0,99.0,153,1
1117,bargain_hunter,18.0,mobile_app,3.0,87.25999999999999,29.086666666666662,9.566923922208922,2.0,3.0,26.0,55.0,184,1
1118,regular,,mobile_app,11.0,474.83,43.166363636363634,18.933898844520783,2.0,5.0,2.0,107.0,112,0
1119,regular,40.0,web,4.0,140.79,35.1975,25.217929303044162,3.0,2.0,3.0,164.0,234,0
1120,loyal_vip,70.0,mobile_app,8.0,1182.73,147.84125,82.3038729235404,3.0,5.0,6.0,38.0,47,0
1121,regular,18.0,mobile_app,5.0,207.69,41.538,23.237812289456166,3.0,4.0,10.0,78.0,90,1
1122,regular,21.0,web,9.0,444.01,49.33444444444444,28.70240020935144,3.0,5.0,19.0,188.0,250,1
1123,bargain_hunter,51.0,web,0.0,0.0,0.0,0.0,0.0,0.0,26.0,0.0,26,0
1124,bargain_hunter,26.0,in_store,1.0,53.79,53.79,0.0,1.0,1.0,7.0,0.0,22,1
1125,bargain_hunter,35.0,in_store,1.0,33.87,33.87,0.0,1.0,1.0,54.0,0.0,203,1
1126,regular,26.0,mobile_app,10.0,569.38,56.938,40.31834151130503,3.0,4.0,21.0,146.0,176,0
1127,bargain_hunter,23.0,mobile_app,6.0,201.55,33.59166666666667,29.609448097974855,3.0,3.0,9.0,188.0,212,0
1128,bargain_hunter,61.0,mobile_app,15.0,307.51,20.500666666666667,17.9558810368504,3.0,5.0,60.0,249.0,334,0
1129,one_off,36.0,mobile_app,0.0,0.0,0.0,0.0,0.0,0.0,260.0,0.0,260,1
1130,regular,35.0,mobile_app,13.0,605.8,46.599999999999994,31.051280971966357,3.0,5.0,49.0,223.0,275,0
1131,regular,19.0,in_store,7.0,372.51,53.215714285714284,29.14706895335153,3.0,4.0,13.0,147.0,211,0
1132,bargain_hunter,30.0,mobile_app,10.0,223.93,22.393,8.152905480733711,3.0,4.0,1.0,180.0,210,0
1133,regular,43.0,mobile_app,9.0,462.0,51.333333333333336,31.445935746929205,3.0,4.0,24.0,130.0,186,0
1134,loyal_vip,30.0,web,22.0,2586.45,117.56590909090909,77.0944615797857,3.0,5.0,5.0,269.0,289,0
1135,regular,32.0,web,5.0,416.84000000000003,83.36800000000001,53.01994077703218,2.0,4.0,58.0,82.0,151,0
1136,bargain_hunter,18.0,mobile_app,1.0,54.55,54.55,0.0,1.0,1.0,19.0,0.0,34,1
1137,loyal_vip,36.0,mobile_app,9.0,1270.17,141.13,82.87695563303468,3.0,4.0,18.0,74.0,92,1
1138,loyal_vip,21.0,mobile_app,4.0,305.96,76.49,52.691648927194024,3.0,3.0,11.0,41.0,57,0
1139,bargain_hunter,18.0,in_store,1.0,6.75,6.75,0.0,1.0,1.0,27.0,0.0,31,1
1140,regular,44.0,web,7.0,533.4,76.2,55.151448454838125,2.0,4.0,7.0,118.0,133,0
1141,one_off,53.0,web,0.0,0.0,0.0,0.0,0.0,0.0,80.0,0.0,80,1
1142,regular,39.0,mobile_app,9.0,295.06,32.784444444444446,19.342556779748065,3.0,5.0,31.0,222.0,284,1
1143,regular,30.0,mobile_app,13.0,657.31,50.56230769230769,30.82501639735875,2.0,5.0,30.0,141.0,178,0
1144,regular,57.0,mobile_app,9.0,633.11,70.34555555555556,36.18898455024372,3.0,4.0,38.0,259.0,332,0
1145,regular,,in_store,12.0,511.69,42.64083333333333,21.97576618101003,3.0,5.0,8.0,241.0,279,0
1146,bargain_hunter,51.0,mobile_app,2.0,51.7,25.85,24.08405696721381,2.0,2.0,10.0,14.0,24,1
1147,regular,64.0,mobile_app,14.0,1098.51,78.465,55.398081298348785,3.0,4.0,6.0,167.0,225,0
1148,bargain_hunter,30.0,mobile_app,6.0,184.82,30.80333333333333,22.31899340621496,2.0,4.0,47.0,254.0,313,1
1149,regular,49.0,web,3.0,119.17999999999999,39.72666666666667,34.11184154122045,1.0,3.0,15.0,95.0,137,1
1150,regular,18.0,web,30.0,1629.49,54.31633333333333,47.3925102829502,3.0,5.0,3.0,356.0,364,0
1151,regular,54.0,mobile_app,12.0,627.26,52.27166666666667,27.650624465522174,3.0,4.0,3.0,152.0,158,0
1152,bargain_hunter,18.0,mobile_app,2.0,20.24,10.12,7.778174593052022,1.0,2.0,12.0,8.0,139,1
1153,bargain_hunter,34.0,web,5.0,132.4,26.48,10.548940705113475,2.0,3.0,24.0,54.0,95,1
1154,bargain_hunter,43.0,web,5.0,249.29000000000002,49.858000000000004,38.754767061614494,3.0,4.0,58.0,138.0,260,1
1155,one_off,41.0,in_store,1.0,22.31,22.31,0.0,1.0,1.0,143.0,0.0,358,1
1156,bargain_hunter,45.0,web,6.0,186.71,31.118333333333336,21.563948076979475,3.0,4.0,21.0,82.0,177,1
1157,one_off,35.0,in_store,4.0,81.24,20.31,17.441897832518112,2.0,3.0,28.0,125.0,229,1
1158,bargain_hunter,33.0,mobile_app,6.0,123.92,20.653333333333332,6.581132627949892,3.0,4.0,2.0,168.0,212,0
1159,loyal_vip,33.0,mobile_app,9.0,1245.56,138.39555555555555,66.82800257210879,3.0,5.0,3.0,92.0,106,0
1160,regular,62.0,mobile_app,10.0,632.76,63.275999999999996,36.515890361442494,3.0,5.0,3.0,87.0,97,0
1161,bargain_hunter,31.0,web,5.0,79.69,15.937999999999999,9.780098159016605,2.0,4.0,7.0,190.0,342,0
1162,bargain_hunter,33.0,mobile_app,6.0,205.62,34.27,30.672508863801802,3.0,4.0,49.0,211.0,270,1
1163,loyal_vip,26.0,web,37.0,4384.91,118.51108108108107,72.31204551509089,3.0,5.0,5.0,271.0,285,0
1164,loyal_vip,51.0,web,34.0,4252.51,125.07382352941177,79.38361990473877,3.0,5.0,3.0,200.0,215,0
1165,bargain_hunter,28.0,web,1.0,88.93,88.93,0.0,1.0,1.0,70.0,0.0,127,1
1166,one_off,18.0,web,2.0,47.91,23.955,18.759542904879105,1.0,2.0,54.0,96.0,261,1
1167,regular,35.0,web,5.0,232.07999999999998,46.416,36.66393773178216,2.0,2.0,11.0,73.0,99,0
1168,bargain_hunter,39.0,mobile_app,0.0,0.0,0.0,0.0,0.0,0.0,1.0,0.0,1,1
1169,bargain_hunter,24.0,web,6.0,85.33,14.221666666666666,6.693959715046593,2.0,3.0,30.0,113.0,162,0
1170,loyal_vip,42.0,in_store,0.0,0.0,0.0,0.0,0.0,0.0,27.0,0.0,27,0
1171,regular,18.0,web,6.0,502.28,83.71333333333332,83.66353247781656,3.0,4.0,53.0,100.0,185,0
1172,bargain_hunter,30.0,web,11.0,298.98,27.180000000000003,14.089305873604989,3.0,5.0,35.0,222.0,262,0
1173,regular,42.0,web,10.0,546.6899999999999,54.669,42.17118617413237,3.0,5.0,19.0,71.0,106,0
1174,regular,55.0,mobile_app,12.0,671.16,55.93,24.692273727184013,3.0,4.0,26.0,103.0,129,1
1175,regular,34.0,web,11.0,633.71,57.61000000000001,26.252169434162962,2.0,5.0,17.0,167.0,225,0
1176,regular,45.0,web,23.0,1101.54,47.89304347826087,32.26891107760513,3.0,5.0,3.0,176.0,180,0
1177,bargain_hunter,18.0,mobile_app,0.0,0.0,0.0,0.0,0.0,0.0,45.0,0.0,45,1
1178,bargain_hunter,54.0,web,2.0,8.08,4.04,4.299209229614209,1.0,2.0,65.0,25.0,102,1
1179,loyal_vip,51.0,mobile_app,25.0,2629.58,105.1832,64.50097897965063,3.0,5.0,24.0,212.0,240,0
1180,bargain_hunter,18.0,web,10.0,317.54,31.754,20.528727405489335,2.0,5.0,6.0,291.0,326,1
1181,regular,46.0,in_store,15.0,903.12,60.208,28.55304266999028,3.0,5.0,11.0,302.0,353,0
1182,bargain_hunter,50.0,web,9.0,331.11,36.79,21.538718624839326,3.0,5.0,48.0,225.0,290,1
1183,one_off,32.0,web,0.0,0.0,0.0,0.0,0.0,0.0,137.0,0.0,137,1
1184,loyal_vip,41.0,web,39.0,3967.45,101.72948717948718,75.79538643607046,3.0,5.0,25.0,223.0,258,0
1185,regular,52.0,web,3.0,193.32,64.44,31.7110122828017,2.0,2.0,3.0,35.0,50,1
1186,loyal_vip,45.0,web,17.0,1679.43,98.79,59.43925302357022,3.0,5.0,9.0,213.0,222,0
1187,regular,47.0,web,13.0,591.97,45.53615384615385,23.651976498967105,3.0,3.0,11.0,190.0,222,0
1188,regular,57.0,in_store,13.0,601.25,46.25,25.038624163479906,3.0,4.0,13.0,244.0,270,0
1189,regular,67.0,mobile_app,11.0,598.44,54.403636363636366,33.96999654775587,3.0,5.0,21.0,180.0,229,0
1190,loyal_vip,66.0,web,3.0,169.76,56.586666666666666,42.076736248589114,2.0,3.0,2.0,39.0,72,1
1191,bargain_hunter,65.0,web,0.0,0.0,0.0,0.0,0.0,0.0,12.0,0.0,12,0
1192,bargain_hunter,45.0,web,9.0,245.52,27.28,16.21188607164509,3.0,4.0,41.0,246.0,303,0
1193,regular,49.0,mobile_app,13.0,961.35,73.95,74.38043145433706,3.0,5.0,18.0,148.0,193,0
1194,regular,33.0,mobile_app,5.0,275.8,55.160000000000004,37.077175593618236,2.0,3.0,55.0,49.0,125,1
1195,bargain_hunter,42.0,web,3.0,96.65,32.21666666666667,7.776055126690738,2.0,2.0,8.0,106.0,128,1
1196,regular,29.0,mobile_app,13.0,1200.01,92.30846153846154,54.04756390534697,3.0,5.0,1.0,149.0,205,0
1197,bargain_hunter,44.0,in_store,0.0,0.0,0.0,0.0,0.0,0.0,171.0,0.0,171,1
1198,regular,36.0,in_store,3.0,160.11,53.370000000000005,33.010645252705984,2.0,3.0,21.0,34.0,56,0
1199,bargain_hunter,41.0,mobile_app,4.0,47.85,11.9625,2.4418077319887415,2.0,4.0,2.0,113.0,133,0
1200,regular,30.0,mobile_app,18.0,942.19,52.34388888888889,30.987934680317657,3.0,5.0,1.0,193.0,199,0
1201,bargain_hunter,18.0,web,0.0,0.0,0.0,0.0,0.0,0.0,42.0,0.0,42,1
1202,bargain_hunter,36.0,mobile_app,6.0,194.8,32.46666666666667,22.170615387640165,3.0,3.0,21.0,177.0,291,0
1203,regular,37.0,web,3.0,145.4,48.46666666666667,16.077942447133378,1.0,2.0,3.0,47.0,55,1
1204,bargain_hunter,50.0,web,10.0,200.82,20.082,11.56054285538145,3.0,4.0,24.0,271.0,301,0
1205,bargain_hunter,46.0,in_store,9.0,238.4,26.48888888888889,21.711346367996413,2.0,5.0,29.0,229.0,268,1
1206,regular,31.0,web,25.0,1251.29,50.0516,38.39003654161671,3.0,5.0,23.0,253.0,277,0
1207,bargain_hunter,36.0,in_store,9.0,258.36,28.706666666666667,20.17012952362974,3.0,5.0,40.0,296.0,346,0
1208,bargain_hunter,36.0,mobile_app,9.0,322.28000000000003,35.808888888888895,17.69164170197642,3.0,4.0,5.0,288.0,294,0
1209,regular,38.0,web,6.0,454.44,75.74,40.0310864204308,3.0,4.0,15.0,103.0,128,1
1210,regular,40.0,web,6.0,282.57,47.095,30.44111348160576,3.0,3.0,5.0,123.0,137,0
1211,regular,18.0,mobile_app,3.0,165.75,55.25,11.962152816278515,2.0,2.0,39.0,21.0,146,0
1212,one_off,25.0,web,2.0,55.36,27.68,7.26905771059771,2.0,1.0,60.0,39.0,117,1
1213,regular,19.0,web,14.0,1071.13,76.50928571428572,56.85122655659253,3.0,5.0,67.0,241.0,308,0
1214,regular,47.0,web,5.0,292.26,58.452,62.94358164261071,3.0,2.0,2.0,19.0,21,0
1215,bargain_hunter,43.0,web,0.0,0.0,0.0,0.0,0.0,0.0,72.0,0.0,72,1
1216,bargain_hunter,55.0,web,4.0,129.27,32.3175,12.521012672037887,3.0,3.0,32.0,76.0,124,0
1217,one_off,43.0,in_store,1.0,24.98,24.98,0.0,1.0,1.0,5.0,0.0,30,0
1218,regular,18.0,web,6.0,311.3,51.88333333333333,19.49454863972661,3.0,3.0,25.0,152.0,179,0
1219,loyal_vip,43.0,web,19.0,1888.42,99.39052631578947,59.31598121489166,3.0,5.0,11.0,226.0,247,0
1220,regular,45.0,web,13.0,708.55,54.50384615384615,36.582602545121894,3.0,5.0,38.0,172.0,210,0
1221,one_off,29.0,mobile_app,2.0,60.82,30.41,20.98692926561673,2.0,2.0,54.0,3.0,65,0
1222,bargain_hunter,22.0,mobile_app,1.0,28.3,28.3,0.0,1.0,1.0,89.0,0.0,128,1
1223,bargain_hunter,65.0,mobile_app,12.0,246.89999999999998,20.575,18.793327394196446,3.0,5.0,55.0,284.0,352,1
1224,bargain_hunter,35.0,web,7.0,91.97,13.138571428571428,8.587383048347593,2.0,3.0,24.0,163.0,329,1
1225,regular,29.0,mobile_app,9.0,590.69,65.63222222222223,38.64641470362347,3.0,4.0,26.0,109.0,140,0
1226,regular,42.0,web,22.0,1267.8,57.627272727272725,38.59303874828775,3.0,5.0,3.0,321.0,359,0
1227,regular,37.0,in_store,21.0,1158.29,55.156666666666666,32.11996144663522,3.0,5.0,16.0,225.0,242,0
1228,regular,24.0,mobile_app,5.0,252.76999999999998,50.553999999999995,25.138932554903754,2.0,4.0,7.0,97.0,183,0
1229,one_off,40.0,mobile_app,8.0,350.65999999999997,43.832499999999996,36.33237035639549,3.0,4.0,17.0,156.0,193,0
1230,loyal_vip,32.0,mobile_app,18.0,2269.15,126.0638888888889,64.98668100092772,3.0,4.0,9.0,168.0,184,0
1231,regular,37.0,web,8.0,307.05,38.38125,24.9167960778611,3.0,4.0,40.0,142.0,188,0
1232,bargain_hunter,18.0,mobile_app,2.0,15.9,7.95,0.2828427124746193,2.0,1.0,47.0,3.0,117,0
1233,bargain_hunter,54.0,web,4.0,97.07,24.2675,19.39449127114879,3.0,2.0,14.0,250.0,320,0
1234,regular,18.0,mobile_app,17.0,872.25,51.30882352941177,35.40023108723179,3.0,5.0,7.0,240.0,292,0
1235,regular,18.0,mobile_app,24.0,1152.68,48.028333333333336,26.654520240952795,3.0,5.0,12.0,260.0,290,0
1236,regular,39.0,in_store,13.0,661.67,50.8976923076923,29.955438335925514,2.0,5.0,30.0,262.0,306,0
1237,bargain_hunter,70.0,in_store,4.0,105.8,26.45,14.334687532927486,1.0,2.0,44.0,34.0,98,0
1238,bargain_hunter,50.0,web,0.0,0.0,0.0,0.0,0.0,0.0,86.0,0.0,86,1
1239,bargain_hunter,51.0,web,5.0,139.26999999999998,27.853999999999996,15.613997886511958,2.0,3.0,9.0,250.0,342,1
1240,bargain_hunter,37.0,mobile_app,0.0,0.0,0.0,0.0,0.0,0.0,30.0,0.0,30,1
1241,bargain_hunter,51.0,web,3.0,84.96000000000001,28.320000000000004,13.966935956035599,3.0,2.0,30.0,36.0,68,1
1242,regular,27.0,web,3.0,80.86999999999999,26.956666666666663,26.539465581155422,2.0,3.0,58.0,33.0,120,1
1243,bargain_hunter,50.0,web,10.0,219.54,21.954,23.01312485421212,2.0,5.0,11.0,287.0,325,1
1244,regular,41.0,mobile_app,5.0,265.3,53.06,23.810481935483793,3.0,3.0,66.0,263.0,337,0
1245,regular,18.0,mobile_app,33.0,1634.46,49.52909090909091,37.72825941549288,3.0,5.0,2.0,345.0,347,0
1246,regular,43.0,web,9.0,286.09000000000003,31.78777777777778,17.301540233298436,3.0,5.0,1.0,169.0,177,0
1247,loyal_vip,50.0,in_store,28.0,3385.68,120.91714285714285,76.8702095578015,3.0,5.0,11.0,234.0,261,0
1248,bargain_hunter,67.0,mobile_app,4.0,61.230000000000004,15.307500000000001,21.486965622597033,2.0,4.0,10.0,78.0,135,0
1249,loyal_vip,43.0,web,34.0,3004.39,88.36441176470588,68.73785200403299,3.0,5.0,1.0,91.0,108,0
1250,one_off,41.0,mobile_app,3.0,169.68,56.56,50.61044852597139,1.0,2.0,245.0,94.0,360,1
1251,bargain_hunter,31.0,mobile_app,1.0,10.24,10.24,0.0,1.0,1.0,116.0,0.0,205,1
1252,regular,18.0,in_store,1.0,35.15,35.15,0.0,1.0,1.0,47.0,0.0,58,0
1253,loyal_vip,25.0,web,25.0,2853.92,114.1568,89.8360246374842,3.0,5.0,4.0,210.0,218,0
1254,loyal_vip,32.0,web,23.0,2351.59,102.24304347826087,90.48238092854335,3.0,5.0,49.0,249.0,302,0
1255,bargain_hunter,29.0,mobile_app,2.0,13.05,6.525,4.574980874276963,1.0,2.0,24.0,9.0,33,1
1256,regular,64.0,web,14.0,560.28,40.019999999999996,20.137491250057785,3.0,5.0,4.0,193.0,201,0
1257,loyal_vip,39.0,web,5.0,422.42,84.48400000000001,50.29046360891894,3.0,3.0,8.0,58.0,69,0
1258,bargain_hunter,40.0,web,0.0,0.0,0.0,0.0,0.0,0.0,28.0,0.0,28,1
1259,regular,43.0,web,2.0,25.22,12.61,1.9091883092036785,2.0,1.0,40.0,5.0,49,1
1260,regular,35.0,web,12.0,1051.24,87.60333333333334,57.81849064621163,3.0,5.0,3.0,180.0,200,0
1261,regular,31.0,in_store,14.0,880.04,62.86,48.18431200169743,3.0,5.0,44.0,298.0,345,0
1262,one_off,50.0,web,4.0,189.46,47.365,13.224665087126658,2.0,4.0,45.0,117.0,175,1
1263,bargain_hunter,45.0,web,5.0,120.99,24.198,13.63126076340703,3.0,4.0,98.0,190.0,292,1
1264,bargain_hunter,18.0,in_store,8.0,147.1,18.3875,9.408009885198888,2.0,4.0,5.0,275.0,303,1
1265,one_off,33.0,web,2.0,69.43,34.715,3.3587572106361008,2.0,1.0,6.0,16.0,113,0
1266,loyal_vip,40.0,mobile_app,20.0,1801.04,90.05199999999999,52.87718775864653,3.0,4.0,15.0,139.0,154,0
1267,regular,35.0,mobile_app,6.0,372.27,62.044999999999995,30.846599002159056,2.0,3.0,17.0,38.0,74,1
1268,loyal_vip,46.0,web,60.0,7014.23,116.90383333333332,69.38906361569725,3.0,5.0,1.0,320.0,335,0
1269,regular,47.0,web,0.0,0.0,0.0,0.0,0.0,0.0,18.0,0.0,18,1
1270,loyal_vip,35.0,mobile_app,20.0,2423.1,121.155,84.52614821212988,3.0,5.0,20.0,129.0,152,0
1271,bargain_hunter,38.0,web,12.0,314.52,26.209999999999997,13.39260650847732,3.0,5.0,12.0,165.0,183,0
1272,bargain_hunter,22.0,mobile_app,7.0,237.48,33.925714285714285,16.818191398148674,3.0,4.0,9.0,260.0,313,1
1273,one_off,58.0,mobile_app,2.0,85.29,42.645,28.31962658652123,2.0,2.0,26.0,210.0,265,1
1274,bargain_hunter,64.0,in_store,3.0,126.03,42.01,28.590131164442038,2.0,3.0,54.0,112.0,203,1
1275,regular,39.0,web,5.0,206.05,41.21,34.70553918324854,3.0,5.0,25.0,47.0,72,0
1276,regular,35.0,mobile_app,1.0,33.87,33.87,0.0,1.0,1.0,15.0,0.0,22,0
1277,bargain_hunter,43.0,web,3.0,120.05,40.016666666666666,12.34240792282176,1.0,2.0,34.0,110.0,160,1
1278,one_off,18.0,mobile_app,3.0,119.03999999999999,39.68,5.509963702239788,3.0,3.0,23.0,63.0,119,1
1279,regular,34.0,web,11.0,622.4,56.58181818181818,32.5775133545155,3.0,4.0,46.0,173.0,290,0
1280,bargain_hunter,41.0,web,2.0,40.769999999999996,20.384999999999998,6.399316369738257,2.0,1.0,113.0,60.0,248,1
1281,regular,39.0,mobile_app,7.0,224.74,32.105714285714285,20.601588010913833,2.0,3.0,2.0,92.0,96,1
1282,regular,47.0,web,11.0,714.96,64.99636363636364,42.207969691215254,2.0,4.0,3.0,151.0,161,1
1283,one_off,56.0,web,1.0,21.23,21.23,0.0,1.0,1.0,18.0,0.0,41,0
1284,bargain_hunter,26.0,mobile_app,3.0,39.18,13.06,5.885736997182256,1.0,3.0,7.0,140.0,195,1
1285,bargain_hunter,28.0,web,3.0,60.23,20.076666666666664,15.220415018432755,2.0,2.0,207.0,102.0,317,1
1286,bargain_hunter,41.0,mobile_app,6.0,185.7,30.95,18.5817889343303,3.0,3.0,84.0,137.0,232,0
1287,bargain_hunter,43.0,mobile_app,1.0,6.78,6.78,0.0,1.0,1.0,20.0,0.0,78,1
1288,regular,27.0,in_store,4.0,179.89000000000001,44.972500000000004,30.93650958010616,2.0,4.0,5.0,59.0,72,0
1289,loyal_vip,50.0,web,20.0,2505.83,125.2915,82.65926045965354,3.0,5.0,6.0,254.0,263,0
1290,bargain_hunter,28.0,mobile_app,7.0,251.69,35.955714285714286,21.752880925786098,3.0,3.0,55.0,166.0,357,1
1291,one_off,24.0,in_store,0.0,0.0,0.0,0.0,0.0,0.0,3.0,0.0,3,0
1292,regular,46.0,web,17.0,846.02,49.765882352941176,38.11734301122383,3.0,4.0,7.0,141.0,180,0
1293,one_off,26.0,web,2.0,73.9,36.95,15.216937931134504,1.0,2.0,8.0,50.0,109,0
1294,bargain_hunter,26.0,web,8.0,174.06,21.7575,11.309438220227515,3.0,4.0,54.0,288.0,357,0
1295,regular,37.0,web,2.0,22.990000000000002,11.495000000000001,4.7871129086329285,2.0,2.0,1.0,45.0,76,1
1296,regular,,in_store,10.0,531.29,53.129,41.94483055157095,3.0,4.0,8.0,225.0,312,0
1297,bargain_hunter,57.0,mobile_app,10.0,318.71,31.871,20.21924960141806,3.0,5.0,4.0,288.0,326,0
1298,bargain_hunter,18.0,mobile_app,14.0,323.71,23.122142857142855,16.110571865212474,3.0,5.0,7.0,299.0,356,0
1299,bargain_hunter,40.0,mobile_app,3.0,72.94999999999999,24.316666666666663,22.862507153270247,2.0,3.0,16.0,14.0,193,0
1300,regular,27.0,in_store,3.0,126.57,42.19,3.876544853345564,2.0,3.0,66.0,56.0,126,1
1301,bargain_hunter,48.0,web,0.0,0.0,0.0,0.0,0.0,0.0,117.0,0.0,117,1
1302,bargain_hunter,39.0,web,6.0,164.2,27.366666666666664,21.299533954212862,3.0,4.0,123.0,227.0,356,1
1303,regular,34.0,in_store,12.0,669.9,55.824999999999996,54.28412165298766,3.0,4.0,26.0,228.0,322,0
1304,regular,25.0,mobile_app,23.0,1661.3100000000002,72.2308695652174,67.33446678627006,3.0,5.0,4.0,313.0,331,0
1305,regular,28.0,web,10.0,762.42,76.24199999999999,57.145225289024225,2.0,5.0,9.0,209.0,225,1
1306,bargain_hunter,31.0,in_store,16.0,438.65,27.415625,15.39786347462963,3.0,5.0,43.0,304.0,362,1
1307,regular,30.0,in_store,14.0,590.8,42.199999999999996,25.085009007833282,3.0,5.0,12.0,182.0,198,0
1308,regular,45.0,in_store,9.0,454.11,50.45666666666667,26.900368027222232,3.0,4.0,14.0,206.0,250,0
1309,regular,29.0,web,18.0,953.84,52.99111111111111,37.733452920201266,3.0,5.0,13.0,311.0,347,0
1310,one_off,18.0,mobile_app,2.0,48.120000000000005,24.060000000000002,5.374011537017761,1.0,2.0,31.0,239.0,273,1
1311,loyal_vip,31.0,mobile_app,21.0,3246.82,154.6104761904762,106.4897336589866,3.0,5.0,27.0,179.0,210,0
1312,regular,44.0,mobile_app,26.0,1345.27,51.74115384615384,25.793767204799398,3.0,5.0,7.0,238.0,261,0
1313,regular,46.0,in_store,2.0,103.55,51.775,44.469945468821976,2.0,2.0,12.0,28.0,42,0
1314,regular,42.0,mobile_app,9.0,370.90000000000003,41.211111111111116,29.136715431069288,3.0,4.0,4.0,256.0,280,0
1315,bargain_hunter,18.0,web,0.0,0.0,0.0,0.0,0.0,0.0,92.0,0.0,92,1
1316,regular,18.0,mobile_app,8.0,327.24,40.905,15.426093848689352,3.0,4.0,7.0,94.0,125,0
1317,regular,40.0,in_store,17.0,675.89,39.75823529411765,28.09291641928934,3.0,4.0,29.0,233.0,281,0
1318,regular,44.0,web,9.0,348.74,38.74888888888889,22.44589686582185,3.0,4.0,39.0,238.0,290,0
1319,loyal_vip,40.0,web,30.0,4468.91,148.96366666666665,108.65587495369968,3.0,5.0,10.0,273.0,301,0
1320,regular,28.0,mobile_app,9.0,332.41,36.934444444444445,21.852534241542276,3.0,4.0,4.0,70.0,88,0
1321,bargain_hunter,32.0,web,9.0,276.15,30.68333333333333,21.639602006506497,3.0,5.0,63.0,266.0,337,0
1322,regular,49.0,web,10.0,388.63,38.863,14.66792043883522,3.0,5.0,6.0,45.0,68,0
1323,loyal_vip,43.0,web,38.0,4824.59,126.9628947368421,87.4976574484231,3.0,5.0,5.0,273.0,287,0
1324,loyal_vip,27.0,mobile_app,25.0,3500.4900000000002,140.0196,122.97591449412631,3.0,5.0,1.0,187.0,190,0
1325,bargain_hunter,33.0,mobile_app,0.0,0.0,0.0,0.0,0.0,0.0,11.0,0.0,11,1
1326,bargain_hunter,35.0,web,3.0,45.54,15.18,14.351365788662763,3.0,2.0,50.0,37.0,97,1
1327,regular,36.0,web,11.0,803.94,73.08545454545455,41.94622184741705,3.0,5.0,28.0,215.0,243,0
1328,bargain_hunter,38.0,web,6.0,109.37,18.228333333333335,10.175976447823897,2.0,3.0,64.0,166.0,327,0
1329,regular,51.0,web,11.0,645.78,58.70727272727272,40.79877328815392,3.0,5.0,24.0,226.0,267,0
1330,regular,35.0,mobile_app,2.0,109.78,54.89,54.107810896394625,2.0,2.0,7.0,29.0,46,1
1331,bargain_hunter,18.0,mobile_app,8.0,215.12,26.89,19.238353062864515,3.0,5.0,67.0,242.0,332,1
1332,regular,35.0,in_store,13.0,744.5400000000001,57.2723076923077,41.78124981253476,3.0,5.0,11.0,215.0,231,0
1333,bargain_hunter,41.0,web,10.0,341.53,34.153,42.921721009815585,3.0,5.0,8.0,256.0,275,1
1334,regular,27.0,web,6.0,281.3,46.88333333333333,38.62636750545755,3.0,4.0,16.0,146.0,206,0
1335,bargain_hunter,38.0,mobile_app,5.0,139.65,27.93,4.493762343515731,2.0,3.0,65.0,180.0,268,1
1336,bargain_hunter,25.0,web,5.0,123.80000000000001,24.76,15.827243916740526,3.0,4.0,18.0,174.0,234,1
1337,regular,18.0,mobile_app,8.0,535.76,66.97,36.46763183192146,3.0,4.0,45.0,89.0,150,0
1338,regular,37.0,web,12.0,654.02,54.501666666666665,32.199148445355824,3.0,3.0,28.0,188.0,218,0
1339,regular,34.0,web,20.0,1396.71,69.8355,48.35485383299722,3.0,5.0,5.0,201.0,220,0
1340,regular,40.0,mobile_app,22.0,1563.72,71.07818181818182,53.342022265695356,3.0,5.0,9.0,331.0,361,0
1341,loyal_vip,53.0,mobile_app,22.0,3140.86,142.76636363636365,144.77116318835422,3.0,5.0,4.0,237.0,275,0
1342,one_off,57.0,mobile_app,0.0,0.0,0.0,0.0,0.0,0.0,200.0,0.0,200,1
1343,bargain_hunter,32.0,in_store,1.0,22.72,22.72,0.0,1.0,1.0,33.0,0.0,36,1
1344,bargain_hunter,29.0,in_store,8.0,223.71,27.96375,12.96727412428247,2.0,5.0,2.0,306.0,331,0
1345,one_off,41.0,mobile_app,2.0,41.5,20.75,2.8284271247461903,2.0,2.0,52.0,133.0,275,0
1346,regular,53.0,mobile_app,25.0,1372.83,54.913199999999996,40.87967860278095,3.0,5.0,9.0,175.0,187,0
1347,bargain_hunter,24.0,mobile_app,1.0,25.93,25.93,0.0,1.0,1.0,142.0,0.0,168,1
1348,bargain_hunter,39.0,mobile_app,1.0,41.17,41.17,0.0,1.0,1.0,67.0,0.0,94,0
1349,bargain_hunter,48.0,web,6.0,126.18,21.03,17.203066005802572,3.0,3.0,17.0,255.0,293,0
1350,bargain_hunter,30.0,in_store,5.0,93.68,18.736,8.735375206595307,3.0,5.0,15.0,150.0,173,1
1351,loyal_vip,49.0,web,4.0,480.05,120.0125,43.261820253737206,2.0,3.0,6.0,19.0,46,0
1352,bargain_hunter,43.0,web,9.0,318.49,35.38777777777778,24.292981896927444,3.0,4.0,7.0,166.0,268,0
1353,regular,18.0,web,1.0,114.47,114.47,0.0,1.0,1.0,28.0,0.0,59,0
1354,loyal_vip,38.0,web,4.0,375.09999999999997,93.77499999999999,36.541520220155036,2.0,3.0,1.0,53.0,57,1
1355,one_off,25.0,web,0.0,0.0,0.0,0.0,0.0,0.0,21.0,0.0,21,1
1356,bargain_hunter,23.0,web,3.0,55.33,18.44333333333333,10.685608702050311,3.0,3.0,80.0,122.0,268,1
1357,regular,48.0,mobile_app,6.0,366.02,61.00333333333333,30.608953374244386,3.0,4.0,63.0,55.0,157,1
1358,loyal_vip,25.0,mobile_app,21.0,2416.4700000000003,115.07000000000001,95.25675146675957,3.0,5.0,17.0,220.0,241,0
1359,regular,70.0,mobile_app,34.0,1864.59,54.84088235294117,35.56460466894673,3.0,5.0,5.0,315.0,321,0
1360,regular,42.0,web,16.0,941.79,58.861875,37.951231551163126,3.0,4.0,6.0,227.0,245,0
1361,loyal_vip,28.0,mobile_app,1.0,74.56,74.56,0.0,1.0,1.0,12.0,0.0,21,0
1362,regular,32.0,in_store,8.0,578.03,72.25375,52.1377469340318,3.0,3.0,60.0,198.0,298,0
1363,bargain_hunter,53.0,mobile_app,2.0,42.06,21.03,18.243354954612926,2.0,2.0,16.0,46.0,62,0
1364,regular,43.0,web,6.0,234.28,39.04666666666667,8.99031182254913,3.0,4.0,24.0,139.0,170,0
1365,bargain_hunter,18.0,web,2.0,38.49,19.245,8.506494577674168,2.0,2.0,86.0,4.0,100,1
1366,regular,25.0,in_store,4.0,129.12,32.28,30.909813975499755,3.0,3.0,12.0,26.0,40,1
1367,bargain_hunter,51.0,in_store,3.0,86.08,28.69333333333333,18.868996617025857,3.0,3.0,38.0,82.0,174,0
1368,bargain_hunter,48.0,in_store,4.0,107.55000000000001,26.887500000000003,18.858899534879193,2.0,4.0,32.0,183.0,260,1
1369,regular,21.0,web,18.0,1034.25,57.458333333333336,37.23967669822383,3.0,4.0,62.0,259.0,364,0
1370,regular,59.0,in_store,8.0,332.71,41.58875,14.520588769546698,3.0,5.0,16.0,150.0,190,1
1371,regular,57.0,mobile_app,24.0,977.35,40.72291666666667,24.845777959797037,3.0,5.0,22.0,227.0,297,0
1372,one_off,57.0,web,2.0,139.25,69.625,72.49965827505672,1.0,2.0,86.0,49.0,151,1
1373,regular,50.0,in_store,16.0,832.25,52.015625,36.70212073232281,3.0,5.0,5.0,183.0,197,0
1374,bargain_hunter,40.0,web,7.0,127.55000000000001,18.22142857142857,24.66975099764313,3.0,3.0,10.0,269.0,303,0
1375,bargain_hunter,37.0,mobile_app,8.0,182.16,22.77,17.765910374325642,3.0,3.0,10.0,255.0,332,1
1376,regular,52.0,web,9.0,565.21,62.80111111111111,44.30809616888443,3.0,5.0,23.0,142.0,183,0
1377,regular,28.0,mobile_app,8.0,471.33,58.91625,31.183390238806847,3.0,3.0,18.0,180.0,220,0
1378,regular,64.0,in_store,9.0,479.99,53.33222222222222,37.85062574706585,2.0,4.0,4.0,136.0,180,0
1379,bargain_hunter,53.0,mobile_app,0.0,0.0,0.0,0.0,0.0,0.0,70.0,0.0,70,1
1380,one_off,36.0,web,2.0,63.81,31.905,28.263058044026305,2.0,2.0,58.0,92.0,182,1
1381,bargain_hunter,35.0,web,2.0,53.150000000000006,26.575000000000003,20.73944189220144,2.0,2.0,23.0,70.0,135,1
1382,regular,20.0,mobile_app,10.0,606.52,60.652,46.41914423070627,2.0,4.0,12.0,145.0,197,0
1383,one_off,41.0,mobile_app,2.0,36.309999999999995,18.154999999999998,22.12537118332707,2.0,2.0,97.0,12.0,249,1
1384,regular,51.0,mobile_app,19.0,974.81,51.30578947368421,39.75264775469393,3.0,5.0,8.0,153.0,182,0
1385,one_off,22.0,mobile_app,1.0,41.61,41.61,0.0,1.0,1.0,10.0,0.0,39,1
1386,bargain_hunter,35.0,mobile_app,0.0,0.0,0.0,0.0,0.0,0.0,44.0,0.0,44,0
1387,bargain_hunter,34.0,in_store,1.0,16.86,16.86,0.0,1.0,1.0,132.0,0.0,337,1
1388,regular,38.0,mobile_app,10.0,501.4,50.14,30.964775327961142,3.0,4.0,20.0,145.0,167,0
1389,regular,58.0,mobile_app,7.0,362.85,51.83571428571429,46.03303953218197,3.0,4.0,3.0,105.0,147,0
1390,one_off,55.0,mobile_app,1.0,22.46,22.46,0.0,1.0,1.0,94.0,0.0,311,1
1391,bargain_hunter,34.0,in_store,0.0,0.0,0.0,0.0,0.0,0.0,183.0,0.0,183,1
1392,regular,52.0,web,3.0,114.37,38.123333333333335,28.69358348713756,2.0,3.0,23.0,40.0,66,1
1393,regular,24.0,mobile_app,13.0,816.44,62.80307692307693,35.34466541186835,3.0,4.0,25.0,208.0,255,0
1394,loyal_vip,31.0,web,14.0,2014.67,143.905,94.4501869322579,3.0,4.0,3.0,87.0,94,0
1395,bargain_hunter,46.0,mobile_app,0.0,0.0,0.0,0.0,0.0,0.0,6.0,0.0,6,0
1396,regular,36.0,mobile_app,10.0,621.71,62.17100000000001,29.601283549497946,3.0,3.0,63.0,117.0,192,1
1397,bargain_hunter,39.0,in_store,7.0,138.74,19.82,13.550234930312707,2.0,4.0,26.0,169.0,199,0
1398,bargain_hunter,34.0,web,7.0,94.06,13.437142857142858,7.854660430355374,3.0,3.0,20.0,234.0,341,1
1399,regular,18.0,web,1.0,20.93,20.93,0.0,1.0,1.0,23.0,0.0,30,1
1400,bargain_hunter,44.0,web,11.0,314.82,28.62,20.918588384496694,3.0,4.0,26.0,204.0,239,0
1401,regular,26.0,web,9.0,544.9,60.544444444444444,42.64277960895347,3.0,3.0,26.0,184.0,247,1
1402,regular,29.0,web,11.0,738.14,67.10363636363637,48.67743486929591,3.0,4.0,53.0,250.0,303,1
1403,regular,39.0,web,23.0,1263.82,54.94869565217391,31.068494609688656,2.0,5.0,8.0,302.0,333,0
1404,regular,48.0,web,9.0,564.12,62.68,65.47520217609106,3.0,4.0,16.0,91.0,149,0
1405,bargain_hunter,18.0,web,9.0,171.45,19.049999999999997,9.354893104680567,3.0,4.0,27.0,199.0,280,0
1406,loyal_vip,51.0,mobile_app,25.0,3476.56,139.0624,132.6982048760771,3.0,5.0,4.0,158.0,163,0
1407,bargain_hunter,52.0,mobile_app,0.0,0.0,0.0,0.0,0.0,0.0,9.0,0.0,9,1
1408,regular,57.0,in_store,9.0,337.39,37.48777777777778,21.601465678153517,3.0,4.0,18.0,183.0,214,0
1409,regular,22.0,web,4.0,361.82,90.455,44.13214890152832,1.0,3.0,29.0,96.0,141,1
1410,regular,64.0,web,11.0,501.62,45.60181818181818,24.372485641879784,3.0,5.0,9.0,161.0,184,0
1411,bargain_hunter,44.0,web,11.0,250.06,22.732727272727274,23.436975099576777,3.0,5.0,80.0,131.0,215,0
1412,regular,36.0,in_store,18.0,716.32,39.79555555555556,33.43711661193682,3.0,5.0,15.0,349.0,364,0
1413,regular,63.0,mobile_app,4.0,243.54000000000002,60.885000000000005,24.833561296492828,3.0,2.0,1.0,25.0,38,1
1414,one_off,,mobile_app,1.0,50.73,50.73,0.0,1.0,1.0,88.0,0.0,158,1
1415,regular,48.0,mobile_app,19.0,1247.01,65.6321052631579,57.804168302116544,3.0,5.0,14.0,276.0,291,0
1416,bargain_hunter,76.0,mobile_app,4.0,120.32000000000001,30.080000000000002,28.869082654863377,2.0,3.0,44.0,149.0,211,1
1417,loyal_vip,67.0,mobile_app,12.0,1552.97,129.41416666666666,99.694611640507,3.0,5.0,3.0,41.0,46,0
1418,one_off,37.0,in_store,6.0,213.84,35.64,23.455403641805017,3.0,3.0,103.0,224.0,352,1
1419,regular,54.0,web,13.0,650.13,50.01,29.915709362585183,3.0,5.0,15.0,279.0,299,0
1420,regular,67.0,web,11.0,599.76,54.52363636363636,25.842344813397748,3.0,5.0,18.0,160.0,179,0
1421,bargain_hunter,40.0,web,8.0,220.4,27.55,24.37872843279567,2.0,4.0,37.0,79.0,202,1
1422,one_off,49.0,web,4.0,278.64,69.66,38.43648874008482,2.0,1.0,116.0,159.0,325,1
1423,regular,50.0,mobile_app,5.0,355.74,71.148,66.48926018538634,3.0,4.0,14.0,84.0,107,0
1424,regular,23.0,mobile_app,5.0,143.19,28.637999999999998,10.139885107830365,3.0,3.0,18.0,191.0,247,1
1425,regular,24.0,in_store,29.0,1522.27,52.49206896551724,39.83561322837628,3.0,5.0,17.0,293.0,340,0
1426,bargain_hunter,48.0,in_store,0.0,0.0,0.0,0.0,0.0,0.0,172.0,0.0,172,1
1427,bargain_hunter,35.0,web,4.0,121.9,30.475,12.995903200624419,2.0,3.0,38.0,158.0,271,1
1428,bargain_hunter,53.0,mobile_app,3.0,75.0,25.0,16.2127018106175,2.0,2.0,12.0,58.0,79,0
1429,bargain_hunter,28.0,web,2.0,33.67,16.835,14.446191539641166,1.0,2.0,36.0,5.0,61,1
1430,bargain_hunter,58.0,mobile_app,6.0,110.07,18.345,14.378967626363165,3.0,5.0,2.0,99.0,115,0
1431,regular,40.0,mobile_app,3.0,144.6,48.199999999999996,8.385869066471285,2.0,2.0,44.0,24.0,86,1
1432,bargain_hunter,36.0,web,1.0,45.99,45.99,0.0,1.0,1.0,81.0,0.0,142,1
1433,regular,42.0,in_store,7.0,370.28,52.89714285714285,36.86117004576574,3.0,4.0,26.0,115.0,158,1
1434,bargain_hunter,62.0,web,5.0,107.24,21.448,22.70751131233892,2.0,3.0,9.0,191.0,200,1
1435,regular,51.0,mobile_app,12.0,626.81,52.23416666666666,32.059242167171284,3.0,4.0,19.0,254.0,286,0
1436,bargain_hunter,38.0,mobile_app,1.0,33.41,33.41,0.0,1.0,1.0,80.0,0.0,81,1
1437,regular,34.0,in_store,19.0,1274.0,67.05263157894737,53.08067181628203,3.0,5.0,3.0,198.0,217,0
1438,bargain_hunter,41.0,mobile_app,1.0,52.25,52.25,0.0,1.0,1.0,37.0,0.0,108,0
1439,regular,53.0,web,26.0,1191.98,45.84538461538462,33.62770003800667,3.0,5.0,9.0,199.0,210,0
1440,loyal_vip,51.0,mobile_app,20.0,2147.4,107.37,73.09373743783785,3.0,3.0,20.0,201.0,247,0
1441,regular,46.0,web,6.0,186.26,31.043333333333333,16.59295593517522,3.0,5.0,3.0,90.0,104,0
1442,regular,46.0,web,14.0,817.41,58.38642857142857,34.55340962962942,3.0,5.0,1.0,241.0,271,0
1443,one_off,28.0,mobile_app,1.0,17.45,17.45,0.0,1.0,1.0,43.0,0.0,134,0
1444,regular,37.0,mobile_app,19.0,1157.01,60.89526315789474,39.39411368443839,3.0,5.0,23.0,286.0,316,0
1445,one_off,41.0,web,1.0,108.22,108.22,0.0,1.0,1.0,208.0,0.0,284,1
1446,regular,39.0,web,22.0,956.96,43.49818181818182,41.806518133438935,3.0,5.0,7.0,286.0,309,0
1447,bargain_hunter,62.0,web,1.0,4.88,4.88,0.0,1.0,1.0,23.0,0.0,101,1
1448,loyal_vip,47.0,web,29.0,3042.45,104.91206896551724,78.51446456269382,3.0,5.0,34.0,244.0,278,0
1449,bargain_hunter,54.0,mobile_app,3.0,48.510000000000005,16.17,11.102733897558746,2.0,3.0,25.0,96.0,226,0
1450,bargain_hunter,54.0,mobile_app,3.0,34.269999999999996,11.423333333333332,11.246929951472683,2.0,2.0,63.0,71.0,179,1
1451,regular,36.0,web,2.0,84.39999999999999,42.199999999999996,31.056129829713164,2.0,2.0,24.0,32.0,83,0
1452,regular,37.0,mobile_app,13.0,603.76,46.44307692307692,24.214232517473196,3.0,5.0,36.0,255.0,300,0
1453,bargain_hunter,52.0,web,9.0,195.78,21.753333333333334,17.33314022328326,3.0,4.0,8.0,134.0,206,0
1454,regular,49.0,web,0.0,0.0,0.0,0.0,0.0,0.0,20.0,0.0,20,0
1455,regular,42.0,web,9.0,337.32,37.48,31.187916329886484,3.0,4.0,22.0,219.0,301,0
1456,regular,18.0,web,6.0,369.13,61.52166666666667,42.11811411574201,2.0,4.0,23.0,262.0,287,0
1457,regular,36.0,in_store,9.0,364.3,40.47777777777778,24.937571943644485,3.0,5.0,7.0,169.0,300,0
1458,one_off,44.0,in_store,3.0,85.35,28.45,12.634108595385745,1.0,2.0,42.0,144.0,188,0
1459,bargain_hunter,48.0,web,2.0,71.43,35.715,11.547053736776324,2.0,2.0,139.0,90.0,278,1
1460,regular,49.0,web,10.0,496.45,49.644999999999996,43.803672410731345,3.0,4.0,6.0,204.0,216,0
1461,bargain_hunter,30.0,web,8.0,121.26,15.1575,9.574468653664287,3.0,5.0,15.0,336.0,361,0
1462,regular,51.0,web,16.0,786.45,49.153125,33.587622267486175,3.0,5.0,5.0,199.0,206,0
1463,bargain_hunter,22.0,web,1.0,2.34,2.34,0.0,1.0,1.0,1.0,0.0,103,1
1464,regular,28.0,mobile_app,2.0,83.21,41.605,13.75322689407835,2.0,2.0,6.0,53.0,136,0
1465,regular,39.0,web,10.0,467.02,46.702,29.65898357440232,3.0,4.0,22.0,250.0,314,1
1466,regular,54.0,in_store,9.0,577.82,64.20222222222223,39.27757495625773,3.0,4.0,5.0,140.0,149,1
1467,bargain_hunter,44.0,mobile_app,1.0,6.44,6.44,0.0,1.0,1.0,10.0,0.0,27,0
1468,bargain_hunter,46.0,web,4.0,161.73000000000002,40.432500000000005,8.30935767674012,2.0,4.0,43.0,88.0,183,0
1469,one_off,27.0,mobile_app,0.0,0.0,0.0,0.0,0.0,0.0,72.0,0.0,72,1
1470,loyal_vip,34.0,in_store,11.0,1529.3,139.02727272727273,67.31441555728001,3.0,4.0,2.0,117.0,153,0
1471,bargain_hunter,50.0,web,3.0,61.169999999999995,20.389999999999997,12.250208161496683,2.0,3.0,13.0,7.0,45,0
1472,regular,45.0,web,3.0,81.57,27.189999999999998,16.351259890295914,2.0,2.0,1.0,35.0,48,0
1473,regular,47.0,mobile_app,10.0,461.04999999999995,46.105,37.529671002495554,3.0,5.0,18.0,262.0,297,0
1474,loyal_vip,18.0,web,17.0,1689.84,99.40235294117646,67.50962352966906,3.0,5.0,9.0,225.0,237,0
1475,bargain_hunter,23.0,in_store,6.0,180.03,30.005,9.304978774828022,2.0,4.0,74.0,55.0,170,1
1476,loyal_vip,57.0,web,32.0,3804.28,118.88375,69.5826066396926,3.0,5.0,11.0,186.0,208,0
1477,regular,38.0,web,12.0,534.83,44.56916666666667,39.01701411117354,2.0,5.0,6.0,141.0,157,1
1478,bargain_hunter,18.0,mobile_app,9.0,334.98,37.22,30.167704586196145,3.0,5.0,5.0,180.0,207,1
1479,one_off,34.0,in_store,1.0,14.05,14.05,0.0,1.0,1.0,76.0,0.0,134,1
1480,regular,61.0,web,10.0,580.91,58.090999999999994,52.02316907985432,3.0,5.0,14.0,184.0,213,1
1481,regular,57.0,web,5.0,160.04,32.007999999999996,30.806738223966526,2.0,2.0,23.0,68.0,92,1
1482,bargain_hunter,42.0,mobile_app,0.0,0.0,0.0,0.0,0.0,0.0,29.0,0.0,29,1
1483,regular,36.0,web,22.0,851.06,38.68454545454545,20.810205080628965,3.0,5.0,3.0,323.0,332,0
1484,bargain_hunter,29.0,mobile_app,1.0,20.88,20.88,0.0,1.0,1.0,18.0,0.0,147,0
1485,bargain_hunter,58.0,mobile_app,1.0,40.88,40.88,0.0,1.0,1.0,41.0,0.0,232,1
1486,regular,33.0,web,4.0,169.17,42.2925,31.297088655869146,3.0,3.0,85.0,92.0,195,0
1487,bargain_hunter,50.0,mobile_app,0.0,0.0,0.0,0.0,0.0,0.0,41.0,0.0,41,1
1488,bargain_hunter,43.0,mobile_app,0.0,0.0,0.0,0.0,0.0,0.0,77.0,0.0,77,1
1489,bargain_hunter,24.0,mobile_app,5.0,71.0,14.2,4.902810418525276,2.0,4.0,9.0,274.0,352,1
1490,loyal_vip,38.0,in_store,20.0,2277.02,113.851,77.09133393169702,3.0,5.0,4.0,140.0,151,0
1491,bargain_hunter,43.0,web,5.0,116.35,23.27,15.079452907847816,3.0,4.0,59.0,152.0,216,1
1492,regular,43.0,mobile_app,10.0,430.95,43.095,28.08948290730892,2.0,4.0,58.0,85.0,151,1
1493,regular,32.0,web,8.0,518.7,64.8375,28.010088871180482,3.0,5.0,9.0,24.0,36,1
1494,regular,18.0,web,8.0,540.57,67.57125,61.167880095333885,3.0,4.0,19.0,219.0,336,0
1495,regular,38.0,web,9.0,184.16,20.462222222222223,15.49238666069384,3.0,4.0,21.0,191.0,222,1
1496,bargain_hunter,36.0,web,4.0,90.64,22.66,6.906301470396438,2.0,4.0,93.0,105.0,331,1
1497,bargain_hunter,51.0,in_store,1.0,35.46,35.46,0.0,1.0,1.0,64.0,0.0,73,1
1498,bargain_hunter,36.0,web,4.0,121.93,30.4825,19.589999787306446,3.0,3.0,55.0,122.0,335,1
1499,regular,45.0,mobile_app,9.0,801.05,89.00555555555555,65.87433132698789,3.0,5.0,59.0,98.0,161,1
1500,regular,28.0,mobile_app,12.0,701.17,58.43083333333333,34.37547499396345,3.0,5.0,10.0,198.0,213,0
1501,loyal_vip,37.0,web,13.0,1292.75,99.4423076923077,58.46718526288146,3.0,5.0,12.0,95.0,142,0
1502,bargain_hunter,,in_store,6.0,132.86,22.143333333333334,10.303540491824482,3.0,5.0,51.0,209.0,331,1
1503,regular,21.0,web,7.0,198.76999999999998,28.395714285714284,17.69668882130483,3.0,4.0,55.0,169.0,247,1
1504,bargain_hunter,48.0,in_store,6.0,91.14,15.19,12.460327443530526,2.0,4.0,24.0,273.0,322,1
1505,one_off,53.0,in_store,2.0,70.09,35.045,25.052793257439383,2.0,2.0,19.0,163.0,308,0
1506,bargain_hunter,24.0,in_store,6.0,153.92000000000002,25.653333333333336,16.01661345811488,3.0,2.0,52.0,163.0,229,1
1507,bargain_hunter,35.0,web,4.0,84.06,21.015,12.451274365836346,2.0,2.0,28.0,79.0,131,0
1508,bargain_hunter,39.0,mobile_app,12.0,197.65,16.470833333333335,11.987964766482435,3.0,5.0,72.0,267.0,348,1
1509,regular,36.0,mobile_app,10.0,458.33,45.833,25.82078966431679,3.0,5.0,4.0,68.0,79,0
1510,regular,33.0,in_store,1.0,47.49,47.49,0.0,1.0,1.0,35.0,0.0,65,0
1511,bargain_hunter,40.0,in_store,3.0,48.12,16.04,16.977252427881254,2.0,2.0,29.0,76.0,107,1
1512,regular,34.0,web,20.0,1121.51,56.0755,40.33241826241934,3.0,5.0,16.0,138.0,158,0
1513,regular,41.0,web,6.0,190.34,31.723333333333333,23.099219611637675,3.0,3.0,4.0,34.0,39,0
1514,one_off,18.0,web,1.0,46.5,46.5,0.0,1.0,1.0,83.0,0.0,366,1
1515,bargain_hunter,63.0,in_store,5.0,112.32,22.464,6.247093724284918,2.0,2.0,18.0,302.0,330,0
1516,regular,24.0,mobile_app,20.0,1066.21,53.310500000000005,30.325470009808413,3.0,5.0,4.0,205.0,212,0
1517,regular,48.0,in_store,4.0,244.60000000000002,61.150000000000006,51.30885108828691,3.0,3.0,27.0,142.0,196,0
1518,loyal_vip,33.0,web,15.0,1690.94,112.72933333333334,75.57535959620198,3.0,5.0,9.0,298.0,335,0
1519,regular,35.0,mobile_app,23.0,1139.09,49.52565217391304,54.34990790542393,3.0,5.0,3.0,263.0,285,0
1520,regular,40.0,web,7.0,453.97,64.85285714285715,37.763995954827,3.0,4.0,8.0,77.0,106,1
1521,regular,50.0,mobile_app,3.0,184.24,61.413333333333334,43.73147874624564,2.0,2.0,26.0,29.0,56,0
1522,regular,40.0,web,1.0,1.0,1.0,0.0,1.0,1.0,16.0,0.0,17,0
1523,one_off,33.0,in_store,0.0,0.0,0.0,0.0,0.0,0.0,180.0,0.0,180,1
1524,loyal_vip,24.0,mobile_app,33.0,3899.03,118.15242424242425,94.86859418526973,3.0,5.0,9.0,315.0,324,0
1525,regular,56.0,web,13.0,708.9,54.53076923076923,25.118252149097497,3.0,4.0,18.0,118.0,151,1
1526,bargain_hunter,43.0,web,3.0,98.89,32.96333333333333,39.20201057769019,2.0,2.0,21.0,24.0,81,1
1527,regular,31.0,in_store,22.0,1236.76,56.21636363636364,43.122430639313734,3.0,5.0,19.0,252.0,293,1
1528,bargain_hunter,39.0,in_store,13.0,242.12,18.624615384615385,15.23089437918022,3.0,5.0,40.0,197.0,268,0
1529,regular,28.0,in_store,7.0,452.27,64.61,47.049220326519055,3.0,4.0,11.0,141.0,173,0
1530,regular,49.0,web,14.0,688.49,49.17785714285714,35.69170818994916,3.0,5.0,16.0,174.0,195,0
1531,bargain_hunter,55.0,web,5.0,165.43,33.086,29.265439173195404,2.0,4.0,82.0,97.0,190,0
1532,one_off,18.0,web,0.0,0.0,0.0,0.0,0.0,0.0,335.0,0.0,335,1
1533,one_off,33.0,web,0.0,0.0,0.0,0.0,0.0,0.0,127.0,0.0,127,1
1534,regular,43.0,mobile_app,2.0,186.26999999999998,93.13499999999999,19.650497449174154,2.0,2.0,26.0,46.0,147,0
1535,regular,18.0,mobile_app,8.0,372.39,46.54875,24.58220403782262,2.0,3.0,37.0,246.0,293,1
1536,loyal_vip,21.0,web,31.0,4399.55,141.9209677419355,95.23402579452504,3.0,5.0,27.0,300.0,336,0
1537,bargain_hunter,45.0,mobile_app,1.0,17.74,17.74,0.0,1.0,1.0,19.0,0.0,287,0
1538,bargain_hunter,55.0,mobile_app,13.0,344.45,26.496153846153845,11.486215316965477,3.0,5.0,18.0,300.0,338,0
1539,bargain_hunter,31.0,mobile_app,2.0,35.44,17.72,13.024906909456206,2.0,2.0,54.0,39.0,236,1
1540,one_off,22.0,web,0.0,0.0,0.0,0.0,0.0,0.0,318.0,0.0,318,1
1541,loyal_vip,51.0,mobile_app,8.0,680.76,85.095,53.23459535731575,3.0,4.0,5.0,129.0,151,0
1542,regular,51.0,in_store,2.0,99.42999999999999,49.714999999999996,37.00289785949203,2.0,2.0,2.0,13.0,43,1
1543,regular,31.0,web,28.0,1611.48,57.55285714285714,35.80746310137893,3.0,5.0,17.0,295.0,317,0
1544,one_off,69.0,mobile_app,1.0,36.32,36.32,0.0,1.0,1.0,124.0,0.0,133,1
1545,bargain_hunter,42.0,web,1.0,16.29,16.29,0.0,1.0,1.0,17.0,0.0,51,1
1546,bargain_hunter,19.0,web,5.0,108.5,21.7,4.906842161716637,2.0,3.0,7.0,55.0,115,0
1547,regular,67.0,mobile_app,3.0,252.42000000000002,84.14,101.95019715527775,2.0,3.0,34.0,22.0,63,0
1548,bargain_hunter,29.0,web,7.0,199.56,28.50857142857143,20.57872236767177,2.0,5.0,3.0,233.0,245,1
1549,regular,38.0,mobile_app,11.0,570.8,51.89090909090908,36.29949323462945,3.0,4.0,22.0,180.0,220,0
1550,regular,44.0,mobile_app,10.0,520.16,52.016,30.27379108513941,3.0,5.0,10.0,226.0,267,0
1551,bargain_hunter,49.0,mobile_app,2.0,51.23,25.615,21.67282284336768,1.0,2.0,54.0,6.0,78,1
1552,one_off,80.0,mobile_app,0.0,0.0,0.0,0.0,0.0,0.0,47.0,0.0,47,1
1553,bargain_hunter,18.0,web,3.0,53.47,17.823333333333334,22.50304497914301,1.0,3.0,35.0,88.0,129,1
1554,regular,42.0,mobile_app,26.0,1140.3,43.857692307692304,21.145716409276332,3.0,5.0,4.0,261.0,317,0
1555,bargain_hunter,20.0,mobile_app,0.0,0.0,0.0,0.0,0.0,0.0,99.0,0.0,99,1
1556,regular,64.0,web,6.0,338.83,56.471666666666664,37.99706168464433,2.0,4.0,10.0,136.0,241,0
1557,loyal_vip,23.0,mobile_app,13.0,1605.9,123.53076923076924,86.32489815241975,2.0,5.0,1.0,116.0,118,0
1558,bargain_hunter,53.0,mobile_app,2.0,89.30000000000001,44.650000000000006,9.517657274770933,2.0,2.0,27.0,2.0,89,1
1559,regular,32.0,web,4.0,117.00999999999999,29.252499999999998,25.0555587644738,2.0,3.0,57.0,135.0,236,1
1560,one_off,39.0,in_store,1.0,35.48,35.48,0.0,1.0,1.0,39.0,0.0,257,1
1561,bargain_hunter,74.0,web,1.0,10.73,10.73,0.0,1.0,1.0,8.0,0.0,56,0
1562,regular,27.0,mobile_app,15.0,673.9300000000001,44.92866666666667,35.554959241527285,3.0,5.0,2.0,241.0,257,0
1563,regular,63.0,mobile_app,2.0,87.09,43.545,43.395143161418424,1.0,2.0,1.0,3.0,5,0
1564,bargain_hunter,18.0,in_store,3.0,91.18,30.393333333333334,4.2683291032127935,3.0,2.0,4.0,161.0,186,1
1565,one_off,27.0,web,3.0,180.82,60.27333333333333,26.43390688743027,2.0,3.0,52.0,254.0,366,1
1566,regular,33.0,web,14.0,799.96,57.14,33.54023920835757,3.0,5.0,10.0,198.0,272,0
1567,bargain_hunter,36.0,mobile_app,5.0,177.67000000000002,35.534000000000006,21.94116633180652,3.0,3.0,46.0,121.0,204,0
1568,regular,35.0,in_store,0.0,0.0,0.0,0.0,0.0,0.0,46.0,0.0,46,1
1569,bargain_hunter,45.0,in_store,0.0,0.0,0.0,0.0,0.0,0.0,149.0,0.0,149,1
1570,regular,52.0,mobile_app,0.0,0.0,0.0,0.0,0.0,0.0,13.0,0.0,13,0
1571,bargain_hunter,41.0,mobile_app,6.0,177.71,29.618333333333336,10.337693005050337,2.0,3.0,4.0,206.0,215,1
1572,bargain_hunter,38.0,mobile_app,3.0,116.12,38.70666666666667,32.80295159483873,2.0,3.0,1.0,67.0,93,0
1573,regular,47.0,web,7.0,597.93,85.41857142857143,64.00844486695263,3.0,5.0,34.0,115.0,160,0
1574,bargain_hunter,31.0,mobile_app,6.0,192.42,32.07,16.75656408694814,2.0,3.0,8.0,273.0,338,0
1575,regular,49.0,web,1.0,52.7,52.7,0.0,1.0,1.0,1.0,0.0,3,0
1576,bargain_hunter,38.0,web,2.0,30.490000000000002,15.245000000000001,1.8738329701443506,2.0,1.0,7.0,130.0,152,0
1577,regular,30.0,web,0.0,0.0,0.0,0.0,0.0,0.0,5.0,0.0,5,1
1578,regular,67.0,web,17.0,979.72,57.63058823529412,39.26724278431519,3.0,5.0,3.0,313.0,321,0
1579,one_off,44.0,web,1.0,38.48,38.48,0.0,1.0,1.0,23.0,0.0,45,0
1580,bargain_hunter,41.0,web,6.0,127.6,21.266666666666666,12.530233304558484,2.0,3.0,30.0,162.0,240,1
1581,one_off,48.0,in_store,2.0,44.47,22.235,19.141380566719842,1.0,2.0,30.0,27.0,106,1
1582,regular,42.0,in_store,13.0,706.77,54.36692307692307,35.842473729877,3.0,5.0,8.0,227.0,280,0
1583,loyal_vip,54.0,mobile_app,6.0,514.85,85.80833333333334,62.65734862461599,3.0,4.0,6.0,43.0,57,1
1584,one_off,60.0,mobile_app,3.0,38.94,12.979999999999999,7.006232939319103,3.0,3.0,126.0,148.0,357,1
1585,one_off,50.0,mobile_app,2.0,126.25999999999999,63.129999999999995,22.429427099237284,1.0,1.0,80.0,86.0,236,1
1586,regular,55.0,web,22.0,1053.7,47.89545454545455,33.152158979795644,3.0,5.0,8.0,315.0,345,0
1587,bargain_hunter,41.0,mobile_app,2.0,128.46,64.23,24.932585104637667,2.0,2.0,89.0,75.0,260,1
1588,bargain_hunter,36.0,web,2.0,73.97999999999999,36.989999999999995,1.8809040379562165,2.0,1.0,51.0,90.0,233,1
1589,one_off,18.0,mobile_app,0.0,0.0,0.0,0.0,0.0,0.0,63.0,0.0,63,1
1590,bargain_hunter,55.0,web,3.0,69.15,23.05,12.415582950469947,2.0,2.0,99.0,93.0,265,1
1591,regular,26.0,mobile_app,4.0,479.69,119.9225,74.22474536837429,2.0,4.0,11.0,56.0,68,0
1592,loyal_vip,45.0,mobile_app,1.0,39.0,39.0,0.0,1.0,1.0,11.0,0.0,55,0
1593,bargain_hunter,57.0,mobile_app,1.0,18.43,18.43,0.0,1.0,1.0,15.0,0.0,77,0
1594,bargain_hunter,20.0,in_store,4.0,87.68,21.92,10.388695779548076,2.0,2.0,43.0,63.0,124,0
1595,loyal_vip,19.0,mobile_app,17.0,2211.46,130.08588235294118,82.73725770918018,3.0,5.0,3.0,163.0,169,0
1596,loyal_vip,36.0,in_store,25.0,3064.18,122.5672,120.40702050821898,3.0,5.0,2.0,126.0,130,0
1597,bargain_hunter,73.0,mobile_app,0.0,0.0,0.0,0.0,0.0,0.0,61.0,0.0,61,1
1598,loyal_vip,54.0,web,7.0,847.1300000000001,121.01857142857145,92.99157657705194,3.0,4.0,8.0,32.0,51,0
1599,regular,44.0,web,10.0,435.63,43.563,25.44387289265881,3.0,5.0,8.0,228.0,252,0
1600,regular,47.0,web,33.0,2346.79,71.11484848484848,50.52000365704239,3.0,5.0,28.0,303.0,345,0
1601,regular,,mobile_app,0.0,0.0,0.0,0.0,0.0,0.0,14.0,0.0,14,1
1602,regular,28.0,web,19.0,901.42,47.44315789473684,27.3685484640534,3.0,5.0,14.0,216.0,241,0
1603,bargain_hunter,44.0,mobile_app,0.0,0.0,0.0,0.0,0.0,0.0,25.0,0.0,25,1
1604,regular,56.0,mobile_app,3.0,178.79000000000002,59.59666666666667,26.822491184327635,2.0,2.0,14.0,38.0,55,0
1605,regular,51.0,web,3.0,223.89,74.63,12.323664227817954,2.0,3.0,10.0,44.0,62,0
1606,bargain_hunter,62.0,web,6.0,128.23,21.371666666666666,23.447080344185,2.0,4.0,19.0,121.0,165,1
1607,regular,57.0,web,7.0,511.40000000000003,73.05714285714286,50.871314678734784,2.0,4.0,48.0,91.0,160,1
1608,regular,61.0,mobile_app,21.0,1153.15,54.911904761904765,31.622095853856308,3.0,5.0,9.0,315.0,339,0
1609,regular,53.0,web,8.0,399.1,49.8875,50.64994196865946,3.0,3.0,1.0,98.0,159,0
1610,regular,22.0,web,0.0,0.0,0.0,0.0,0.0,0.0,24.0,0.0,24,0
1611,loyal_vip,52.0,mobile_app,6.0,1370.1200000000001,228.35333333333335,179.20415170041866,3.0,4.0,21.0,67.0,101,0
1612,bargain_hunter,36.0,web,2.0,11.63,5.815,5.055813485483815,2.0,1.0,25.0,9.0,80,0
1613,bargain_hunter,29.0,mobile_app,2.0,62.25,31.125,31.996581848691275,2.0,2.0,9.0,18.0,73,0
1614,regular,59.0,mobile_app,2.0,115.42,57.71,44.92956487659323,2.0,2.0,17.0,66.0,91,1
1615,regular,63.0,mobile_app,0.0,0.0,0.0,0.0,0.0,0.0,15.0,0.0,15,0
1616,one_off,,in_store,0.0,0.0,0.0,0.0,0.0,0.0,265.0,0.0,265,1
1617,loyal_vip,38.0,web,45.0,5296.09,117.69088888888889,86.93696111713837,3.0,5.0,6.0,257.0,264,0
1618,regular,20.0,mobile_app,16.0,804.18,50.26125,35.84168334495466,3.0,5.0,7.0,159.0,173,0
1619,bargain_hunter,44.0,web,4.0,64.11,16.0275,12.233163600094075,3.0,3.0,8.0,326.0,336,1
1620,loyal_vip,55.0,web,16.0,2078.66,129.91625,93.69154880955557,3.0,5.0,3.0,163.0,198,0
1621,bargain_hunter,49.0,web,4.0,108.04,27.01,21.732714203860194,1.0,4.0,67.0,172.0,257,1
1622,bargain_hunter,54.0,mobile_app,1.0,3.55,3.55,0.0,1.0,1.0,26.0,0.0,77,1
1623,loyal_vip,23.0,in_store,6.0,415.35,69.22500000000001,72.44583818274175,3.0,3.0,5.0,11.0,20,1
1624,bargain_hunter,27.0,mobile_app,4.0,97.22,24.305,26.687873026276687,3.0,2.0,95.0,170.0,285,1
1625,bargain_hunter,43.0,mobile_app,2.0,52.489999999999995,26.244999999999997,13.965358928434313,2.0,2.0,17.0,46.0,68,1
1626,bargain_hunter,27.0,mobile_app,2.0,43.94,21.97,18.483771260216354,2.0,2.0,129.0,4.0,158,1
1627,loyal_vip,29.0,web,32.0,4117.03,128.6571875,74.56250702011702,3.0,5.0,10.0,278.0,297,0
1628,one_off,18.0,web,2.0,87.73,43.865,42.30619871839114,2.0,2.0,120.0,79.0,251,1
1629,regular,24.0,web,2.0,98.75999999999999,49.379999999999995,9.517657274770928,1.0,2.0,9.0,2.0,23,0
1630,regular,49.0,mobile_app,12.0,605.86,50.48833333333334,32.71271613562067,3.0,4.0,10.0,170.0,189,1
1631,bargain_hunter,40.0,in_store,7.0,140.67,20.095714285714283,15.505780488947616,3.0,3.0,57.0,229.0,292,1
1632,loyal_vip,63.0,in_store,65.0,7750.75,119.24230769230769,71.57500833411649,3.0,5.0,8.0,327.0,337,0
1633,regular,59.0,mobile_app,0.0,0.0,0.0,0.0,0.0,0.0,22.0,0.0,22,0
1634,regular,43.0,web,12.0,701.9,58.49166666666667,26.41767309047395,3.0,5.0,16.0,170.0,186,0
1635,bargain_hunter,26.0,mobile_app,10.0,197.68,19.768,29.690072340018908,2.0,5.0,54.0,233.0,348,1
1636,regular,36.0,mobile_app,6.0,269.93,44.98833333333334,28.359385336545408,2.0,3.0,73.0,114.0,210,1
1637,one_off,53.0,in_store,0.0,0.0,0.0,0.0,0.0,0.0,70.0,0.0,70,0
1638,regular,53.0,mobile_app,16.0,981.4300000000001,61.339375000000004,41.777247949691464,3.0,5.0,12.0,264.0,290,0
1639,regular,39.0,in_store,6.0,407.69,67.94833333333334,77.25648540198206,2.0,2.0,111.0,141.0,299,1
1640,regular,22.0,in_store,24.0,846.13,35.25541666666667,22.801882069377456,3.0,5.0,65.0,253.0,327,1
1641,one_off,52.0,in_store,2.0,95.77,47.885,23.101178541364508,2.0,2.0,104.0,69.0,277,1
1642,bargain_hunter,47.0,in_store,1.0,70.33,70.33,0.0,1.0,1.0,214.0,0.0,350,1
1643,bargain_hunter,32.0,web,6.0,177.2,29.53333333333333,17.026634038078893,3.0,4.0,15.0,130.0,295,0
1644,bargain_hunter,32.0,web,2.0,10.94,5.47,2.8849956672411134,2.0,2.0,149.0,29.0,235,1
1645,one_off,22.0,web,4.0,107.33,26.8325,11.357248419695091,2.0,2.0,36.0,55.0,158,0
1646,bargain_hunter,26.0,in_store,4.0,120.65,30.1625,14.972043670343295,3.0,2.0,4.0,112.0,261,0
1647,bargain_hunter,23.0,web,0.0,0.0,0.0,0.0,0.0,0.0,5.0,0.0,5,0
1648,bargain_hunter,42.0,web,0.0,0.0,0.0,0.0,0.0,0.0,19.0,0.0,19,0
1649,regular,42.0,web,9.0,426.66999999999996,47.407777777777774,27.622723335045084,3.0,4.0,2.0,108.0,118,0
1650,loyal_vip,18.0,mobile_app,16.0,1518.42,94.90125,70.34606019529451,3.0,5.0,5.0,229.0,235,0
1651,bargain_hunter,40.0,web,1.0,26.45,26.45,0.0,1.0,1.0,52.0,0.0,288,1
1652,regular,23.0,web,8.0,489.41999999999996,61.177499999999995,57.55118783681681,3.0,4.0,4.0,162.0,175,0
1653,regular,24.0,mobile_app,26.0,1176.96,45.26769230769231,30.28479741490008,3.0,5.0,5.0,316.0,321,0
1654,loyal_vip,32.0,web,31.0,4512.9400000000005,145.57870967741937,84.48469197599984,3.0,5.0,13.0,306.0,336,0
1655,one_off,38.0,web,0.0,0.0,0.0,0.0,0.0,0.0,145.0,0.0,145,1
1656,regular,55.0,in_store,9.0,391.24,43.471111111111114,19.16509942867793,3.0,4.0,30.0,169.0,206,0
1657,bargain_hunter,46.0,mobile_app,7.0,162.72,23.245714285714286,22.217203437233692,2.0,3.0,12.0,208.0,231,0
1658,regular,38.0,web,0.0,0.0,0.0,0.0,0.0,0.0,38.0,0.0,38,1
1659,regular,44.0,in_store,11.0,539.66,49.059999999999995,27.823351703200675,3.0,4.0,1.0,104.0,131,0
1660,regular,47.0,mobile_app,7.0,386.65,55.23571428571428,33.307495081008845,2.0,4.0,6.0,108.0,136,0
1661,bargain_hunter,32.0,in_store,2.0,44.68,22.34,14.014856403117372,2.0,1.0,90.0,8.0,350,1
1662,bargain_hunter,39.0,web,5.0,89.09,17.818,13.280606913842457,3.0,4.0,11.0,106.0,218,0
1663,regular,63.0,mobile_app,14.0,771.18,55.08428571428571,34.754890904133795,3.0,5.0,3.0,281.0,334,1
1664,regular,47.0,mobile_app,6.0,180.52,30.08666666666667,17.19947402296555,2.0,4.0,13.0,103.0,120,0
1665,regular,52.0,web,23.0,1435.6200000000001,62.41826086956522,52.67377479717396,3.0,5.0,30.0,258.0,317,0
1666,one_off,33.0,in_store,1.0,126.64,126.64,0.0,1.0,1.0,4.0,0.0,122,1
1667,regular,38.0,in_store,11.0,534.88,48.625454545454545,25.486649981367258,3.0,5.0,2.0,146.0,171,0
1668,regular,25.0,web,10.0,520.17,52.016999999999996,41.19103814342791,3.0,4.0,18.0,160.0,183,0
1669,regular,28.0,in_store,4.0,170.05,42.5125,10.643922757454913,2.0,3.0,22.0,17.0,43,0
1670,loyal_vip,42.0,web,20.0,2802.5299999999997,140.1265,120.45898442710916,3.0,5.0,5.0,154.0,174,0
1671,regular,,in_store,7.0,399.93,57.13285714285714,22.617747982713134,2.0,3.0,4.0,115.0,122,0
1672,loyal_vip,30.0,web,60.0,7312.65,121.8775,81.29877457798092,3.0,5.0,1.0,262.0,275,0
1673,one_off,45.0,web,0.0,0.0,0.0,0.0,0.0,0.0,39.0,0.0,39,1
1674,regular,24.0,mobile_app,21.0,893.73,42.558571428571426,27.28490155483693,3.0,5.0,4.0,298.0,302,0
1675,bargain_hunter,18.0,web,10.0,178.47,17.847,15.422861854330986,3.0,5.0,16.0,266.0,303,0
1676,regular,18.0,web,1.0,43.45,43.45,0.0,1.0,1.0,1.0,0.0,8,0
1677,regular,51.0,in_store,19.0,981.31,51.647894736842105,44.75625363863783,3.0,5.0,8.0,294.0,349,0
1678,regular,25.0,mobile_app,20.0,1034.3799999999999,51.718999999999994,34.0765909618164,3.0,5.0,14.0,266.0,311,0
1679,loyal_vip,34.0,in_store,4.0,556.86,139.215,72.53509150749035,2.0,4.0,13.0,18.0,40,0
1680,loyal_vip,49.0,web,48.0,5783.72,120.49416666666667,85.06240552284736,3.0,5.0,4.0,345.0,354,0
1681,regular,57.0,mobile_app,8.0,409.45000000000005,51.181250000000006,28.794075996635144,3.0,3.0,6.0,201.0,236,0
1682,bargain_hunter,55.0,mobile_app,0.0,0.0,0.0,0.0,0.0,0.0,36.0,0.0,36,1
1683,regular,35.0,mobile_app,4.0,245.11,61.2775,28.33561525124638,2.0,4.0,23.0,15.0,42,0
1684,bargain_hunter,32.0,web,8.0,167.78,20.9725,22.305681371089552,3.0,4.0,6.0,180.0,211,0
1685,regular,57.0,web,8.0,660.7,82.5875,48.108819728967426,3.0,5.0,1.0,167.0,209,0
1686,regular,31.0,mobile_app,2.0,117.5,58.75,26.99733690570239,2.0,2.0,1.0,50.0,93,0
1687,bargain_hunter,52.0,in_store,2.0,32.65,16.325,6.385174234114524,2.0,2.0,2.0,2.0,34,0
1688,regular,41.0,web,17.0,1020.34,60.02,36.55136556956525,3.0,5.0,14.0,263.0,297,0
1689,regular,52.0,mobile_app,3.0,197.76999999999998,65.92333333333333,40.133349390915946,3.0,3.0,7.0,63.0,127,0
1690,regular,29.0,mobile_app,8.0,319.69,39.96125,30.119479428958073,3.0,4.0,23.0,156.0,181,1
1691,bargain_hunter,51.0,in_store,0.0,0.0,0.0,0.0,0.0,0.0,343.0,0.0,343,1
1692,loyal_vip,42.0,in_store,24.0,3809.1,158.7125,94.50271393618466,3.0,5.0,24.0,227.0,261,0
1693,bargain_hunter,39.0,in_store,12.0,316.29,26.3575,21.73948779399953,3.0,4.0,7.0,293.0,314,1
1694,bargain_hunter,51.0,mobile_app,9.0,235.15,26.12777777777778,17.44854992383162,3.0,5.0,55.0,165.0,264,1
1695,regular,36.0,web,9.0,288.69,32.07666666666667,26.60918356507768,2.0,4.0,35.0,265.0,307,1
1696,loyal_vip,42.0,web,7.0,1011.47,144.49571428571429,85.54374297343296,2.0,4.0,16.0,157.0,176,0
1697,loyal_vip,43.0,mobile_app,61.0,6931.25,113.62704918032787,70.79509159878863,3.0,5.0,5.0,307.0,319,0
1698,loyal_vip,51.0,web,22.0,2737.51,124.43227272727273,97.58294405673168,3.0,5.0,8.0,156.0,173,0
1699,regular,30.0,mobile_app,1.0,78.47,78.47,0.0,1.0,1.0,64.0,0.0,67,0
1700,bargain_hunter,42.0,in_store,1.0,2.75,2.75,0.0,1.0,1.0,32.0,0.0,127,1
1701,regular,33.0,web,0.0,0.0,0.0,0.0,0.0,0.0,110.0,0.0,110,0
1702,regular,30.0,web,8.0,630.15,78.76875,58.90628791018106,3.0,4.0,10.0,103.0,133,0
1703,regular,54.0,mobile_app,16.0,755.24,47.2025,38.71444717414934,3.0,5.0,6.0,291.0,303,1
1704,bargain_hunter,21.0,mobile_app,0.0,0.0,0.0,0.0,0.0,0.0,40.0,0.0,40,0
1705,bargain_hunter,43.0,web,3.0,92.30000000000001,30.76666666666667,12.014675748156224,2.0,2.0,277.0,16.0,327,1
1706,regular,62.0,in_store,13.0,626.05,48.1576923076923,33.43378110879428,3.0,5.0,20.0,165.0,235,1
1707,bargain_hunter,37.0,web,4.0,132.31,33.0775,12.403605322647122,3.0,3.0,36.0,234.0,296,0
1708,one_off,18.0,mobile_app,3.0,58.53,19.51,13.410618926805729,2.0,3.0,82.0,52.0,275,1
1709,regular,47.0,mobile_app,13.0,582.3,44.79230769230769,22.14930441114203,3.0,5.0,15.0,149.0,174,0
1710,bargain_hunter,70.0,web,0.0,0.0,0.0,0.0,0.0,0.0,27.0,0.0,27,1
1711,bargain_hunter,57.0,in_store,1.0,13.52,13.52,0.0,1.0,1.0,51.0,0.0,91,1
1712,loyal_vip,28.0,mobile_app,17.0,2210.12,130.0070588235294,71.49940557136698,3.0,5.0,2.0,127.0,132,0
1713,regular,47.0,in_store,2.0,219.78,109.89,59.09998477157165,2.0,2.0,2.0,12.0,84,0
1714,bargain_hunter,37.0,mobile_app,3.0,41.0,13.666666666666666,4.403547812086675,3.0,3.0,2.0,71.0,87,0
1715,regular,51.0,web,6.0,369.95,61.65833333333333,28.011577903907284,2.0,3.0,16.0,147.0,234,1
1716,regular,59.0,web,9.0,458.09999999999997,50.9,32.313924243273206,2.0,4.0,113.0,168.0,315,1
1717,regular,54.0,web,4.0,117.63,29.4075,18.11184764180618,3.0,3.0,51.0,63.0,132,0
1718,regular,37.0,mobile_app,14.0,978.61,69.90071428571429,39.54403999910163,3.0,5.0,16.0,139.0,163,0
1719,regular,32.0,mobile_app,6.0,307.91,51.318333333333335,60.42140197534866,3.0,3.0,16.0,119.0,149,0
1720,bargain_hunter,37.0,in_store,2.0,27.5,13.75,6.491240251292506,2.0,2.0,103.0,22.0,163,1
1721,bargain_hunter,51.0,web,4.0,87.41999999999999,21.854999999999997,24.250936064407902,2.0,3.0,40.0,213.0,362,0
1722,loyal_vip,29.0,web,19.0,1943.49,102.28894736842105,69.45306215909312,3.0,5.0,27.0,166.0,205,0
1723,bargain_hunter,42.0,web,5.0,210.7,42.14,28.4407366289975,2.0,3.0,31.0,158.0,261,1
1724,bargain_hunter,58.0,web,1.0,15.15,15.15,0.0,1.0,1.0,61.0,0.0,152,1
1725,one_off,34.0,web,4.0,197.85000000000002,49.462500000000006,24.133707236974598,2.0,4.0,19.0,318.0,350,1
1726,bargain_hunter,49.0,web,4.0,147.51999999999998,36.879999999999995,24.394519876398466,3.0,3.0,29.0,117.0,215,1
1727,regular,45.0,mobile_app,14.0,991.5600000000001,70.82571428571428,59.94414126941409,2.0,5.0,3.0,182.0,201,0
1728,one_off,36.0,mobile_app,3.0,172.68,57.56,53.25165912908254,2.0,2.0,21.0,65.0,243,1
1729,regular,29.0,mobile_app,4.0,118.36,29.59,9.33835460167725,2.0,3.0,56.0,148.0,281,0
1730,bargain_hunter,32.0,mobile_app,0.0,0.0,0.0,0.0,0.0,0.0,17.0,0.0,17,0
1731,bargain_hunter,26.0,web,3.0,101.03999999999999,33.68,7.624099946878971,2.0,2.0,54.0,21.0,93,1
1732,bargain_hunter,35.0,mobile_app,1.0,45.92,45.92,0.0,1.0,1.0,43.0,0.0,53,1
1733,bargain_hunter,19.0,web,3.0,69.79,23.263333333333335,23.575148638626505,2.0,3.0,38.0,50.0,104,1
1734,regular,50.0,mobile_app,3.0,201.71,67.23666666666666,51.83051353530402,2.0,3.0,14.0,8.0,27,1
1735,regular,40.0,mobile_app,1.0,18.97,18.97,0.0,1.0,1.0,28.0,0.0,40,1
1736,bargain_hunter,36.0,in_store,3.0,68.28999999999999,22.763333333333332,5.321995239882628,2.0,3.0,46.0,131.0,180,1
1737,regular,49.0,mobile_app,1.0,61.92,61.92,0.0,1.0,1.0,81.0,0.0,101,1
1738,regular,23.0,web,6.0,286.19,47.69833333333333,18.84641654709634,3.0,4.0,43.0,208.0,257,1
1739,regular,50.0,web,11.0,638.74,58.06727272727273,62.58925132814885,2.0,5.0,11.0,177.0,301,0
1740,one_off,30.0,mobile_app,1.0,24.88,24.88,0.0,1.0,1.0,127.0,0.0,214,1
1741,regular,25.0,mobile_app,3.0,155.57,51.85666666666666,19.607104154702018,1.0,2.0,128.0,38.0,166,1
1742,bargain_hunter,45.0,mobile_app,3.0,67.7,22.566666666666666,15.663158472458017,2.0,2.0,16.0,153.0,337,1
1743,bargain_hunter,19.0,mobile_app,1.0,26.69,26.69,0.0,1.0,1.0,95.0,0.0,154,1
1744,loyal_vip,63.0,mobile_app,17.0,2182.48,128.38117647058823,82.87004169800696,3.0,4.0,11.0,297.0,316,0
1745,one_off,,mobile_app,2.0,56.82,28.41,22.698127676088177,1.0,2.0,7.0,136.0,154,1
1746,bargain_hunter,34.0,web,12.0,310.45,25.870833333333334,18.14752798509199,2.0,5.0,11.0,211.0,239,0
1747,bargain_hunter,45.0,mobile_app,1.0,26.59,26.59,0.0,1.0,1.0,23.0,0.0,99,1
1748,loyal_vip,33.0,web,3.0,198.88,66.29333333333334,32.34447454099901,2.0,3.0,10.0,12.0,23,0
1749,regular,46.0,web,17.0,1060.2,62.36470588235294,37.63964982529179,3.0,5.0,9.0,192.0,255,0
1750,regular,62.0,web,15.0,910.57,60.70466666666667,43.56965029314174,3.0,5.0,67.0,261.0,346,0
1751,bargain_hunter,36.0,mobile_app,9.0,225.94,25.104444444444443,14.697260043211381,2.0,4.0,131.0,147.0,278,1
1752,regular,46.0,web,17.0,1099.54,64.67882352941176,49.42553425133017,3.0,5.0,2.0,235.0,267,0
1753,one_off,58.0,web,1.0,40.91,40.91,0.0,1.0,1.0,41.0,0.0,95,1
1754,regular,60.0,web,6.0,391.96,65.32666666666667,47.73778657066817,2.0,4.0,10.0,44.0,65,0
1755,loyal_vip,36.0,web,10.0,809.91,80.991,55.34525222034256,3.0,5.0,20.0,63.0,90,0
1756,bargain_hunter,,in_store,7.0,172.34,24.62,13.898685789191244,2.0,4.0,33.0,211.0,257,1
1757,regular,37.0,mobile_app,5.0,264.65,52.92999999999999,32.39820211061101,2.0,4.0,51.0,77.0,129,1
1758,bargain_hunter,41.0,mobile_app,0.0,0.0,0.0,0.0,0.0,0.0,65.0,0.0,65,1
1759,one_off,28.0,mobile_app,0.0,0.0,0.0,0.0,0.0,0.0,313.0,0.0,313,1
1760,regular,51.0,mobile_app,5.0,181.86,36.372,34.397511101822474,3.0,4.0,7.0,147.0,351,1
1761,bargain_hunter,54.0,web,3.0,34.93,11.643333333333333,7.731140493700353,3.0,2.0,34.0,280.0,341,0
1762,bargain_hunter,23.0,web,0.0,0.0,0.0,0.0,0.0,0.0,39.0,0.0,39,1
1763,bargain_hunter,73.0,mobile_app,6.0,111.93,18.655,14.5458072996998,2.0,3.0,84.0,172.0,284,1
1764,regular,18.0,web,5.0,190.44,38.088,35.46544966583675,3.0,4.0,18.0,66.0,133,0
1765,bargain_hunter,21.0,web,2.0,77.37,38.685,4.3487067042972685,2.0,2.0,7.0,21.0,109,0
1766,regular,53.0,mobile_app,6.0,282.78000000000003,47.13,27.931309314101263,3.0,3.0,30.0,156.0,193,0
1767,bargain_hunter,42.0,web,2.0,25.36,12.68,6.448813844421312,2.0,2.0,96.0,37.0,134,1
1768,regular,20.0,in_store,0.0,0.0,0.0,0.0,0.0,0.0,140.0,0.0,140,1
1769,regular,20.0,mobile_app,3.0,189.29000000000002,63.09666666666667,18.590433919985124,2.0,3.0,13.0,30.0,75,0
1770,bargain_hunter,42.0,web,0.0,0.0,0.0,0.0,0.0,0.0,152.0,0.0,152,1
1771,bargain_hunter,20.0,mobile_app,8.0,156.18,19.5225,16.731461169220783,3.0,5.0,105.0,182.0,348,1
1772,regular,52.0,in_store,10.0,407.1,40.71,29.77938287548022,3.0,4.0,5.0,222.0,241,1
1773,regular,44.0,mobile_app,31.0,1583.19,51.07064516129032,34.388016414199086,3.0,5.0,1.0,357.0,360,0
1774,one_off,55.0,in_store,3.0,171.07,57.02333333333333,36.334956079969785,2.0,3.0,176.0,35.0,351,1
1775,loyal_vip,18.0,mobile_app,46.0,5506.91,119.7154347826087,82.73637407000145,3.0,5.0,1.0,318.0,322,0
1776,bargain_hunter,32.0,web,1.0,13.53,13.53,0.0,1.0,1.0,46.0,0.0,107,0
1777,regular,30.0,mobile_app,6.0,498.89,83.14833333333333,45.45745105773823,3.0,3.0,36.0,63.0,124,1
1778,regular,45.0,mobile_app,24.0,1034.06,43.08583333333333,40.33390255018147,3.0,5.0,30.0,308.0,349,0
1779,loyal_vip,40.0,mobile_app,40.0,5050.93,126.27325,83.63795060541811,3.0,5.0,4.0,174.0,180,0
1780,regular,28.0,in_store,24.0,1285.22,53.55083333333334,32.26712082339985,3.0,5.0,17.0,222.0,265,0
1781,bargain_hunter,21.0,web,4.0,56.75,14.1875,5.219734188634513,2.0,4.0,31.0,110.0,244,1
1782,regular,23.0,mobile_app,15.0,650.4200000000001,43.36133333333334,23.794441687883648,3.0,5.0,27.0,128.0,177,0
1783,loyal_vip,48.0,web,0.0,0.0,0.0,0.0,0.0,0.0,4.0,0.0,4,0
1784,one_off,20.0,web,2.0,78.75999999999999,39.379999999999995,39.993959543911124,1.0,2.0,89.0,60.0,240,1
1785,loyal_vip,34.0,mobile_app,27.0,3235.0,119.81481481481481,90.9496609868241,3.0,5.0,2.0,225.0,254,0
1786,loyal_vip,53.0,web,14.0,1783.7,127.40714285714286,95.34825934666851,3.0,4.0,5.0,92.0,98,0
1787,regular,48.0,web,0.0,0.0,0.0,0.0,0.0,0.0,15.0,0.0,15,0
1788,loyal_vip,63.0,mobile_app,18.0,1968.19,109.3438888888889,89.0419598470221,3.0,5.0,40.0,238.0,284,0
1789,bargain_hunter,50.0,mobile_app,1.0,32.62,32.62,0.0,1.0,1.0,131.0,0.0,346,1
1790,regular,27.0,mobile_app,12.0,829.23,69.1025,47.81223809197428,3.0,5.0,5.0,183.0,207,0
1791,regular,33.0,mobile_app,2.0,46.25,23.125,7.68625071149777,2.0,2.0,79.0,11.0,91,1
1792,loyal_vip,18.0,mobile_app,8.0,717.94,89.7425,62.13222622531954,3.0,4.0,16.0,62.0,90,0
1793,loyal_vip,66.0,web,8.0,931.38,116.4225,76.31261134308012,2.0,4.0,5.0,44.0,59,0
1794,regular,48.0,web,0.0,0.0,0.0,0.0,0.0,0.0,8.0,0.0,8,0
1795,loyal_vip,47.0,web,15.0,2366.29,157.75266666666667,88.8818116109145,3.0,5.0,10.0,218.0,270,0
1796,one_off,39.0,web,0.0,0.0,0.0,0.0,0.0,0.0,76.0,0.0,76,1
1797,bargain_hunter,18.0,web,5.0,154.06,30.812,9.215897677383358,2.0,3.0,86.0,138.0,230,1
1798,bargain_hunter,18.0,mobile_app,4.0,88.69,22.1725,9.941416314254894,2.0,2.0,48.0,239.0,328,1
1799,regular,34.0,mobile_app,1.0,37.73,37.73,0.0,1.0,1.0,23.0,0.0,38,0
1800,regular,32.0,mobile_app,17.0,851.17,50.06882352941176,26.615637293317096,3.0,5.0,1.0,181.0,191,0
1801,bargain_hunter,34.0,web,6.0,142.5,23.75,11.742337075727304,3.0,5.0,7.0,114.0,132,0
1802,bargain_hunter,19.0,web,5.0,112.95,22.59,11.84213029821915,2.0,2.0,3.0,151.0,168,0
1803,regular,38.0,web,10.0,623.34,62.334,50.196190028062226,3.0,5.0,4.0,124.0,141,0
1804,bargain_hunter,22.0,mobile_app,1.0,42.88,42.88,0.0,1.0,1.0,88.0,0.0,103,1
1805,regular,49.0,mobile_app,17.0,1002.02,58.942352941176466,47.69068430120968,3.0,5.0,35.0,199.0,260,1
1806,regular,55.0,web,12.0,679.74,56.645,39.009565144042206,2.0,5.0,23.0,168.0,195,0
1807,one_off,18.0,web,0.0,0.0,0.0,0.0,0.0,0.0,10.0,0.0,10,0
1808,loyal_vip,20.0,web,10.0,1352.54,135.254,131.87154854461807,3.0,4.0,6.0,39.0,46,0
1809,bargain_hunter,50.0,mobile_app,2.0,72.21000000000001,36.105000000000004,13.314820689742689,2.0,1.0,30.0,26.0,96,0
1810,bargain_hunter,51.0,mobile_app,10.0,253.51,25.351,27.6157987994795,3.0,4.0,12.0,233.0,300,1
1811,regular,39.0,web,9.0,345.28000000000003,38.364444444444445,19.14210875995061,3.0,5.0,30.0,187.0,233,0
1812,regular,18.0,mobile_app,13.0,797.89,61.37615384615385,41.290897814260376,3.0,5.0,5.0,222.0,228,0
1813,regular,52.0,in_store,6.0,508.32,84.72,71.48816685298343,3.0,5.0,7.0,62.0,107,0
1814,one_off,33.0,mobile_app,0.0,0.0,0.0,0.0,0.0,0.0,35.0,0.0,35,1
1815,bargain_hunter,18.0,mobile_app,0.0,0.0,0.0,0.0,0.0,0.0,20.0,0.0,20,0
1816,bargain_hunter,40.0,mobile_app,2.0,11.580000000000002,5.790000000000001,3.662813126546317,2.0,2.0,27.0,38.0,85,0
1817,regular,24.0,web,3.0,157.48000000000002,52.49333333333334,45.88557761795457,2.0,3.0,28.0,21.0,58,1
1818,loyal_vip,53.0,mobile_app,0.0,0.0,0.0,0.0,0.0,0.0,4.0,0.0,4,1
1819,loyal_vip,22.0,mobile_app,8.0,539.27,67.40875,31.09185122343152,3.0,5.0,5.0,41.0,52,0
1820,loyal_vip,46.0,web,8.0,1118.78,139.8475,52.23423200217596,3.0,5.0,9.0,77.0,90,0
1821,regular,29.0,mobile_app,5.0,328.71,65.74199999999999,65.25436629069353,3.0,3.0,21.0,27.0,51,0
1822,loyal_vip,39.0,mobile_app,9.0,1009.38,112.15333333333334,70.63210813787167,3.0,4.0,4.0,128.0,132,0
1823,regular,51.0,mobile_app,15.0,889.02,59.268,35.99190349429795,3.0,5.0,4.0,314.0,331,0
1824,regular,42.0,web,12.0,475.6,39.63333333333333,36.24027250884231,3.0,5.0,3.0,179.0,188,0
1825,regular,28.0,web,5.0,206.64000000000001,41.328,36.61730287719182,3.0,3.0,36.0,41.0,102,0
1826,regular,27.0,in_store,10.0,518.61,51.861000000000004,29.460638693385828,3.0,5.0,24.0,260.0,284,0
1827,loyal_vip,30.0,web,16.0,2149.65,134.353125,88.11367572393819,3.0,5.0,1.0,135.0,149,0
1828,regular,22.0,mobile_app,6.0,478.87,79.81166666666667,48.17790423697015,2.0,3.0,2.0,244.0,297,0
1829,regular,34.0,mobile_app,14.0,963.65,68.83214285714286,41.2328411264933,3.0,5.0,16.0,127.0,146,0
1830,regular,35.0,web,1.0,48.8,48.8,0.0,1.0,1.0,34.0,0.0,55,0
1831,regular,44.0,web,4.0,211.76,52.94,35.683426591813365,3.0,4.0,1.0,55.0,61,0
1832,loyal_vip,26.0,mobile_app,19.0,2133.39,112.2836842105263,101.66786098809563,3.0,5.0,10.0,124.0,138,0
1833,regular,33.0,web,6.0,269.67,44.945,26.468790489933614,3.0,3.0,20.0,203.0,250,0
1834,bargain_hunter,44.0,in_store,3.0,66.53,22.176666666666666,2.758338872099174,2.0,3.0,2.0,17.0,46,0
1835,loyal_vip,19.0,web,9.0,1084.4099999999999,120.48999999999998,85.77106228210071,2.0,5.0,7.0,120.0,130,0
1836,one_off,27.0,web,1.0,49.13,49.13,0.0,1.0,1.0,142.0,0.0,242,1
1837,bargain_hunter,64.0,mobile_app,10.0,319.76,31.976,19.24149693876348,2.0,4.0,13.0,225.0,239,0
1838,regular,18.0,web,19.0,1042.04,54.844210526315784,33.248781651160535,3.0,5.0,24.0,216.0,244,0
1839,bargain_hunter,51.0,in_store,2.0,23.41,11.705,2.453660530717319,2.0,2.0,23.0,18.0,104,0
1840,one_off,29.0,web,3.0,104.13,34.71,18.876337038737148,1.0,3.0,51.0,12.0,84,1
1841,regular,37.0,mobile_app,16.0,993.72,62.1075,38.63778953304653,3.0,5.0,9.0,316.0,330,0
1842,regular,56.0,web,5.0,210.14000000000001,42.028000000000006,28.522509006046437,3.0,3.0,10.0,74.0,93,0
1843,regular,38.0,mobile_app,8.0,528.73,66.09125,53.732377426730075,3.0,4.0,1.0,243.0,247,0
1844,loyal_vip,38.0,mobile_app,20.0,2171.0,108.55,63.31095847606397,3.0,5.0,26.0,283.0,334,0
1845,regular,40.0,web,3.0,214.73,71.57666666666667,66.91240119240479,2.0,3.0,1.0,39.0,90,0
1846,regular,41.0,web,3.0,149.01999999999998,49.673333333333325,35.06544215225773,2.0,2.0,31.0,78.0,119,0
1847,loyal_vip,18.0,mobile_app,15.0,1202.55,80.17,65.74217139705685,3.0,5.0,1.0,69.0,71,0
1848,regular,35.0,mobile_app,25.0,1221.86,48.874399999999994,38.949086754377184,3.0,5.0,7.0,289.0,297,0
1849,loyal_vip,59.0,web,11.0,1343.82,122.16545454545454,109.66164875321147,3.0,5.0,6.0,93.0,114,0
1850,regular,35.0,mobile_app,5.0,501.26,100.252,74.24849607904527,2.0,3.0,60.0,35.0,117,0
1851,regular,36.0,mobile_app,9.0,300.49,33.38777777777778,14.749167584797606,3.0,5.0,25.0,266.0,313,0
1852,loyal_vip,58.0,web,38.0,3688.98,97.07842105263158,86.33200917533632,3.0,5.0,2.0,264.0,266,0
1853,bargain_hunter,65.0,web,1.0,15.19,15.19,0.0,1.0,1.0,1.0,0.0,29,0
1854,bargain_hunter,27.0,mobile_app,6.0,126.85,21.141666666666666,10.100541404631075,3.0,4.0,27.0,84.0,120,1
1855,loyal_vip,54.0,in_store,5.0,583.93,116.78599999999999,79.27947388826442,3.0,3.0,6.0,23.0,47,1
1856,loyal_vip,46.0,in_store,1.0,131.29,131.29,0.0,1.0,1.0,1.0,0.0,1,0
1857,regular,49.0,web,1.0,12.22,12.22,0.0,1.0,1.0,37.0,0.0,48,1
1858,regular,55.0,mobile_app,4.0,212.31,53.0775,32.03334031390836,2.0,3.0,6.0,145.0,200,0
1859,bargain_hunter,29.0,web,2.0,42.6,21.3,22.839549032325486,1.0,1.0,61.0,24.0,137,1
1860,regular,38.0,web,1.0,51.62,51.62,0.0,1.0,1.0,2.0,0.0,12,0
1861,regular,36.0,web,17.0,985.0,57.94117647058823,39.71362579177846,3.0,5.0,1.0,211.0,212,0
1862,regular,46.0,web,3.0,305.81,101.93666666666667,63.725034588718216,2.0,2.0,7.0,3.0,17,0
1863,regular,40.0,mobile_app,14.0,1025.91,73.27928571428572,45.23225320741583,3.0,5.0,13.0,158.0,172,0
1864,regular,35.0,web,7.0,297.45,42.49285714285714,50.2504008986614,3.0,4.0,85.0,111.0,197,1
1865,bargain_hunter,38.0,mobile_app,2.0,46.239999999999995,23.119999999999997,9.305525240414967,1.0,2.0,41.0,15.0,62,1
1866,regular,53.0,web,14.0,897.64,64.11714285714285,47.260618087134894,3.0,4.0,5.0,168.0,178,0
1867,bargain_hunter,48.0,mobile_app,0.0,0.0,0.0,0.0,0.0,0.0,73.0,0.0,73,1
1868,loyal_vip,27.0,mobile_app,15.0,2365.5299999999997,157.70199999999997,135.36819183249804,3.0,5.0,3.0,107.0,140,1
1869,bargain_hunter,30.0,mobile_app,11.0,268.39,24.39909090909091,19.5501618686626,3.0,5.0,27.0,303.0,346,1
1870,one_off,64.0,in_store,0.0,0.0,0.0,0.0,0.0,0.0,75.0,0.0,75,1
1871,bargain_hunter,67.0,mobile_app,5.0,133.69,26.738,17.049582692840314,3.0,3.0,38.0,268.0,344,1
1872,bargain_hunter,30.0,web,2.0,98.19,49.095,13.979501064058041,2.0,2.0,58.0,109.0,219,0
1873,regular,19.0,in_store,21.0,1172.24,55.820952380952384,34.5787182967735,3.0,5.0,39.0,260.0,328,0
1874,loyal_vip,18.0,web,1.0,14.41,14.41,0.0,1.0,1.0,2.0,0.0,38,0
1875,bargain_hunter,38.0,web,3.0,99.89,33.29666666666667,21.42911415185736,2.0,3.0,35.0,32.0,93,0
1876,bargain_hunter,29.0,mobile_app,0.0,0.0,0.0,0.0,0.0,0.0,23.0,0.0,23,0
1877,bargain_hunter,34.0,web,1.0,47.08,47.08,0.0,1.0,1.0,6.0,0.0,18,1
1878,one_off,53.0,mobile_app,1.0,31.9,31.9,0.0,1.0,1.0,48.0,0.0,310,1
1879,bargain_hunter,21.0,mobile_app,5.0,75.4,15.080000000000002,16.0883156358893,3.0,3.0,52.0,64.0,158,1
1880,regular,21.0,mobile_app,17.0,949.73,55.866470588235295,28.246854457880897,3.0,5.0,9.0,316.0,325,0
1881,bargain_hunter,49.0,mobile_app,3.0,42.55,14.183333333333332,7.9593613646657175,3.0,2.0,49.0,39.0,108,0
1882,bargain_hunter,48.0,web,7.0,162.55,23.22142857142857,15.982915283276107,3.0,4.0,19.0,268.0,310,1
1883,one_off,68.0,web,0.0,0.0,0.0,0.0,0.0,0.0,13.0,0.0,13,1
1884,regular,32.0,web,14.0,584.61,41.75785714285714,26.770728037734234,3.0,5.0,11.0,162.0,181,0
1885,regular,18.0,mobile_app,25.0,1015.36,40.6144,27.4685471767256,3.0,5.0,1.0,264.0,272,0
1886,regular,31.0,in_store,13.0,666.12,51.24,29.544710468486006,3.0,4.0,19.0,218.0,238,0
1887,bargain_hunter,18.0,mobile_app,4.0,58.589999999999996,14.647499999999999,6.671573402628998,3.0,3.0,1.0,81.0,88,1
1888,bargain_hunter,57.0,mobile_app,15.0,450.29,30.019333333333336,26.50171381699861,3.0,5.0,15.0,260.0,281,1
1889,regular,45.0,web,12.0,939.8,78.31666666666666,41.73513722018748,3.0,5.0,19.0,227.0,264,0
1890,one_off,35.0,in_store,0.0,0.0,0.0,0.0,0.0,0.0,194.0,0.0,194,1
1891,regular,62.0,web,10.0,668.6500000000001,66.86500000000001,51.67574441758059,3.0,5.0,14.0,302.0,353,0
1892,regular,43.0,mobile_app,3.0,186.53,62.17666666666667,52.16906778286664,1.0,3.0,3.0,40.0,48,1
1893,regular,29.0,web,2.0,230.66,115.33,14.962379489907343,2.0,2.0,30.0,33.0,75,0
1894,regular,25.0,web,12.0,657.9,54.824999999999996,22.490603896657902,3.0,5.0,8.0,170.0,185,0
1895,regular,21.0,web,15.0,829.99,55.33266666666667,34.69355651716214,3.0,5.0,2.0,174.0,181,0
1896,regular,50.0,mobile_app,12.0,747.63,62.3025,51.163111022937755,3.0,4.0,37.0,296.0,334,0
1897,loyal_vip,21.0,web,24.0,2968.84,123.70166666666667,67.73662349363778,3.0,5.0,36.0,292.0,348,0
1898,regular,50.0,web,3.0,266.42999999999995,88.80999999999999,85.93542459312108,2.0,2.0,79.0,34.0,139,1
1899,loyal_vip,51.0,mobile_app,5.0,504.9,100.97999999999999,65.38529651228937,3.0,3.0,7.0,14.0,27,0
1900,one_off,46.0,mobile_app,0.0,0.0,0.0,0.0,0.0,0.0,281.0,0.0,281,1
1901,bargain_hunter,46.0,mobile_app,3.0,29.13,9.709999999999999,2.1540427108114635,3.0,3.0,34.0,208.0,319,0
1902,bargain_hunter,40.0,mobile_app,4.0,99.8,24.95,18.112095406109145,2.0,3.0,90.0,150.0,253,1
1903,loyal_vip,33.0,mobile_app,28.0,2725.87,97.35249999999999,74.90146686122351,3.0,5.0,10.0,221.0,237,0
1904,one_off,33.0,web,0.0,0.0,0.0,0.0,0.0,0.0,322.0,0.0,322,1
1905,regular,39.0,web,21.0,1482.97,70.61761904761904,39.87952255290451,3.0,5.0,1.0,200.0,211,0
1906,regular,42.0,web,9.0,570.71,63.412222222222226,41.37906408371804,3.0,4.0,52.0,246.0,304,0
1907,bargain_hunter,59.0,mobile_app,3.0,65.0,21.666666666666668,26.397561124720088,2.0,3.0,10.0,75.0,126,1
1908,one_off,,in_store,0.0,0.0,0.0,0.0,0.0,0.0,61.0,0.0,61,1
1909,regular,28.0,mobile_app,18.0,888.74,49.37444444444444,32.78795281308675,3.0,5.0,1.0,270.0,304,0
1910,regular,59.0,in_store,11.0,583.69,53.06272727272728,26.459609252938375,3.0,5.0,1.0,305.0,331,1
1911,one_off,25.0,web,0.0,0.0,0.0,0.0,0.0,0.0,35.0,0.0,35,1
1912,regular,47.0,web,4.0,158.63,39.6575,16.344498309828907,2.0,3.0,20.0,96.0,118,1
1913,bargain_hunter,43.0,web,0.0,0.0,0.0,0.0,0.0,0.0,13.0,0.0,13,1
1914,regular,60.0,in_store,17.0,1095.9,64.46470588235294,35.39713638093607,3.0,5.0,23.0,242.0,266,0
1915,bargain_hunter,18.0,in_store,8.0,148.03,18.50375,13.73715913394864,3.0,5.0,28.0,241.0,310,1
1916,regular,71.0,web,3.0,188.38,62.79333333333333,32.6705223914974,3.0,3.0,9.0,22.0,251,0
1917,regular,51.0,mobile_app,0.0,0.0,0.0,0.0,0.0,0.0,10.0,0.0,10,0
1918,one_off,55.0,in_store,2.0,83.61,41.805,23.977990950035824,2.0,2.0,115.0,5.0,145,1
1919,regular,67.0,web,11.0,431.5,39.22727272727273,30.80515511758027,3.0,5.0,19.0,200.0,237,0
1920,regular,22.0,web,3.0,114.57,38.19,21.991659782744915,2.0,3.0,42.0,22.0,84,0
1921,bargain_hunter,47.0,web,4.0,78.67,19.6675,8.80676397246268,2.0,3.0,33.0,53.0,109,1
1922,bargain_hunter,33.0,web,0.0,0.0,0.0,0.0,0.0,0.0,5.0,0.0,5,1
1923,one_off,33.0,mobile_app,2.0,86.71000000000001,43.355000000000004,7.771103525240156,2.0,2.0,37.0,66.0,115,1
1924,one_off,54.0,web,0.0,0.0,0.0,0.0,0.0,0.0,26.0,0.0,26,0
1925,loyal_vip,39.0,mobile_app,32.0,4517.36,141.1675,84.10760254847128,3.0,5.0,11.0,239.0,256,0
1926,regular,50.0,web,13.0,697.1800000000001,53.62923076923077,39.9242514982098,3.0,4.0,5.0,196.0,213,0
1927,one_off,18.0,web,0.0,0.0,0.0,0.0,0.0,0.0,10.0,0.0,10,1
1928,bargain_hunter,58.0,mobile_app,3.0,122.97,40.99,20.32171990752751,2.0,3.0,91.0,82.0,234,1
1929,one_off,18.0,web,0.0,0.0,0.0,0.0,0.0,0.0,307.0,0.0,307,1
1930,regular,40.0,web,2.0,134.60999999999999,67.30499999999999,33.69363812353899,1.0,2.0,13.0,1.0,38,0
1931,bargain_hunter,40.0,web,3.0,57.11,19.036666666666665,5.311650716428307,3.0,3.0,22.0,223.0,289,1
1932,regular,44.0,mobile_app,10.0,475.86,47.586,21.299628687426036,3.0,5.0,10.0,265.0,278,0
1933,loyal_vip,46.0,web,15.0,1246.96,83.13066666666667,56.0460997071246,3.0,5.0,34.0,250.0,315,0
1934,bargain_hunter,35.0,mobile_app,9.0,256.85,28.53888888888889,13.40421616921747,3.0,4.0,71.0,214.0,289,1
1935,regular,63.0,web,0.0,0.0,0.0,0.0,0.0,0.0,12.0,0.0,12,0
1936,one_off,41.0,web,1.0,8.78,8.78,0.0,1.0,1.0,26.0,0.0,144,1
1937,bargain_hunter,41.0,web,2.0,24.5,12.25,12.303657992645926,2.0,2.0,6.0,26.0,262,1
1938,regular,51.0,web,7.0,414.27,59.18142857142857,56.50870742005796,2.0,4.0,76.0,202.0,327,1
1939,regular,47.0,in_store,3.0,186.8,62.26666666666667,17.05172816266238,2.0,3.0,26.0,102.0,154,0
1940,regular,32.0,web,5.0,180.07,36.013999999999996,15.504171374181853,2.0,3.0,6.0,76.0,88,1
1941,regular,28.0,in_store,1.0,49.74,49.74,0.0,1.0,1.0,24.0,0.0,26,1
1942,loyal_vip,26.0,mobile_app,29.0,3603.27,124.25068965517241,107.12454487087965,3.0,5.0,15.0,306.0,350,0
1943,loyal_vip,47.0,in_store,0.0,0.0,0.0,0.0,0.0,0.0,15.0,0.0,15,1
1944,one_off,25.0,web,1.0,10.07,10.07,0.0,1.0,1.0,173.0,0.0,342,1
1945,bargain_hunter,18.0,mobile_app,2.0,27.490000000000002,13.745000000000001,3.203193718775061,1.0,2.0,6.0,119.0,185,0
1946,bargain_hunter,30.0,mobile_app,4.0,83.85,20.9625,9.013639202157288,2.0,3.0,161.0,46.0,257,1
1947,one_off,29.0,mobile_app,0.0,0.0,0.0,0.0,0.0,0.0,142.0,0.0,142,1
1948,bargain_hunter,39.0,in_store,2.0,85.64,42.82,22.45771137048475,2.0,1.0,19.0,8.0,42,0
1949,one_off,35.0,mobile_app,0.0,0.0,0.0,0.0,0.0,0.0,132.0,0.0,132,1
1950,regular,38.0,in_store,6.0,310.69,51.781666666666666,19.871351656761217,2.0,4.0,15.0,41.0,56,0
1951,regular,34.0,mobile_app,20.0,877.14,43.857,23.573164738521506,3.0,5.0,16.0,318.0,346,0
1952,bargain_hunter,34.0,web,3.0,68.47,22.823333333333334,11.010151376494935,2.0,3.0,131.0,131.0,273,1
1953,regular,32.0,mobile_app,15.0,951.09,63.406,41.07081772465005,3.0,5.0,4.0,174.0,201,0
1954,loyal_vip,36.0,web,33.0,5051.69,153.08151515151513,95.28716489909633,3.0,5.0,2.0,314.0,319,0
1955,regular,53.0,web,14.0,802.5,57.32142857142857,36.062239969923546,3.0,5.0,2.0,192.0,211,0
1956,loyal_vip,47.0,mobile_app,97.0,12464.56,128.50061855670103,79.0169171999267,3.0,5.0,2.0,287.0,292,0
1957,regular,32.0,web,28.0,1763.77,62.99178571428571,51.324063163939826,3.0,4.0,15.0,333.0,357,0
1958,bargain_hunter,36.0,web,3.0,48.18,16.06,4.118203491815332,3.0,3.0,27.0,33.0,96,1
1959,bargain_hunter,53.0,mobile_app,2.0,86.75999999999999,43.379999999999995,7.82060099992321,2.0,2.0,41.0,64.0,148,0
1960,bargain_hunter,47.0,in_store,3.0,44.730000000000004,14.910000000000002,5.405561950435866,2.0,2.0,96.0,34.0,271,1
1961,regular,38.0,in_store,13.0,738.1800000000001,56.783076923076926,31.91002569324553,3.0,5.0,10.0,244.0,280,0
1962,regular,37.0,mobile_app,26.0,1465.32,56.35846153846153,39.50779221290986,3.0,5.0,4.0,232.0,237,0
1963,bargain_hunter,,in_store,1.0,23.29,23.29,0.0,1.0,1.0,7.0,0.0,86,1
1964,regular,34.0,web,5.0,289.38,57.876,35.079692558515966,2.0,4.0,7.0,62.0,79,0
1965,regular,39.0,mobile_app,3.0,191.71,63.903333333333336,35.40604797676992,2.0,2.0,15.0,33.0,51,0
1966,loyal_vip,50.0,mobile_app,21.0,2389.18,113.77047619047619,72.40742879540679,3.0,5.0,11.0,164.0,196,0
1967,loyal_vip,35.0,web,7.0,953.3399999999999,136.19142857142856,52.37800760770098,2.0,5.0,5.0,105.0,149,0
1968,bargain_hunter,44.0,mobile_app,0.0,0.0,0.0,0.0,0.0,0.0,124.0,0.0,124,1
1969,one_off,25.0,in_store,0.0,0.0,0.0,0.0,0.0,0.0,32.0,0.0,32,1
1970,bargain_hunter,46.0,in_store,14.0,358.63,25.61642857142857,14.888860888981016,3.0,5.0,3.0,311.0,316,0
1971,regular,50.0,in_store,20.0,1056.46,52.823,35.10311083830485,3.0,5.0,7.0,270.0,298,0
1972,regular,73.0,web,25.0,1596.09,63.843599999999995,33.386273112363604,3.0,5.0,5.0,288.0,293,0
1973,regular,45.0,in_store,6.0,478.62,79.77,60.80848624986483,3.0,4.0,5.0,39.0,47,0
1974,regular,35.0,in_store,12.0,544.13,45.344166666666666,34.83196323606793,3.0,4.0,24.0,200.0,247,0
1975,regular,50.0,web,19.0,1006.39,52.967894736842105,33.31313047415844,3.0,4.0,4.0,146.0,155,0
1976,bargain_hunter,39.0,mobile_app,0.0,0.0,0.0,0.0,0.0,0.0,52.0,0.0,52,1
1977,bargain_hunter,39.0,mobile_app,5.0,173.36,34.672000000000004,29.33986315578176,2.0,2.0,33.0,158.0,205,0
1978,bargain_hunter,37.0,web,2.0,35.62,17.81,0.0,1.0,2.0,119.0,52.0,283,1
1979,loyal_vip,34.0,mobile_app,15.0,1404.48,93.632,69.31597199986244,3.0,5.0,8.0,153.0,166,1
1980,bargain_hunter,32.0,web,0.0,0.0,0.0,0.0,0.0,0.0,2.0,0.0,2,1
1981,bargain_hunter,18.0,web,5.0,104.44,20.887999999999998,15.64646190037863,2.0,3.0,14.0,85.0,164,1
1982,bargain_hunter,36.0,mobile_app,3.0,67.45,22.483333333333334,11.302257886516893,2.0,2.0,152.0,110.0,285,1
1983,loyal_vip,47.0,mobile_app,27.0,2874.92,106.47851851851853,82.06622863478121,3.0,5.0,1.0,250.0,251,0
1984,bargain_hunter,49.0,mobile_app,3.0,79.39999999999999,26.466666666666665,23.97203440122121,2.0,2.0,40.0,54.0,265,1
1985,regular,39.0,web,12.0,404.06,33.67166666666667,21.182821012806723,3.0,5.0,6.0,160.0,180,1
1986,one_off,66.0,web,0.0,0.0,0.0,0.0,0.0,0.0,133.0,0.0,133,1
1987,regular,56.0,mobile_app,7.0,360.82,51.54571428571428,14.826884205324303,2.0,4.0,33.0,214.0,329,0
1988,bargain_hunter,27.0,mobile_app,3.0,72.02000000000001,24.00666666666667,19.997980731397192,2.0,3.0,3.0,15.0,26,0
1989,loyal_vip,49.0,web,25.0,2955.38,118.21520000000001,89.53716914965166,3.0,5.0,2.0,241.0,250,0
1990,bargain_hunter,39.0,in_store,7.0,253.82999999999998,36.26142857142857,21.43132398194399,3.0,4.0,38.0,224.0,263,0
1991,bargain_hunter,56.0,web,3.0,54.38,18.12666666666667,10.846235906218034,2.0,2.0,1.0,87.0,106,0
1992,bargain_hunter,53.0,web,4.0,87.9,21.975,10.287346596669133,3.0,3.0,75.0,227.0,357,1
1993,regular,53.0,mobile_app,6.0,385.85,64.30833333333334,49.939573252748836,3.0,2.0,5.0,235.0,254,0
1994,bargain_hunter,35.0,web,0.0,0.0,0.0,0.0,0.0,0.0,66.0,0.0,66,1
1995,regular,34.0,web,23.0,1283.18,55.7904347826087,42.7451854256722,3.0,5.0,9.0,268.0,303,0
1996,regular,18.0,web,19.0,1126.46,59.28736842105263,33.101130199252054,3.0,5.0,7.0,340.0,362,0
1997,bargain_hunter,49.0,mobile_app,5.0,79.04,15.808000000000002,18.65368783913787,3.0,3.0,2.0,215.0,247,0
1998,regular,41.0,web,29.0,1531.81,52.82103448275862,43.28379887810446,3.0,5.0,2.0,281.0,294,0
1999,regular,48.0,mobile_app,2.0,54.46,27.23,2.9132799384885737,2.0,2.0,2.0,5.0,9,0
2000,one_off,36.0,web,0.0,0.0,0.0,0.0,0.0,0.0,28.0,0.0,28,1
2001,loyal_vip,47.0,web,10.0,1491.55,149.155,119.76302520208628,3.0,3.0,2.0,54.0,61,1
2002,bargain_hunter,53.0,mobile_app,6.0,270.69,45.115,29.240235806162715,3.0,3.0,13.0,199.0,238,0
2003,bargain_hunter,41.0,web,4.0,121.24,30.31,16.164803329043835,3.0,3.0,2.0,109.0,125,0
2004,bargain_hunter,19.0,mobile_app,0.0,0.0,0.0,0.0,0.0,0.0,5.0,0.0,5,1
2005,loyal_vip,36.0,mobile_app,14.0,2140.2799999999997,152.87714285714284,116.03469291741828,3.0,5.0,49.0,124.0,181,0
2006,regular,40.0,web,7.0,355.24,50.74857142857143,43.66749226773139,2.0,2.0,6.0,107.0,127,1
2007,regular,29.0,in_store,15.0,733.76,48.91733333333333,37.621266301059535,3.0,5.0,38.0,312.0,361,0
2008,bargain_hunter,38.0,mobile_app,3.0,54.31,18.103333333333335,7.901419703656636,2.0,3.0,48.0,149.0,228,0
2009,regular,39.0,in_store,14.0,1102.19,78.72785714285715,49.68365095258219,3.0,5.0,21.0,293.0,333,0
2010,regular,48.0,mobile_app,7.0,336.09,48.012857142857136,26.779170210125205,3.0,4.0,8.0,63.0,72,0
2011,regular,47.0,mobile_app,38.0,1921.53,50.56657894736842,29.700997551389634,3.0,5.0,4.0,342.0,346,0
2012,bargain_hunter,53.0,mobile_app,6.0,147.01,24.501666666666665,17.90802436525779,3.0,5.0,20.0,257.0,290,1
2013,one_off,26.0,mobile_app,2.0,28.799999999999997,14.399999999999999,16.36245091665671,2.0,2.0,10.0,12.0,86,1
2014,bargain_hunter,18.0,mobile_app,4.0,90.52,22.63,15.925786218164133,2.0,3.0,40.0,212.0,322,1
2015,bargain_hunter,28.0,web,7.0,311.65999999999997,44.52285714285714,24.223687934393002,3.0,4.0,31.0,243.0,289,1
2016,bargain_hunter,39.0,in_store,14.0,272.01,19.429285714285715,11.877386700582113,3.0,5.0,13.0,294.0,324,1
2017,loyal_vip,28.0,web,28.0,3739.67,133.55964285714285,77.52930736094399,3.0,5.0,5.0,205.0,212,0
2018,bargain_hunter,28.0,in_store,2.0,57.97,28.985,32.081434662433665,2.0,2.0,124.0,33.0,170,1
2019,one_off,48.0,mobile_app,1.0,13.08,13.08,0.0,1.0,1.0,23.0,0.0,162,1
2020,regular,31.0,in_store,30.0,1481.46,49.382,32.00648893260714,3.0,5.0,4.0,303.0,328,0
2021,one_off,33.0,web,1.0,31.68,31.68,0.0,1.0,1.0,81.0,0.0,174,1
2022,regular,29.0,mobile_app,5.0,261.24,52.248000000000005,39.88758979933483,3.0,4.0,3.0,67.0,71,0
2023,bargain_hunter,42.0,web,1.0,4.14,4.14,0.0,1.0,1.0,29.0,0.0,109,1
2024,regular,49.0,mobile_app,5.0,224.42000000000002,44.884,19.69994492378088,3.0,3.0,55.0,111.0,209,0
2025,loyal_vip,25.0,mobile_app,3.0,439.68,146.56,49.62846058462826,3.0,3.0,4.0,53.0,60,0
2026,bargain_hunter,31.0,web,1.0,20.96,20.96,0.0,1.0,1.0,7.0,0.0,176,0
2027,loyal_vip,39.0,web,36.0,4402.61,122.29472222222222,74.58468109609605,3.0,5.0,15.0,255.0,272,0
2028,bargain_hunter,41.0,web,0.0,0.0,0.0,0.0,0.0,0.0,38.0,0.0,38,0
2029,regular,38.0,web,12.0,483.75,40.3125,18.01832457401479,3.0,5.0,57.0,233.0,290,0
2030,bargain_hunter,25.0,web,5.0,122.44,24.488,21.759156003852723,3.0,3.0,24.0,72.0,234,0
2031,bargain_hunter,58.0,web,1.0,6.81,6.81,0.0,1.0,1.0,2.0,0.0,28,0
2032,regular,46.0,mobile_app,31.0,1839.06,59.324516129032254,43.648712607109786,3.0,5.0,3.0,340.0,346,0
2033,regular,39.0,mobile_app,5.0,137.97,27.594,17.007122919529923,3.0,5.0,1.0,56.0,71,0
2034,regular,53.0,web,11.0,554.78,50.43454545454545,29.724207765266463,3.0,5.0,38.0,213.0,256,0
2035,regular,39.0,in_store,16.0,1021.03,63.814375,28.295216549504147,3.0,5.0,2.0,215.0,243,0
2036,regular,23.0,in_store,35.0,1668.2,47.66285714285714,38.76877568439874,3.0,5.0,17.0,323.0,345,0
2037,loyal_vip,28.0,web,1.0,30.05,30.05,0.0,1.0,1.0,9.0,0.0,10,0
2038,regular,51.0,web,5.0,263.34000000000003,52.668000000000006,39.97529887317917,3.0,4.0,8.0,25.0,76,1
2039,regular,18.0,mobile_app,2.0,98.24000000000001,49.120000000000005,17.451395359683996,1.0,2.0,5.0,17.0,25,1
2040,regular,42.0,mobile_app,19.0,1295.57,68.1878947368421,52.47532410348774,3.0,5.0,14.0,254.0,269,0
2041,one_off,33.0,web,4.0,110.43,27.6075,4.3952351093731785,3.0,2.0,23.0,284.0,326,1
2042,bargain_hunter,18.0,mobile_app,4.0,79.49000000000001,19.872500000000002,13.322610792683742,2.0,3.0,19.0,148.0,199,1
2043,one_off,29.0,in_store,3.0,179.67,59.88999999999999,21.38564004185987,1.0,3.0,107.0,31.0,347,1
2044,one_off,35.0,web,1.0,29.22,29.22,0.0,1.0,1.0,43.0,0.0,123,0
2045,bargain_hunter,42.0,in_store,3.0,55.07,18.356666666666666,6.725327749138575,2.0,3.0,18.0,223.0,336,0
2046,regular,28.0,mobile_app,4.0,378.81,94.7025,71.92422650493597,2.0,3.0,5.0,92.0,100,0
2047,bargain_hunter,41.0,web,0.0,0.0,0.0,0.0,0.0,0.0,21.0,0.0,21,1
2048,regular,24.0,web,3.0,123.5,41.166666666666664,26.449129160207402,2.0,3.0,7.0,185.0,193,0
2049,bargain_hunter,18.0,mobile_app,6.0,195.01,32.501666666666665,26.3947050877002,3.0,4.0,10.0,210.0,222,1
2050,bargain_hunter,38.0,web,9.0,166.45,18.494444444444444,9.2801442756984,3.0,5.0,64.0,198.0,280,1
2051,bargain_hunter,21.0,mobile_app,2.0,56.910000000000004,28.455000000000002,21.262700910279488,1.0,2.0,3.0,30.0,152,0
2052,one_off,18.0,in_store,1.0,18.2,18.2,0.0,1.0,1.0,82.0,0.0,323,1
2053,bargain_hunter,48.0,mobile_app,4.0,91.07,22.7675,13.612517217619965,3.0,3.0,92.0,106.0,297,1
2054,regular,25.0,mobile_app,2.0,94.57,47.285,18.26456815804853,2.0,2.0,4.0,36.0,48,1
2055,bargain_hunter,44.0,mobile_app,0.0,0.0,0.0,0.0,0.0,0.0,50.0,0.0,50,1
2056,loyal_vip,47.0,web,18.0,1772.87,98.49277777777777,72.63336891584582,3.0,5.0,10.0,207.0,256,0
2057,bargain_hunter,18.0,web,8.0,201.45,25.18125,25.778238018862787,2.0,4.0,1.0,306.0,314,0
2058,regular,40.0,web,1.0,107.65,107.65,0.0,1.0,1.0,61.0,0.0,74,0
2059,bargain_hunter,59.0,mobile_app,1.0,23.12,23.12,0.0,1.0,1.0,23.0,0.0,30,1
2060,regular,25.0,web,11.0,674.63,61.33,40.67220943101075,3.0,4.0,19.0,271.0,353,0
2061,one_off,36.0,web,0.0,0.0,0.0,0.0,0.0,0.0,1.0,0.0,1,0
2062,regular,18.0,mobile_app,18.0,695.16,38.62,25.454444428752918,3.0,5.0,8.0,153.0,173,0
2063,bargain_hunter,34.0,web,2.0,31.1,15.55,11.087434329005065,2.0,2.0,59.0,29.0,212,1
2064,regular,32.0,web,8.0,512.8,64.1,21.63793626282982,3.0,3.0,20.0,180.0,201,1
2065,regular,22.0,web,6.0,389.13,64.855,32.89725809243075,2.0,2.0,30.0,229.0,282,0
2066,regular,43.0,mobile_app,1.0,93.07,93.07,0.0,1.0,1.0,30.0,0.0,32,1
2067,bargain_hunter,40.0,web,0.0,0.0,0.0,0.0,0.0,0.0,4.0,0.0,4,1
2068,bargain_hunter,45.0,web,4.0,138.12,34.53,26.096838889030224,3.0,3.0,107.0,120.0,244,1
2069,bargain_hunter,52.0,web,2.0,60.4,30.2,33.30472939388639,2.0,2.0,50.0,7.0,85,1
2070,bargain_hunter,26.0,mobile_app,4.0,96.51,24.1275,9.741787566971475,2.0,3.0,1.0,92.0,107,0
2071,bargain_hunter,35.0,mobile_app,13.0,365.59,28.12230769230769,17.50522833986376,3.0,4.0,6.0,267.0,329,0
2072,regular,73.0,web,16.0,822.78,51.42375,39.02763172847327,3.0,5.0,2.0,128.0,136,0
2073,regular,51.0,mobile_app,4.0,167.51,41.8775,14.774007298856551,2.0,4.0,4.0,75.0,101,0
2074,bargain_hunter,48.0,mobile_app,0.0,0.0,0.0,0.0,0.0,0.0,13.0,0.0,13,0
2075,regular,32.0,mobile_app,3.0,198.22,66.07333333333334,30.42153897049479,3.0,3.0,7.0,36.0,52,0
2076,one_off,43.0,mobile_app,4.0,79.75999999999999,19.939999999999998,2.1514801106834964,2.0,2.0,37.0,204.0,322,1
2077,regular,53.0,web,7.0,474.05,67.72142857142858,42.48004724909935,2.0,3.0,106.0,135.0,245,1
2078,regular,46.0,mobile_app,7.0,231.93,33.13285714285714,26.520775324441853,3.0,5.0,15.0,159.0,203,0
2079,loyal_vip,51.0,web,35.0,4751.29,135.75114285714287,71.39848160238459,3.0,5.0,2.0,334.0,340,0
2080,one_off,18.0,mobile_app,1.0,46.97,46.97,0.0,1.0,1.0,14.0,0.0,22,1
2081,loyal_vip,44.0,mobile_app,23.0,2897.86,125.99391304347827,66.35778043983377,3.0,5.0,8.0,223.0,233,0
2082,bargain_hunter,51.0,web,2.0,47.839999999999996,23.919999999999998,13.067333316327396,2.0,1.0,10.0,206.0,221,1
2083,one_off,19.0,web,0.0,0.0,0.0,0.0,0.0,0.0,43.0,0.0,43,0
2084,bargain_hunter,41.0,web,1.0,13.91,13.91,0.0,1.0,1.0,9.0,0.0,97,0
2085,regular,36.0,mobile_app,5.0,278.53,55.705999999999996,26.916852156223616,3.0,3.0,18.0,196.0,214,1
2086,loyal_vip,46.0,web,40.0,4399.62,109.9905,66.91828598928389,3.0,5.0,9.0,342.0,365,0
2087,regular,40.0,mobile_app,0.0,0.0,0.0,0.0,0.0,0.0,46.0,0.0,46,1
2088,loyal_vip,27.0,in_store,31.0,3948.89,127.38354838709677,75.57998083921373,3.0,5.0,26.0,244.0,331,0
2089,loyal_vip,26.0,web,17.0,2571.55,151.26764705882354,67.98844952723694,3.0,5.0,43.0,208.0,263,0
2090,one_off,51.0,web,1.0,26.77,26.77,0.0,1.0,1.0,29.0,0.0,61,1
2091,loyal_vip,61.0,mobile_app,41.0,5442.59,132.7460975609756,81.80162815855344,3.0,5.0,2.0,274.0,285,0
2092,bargain_hunter,48.0,mobile_app,1.0,94.57,94.57,0.0,1.0,1.0,27.0,0.0,146,1
2093,regular,31.0,web,4.0,169.12,42.28,21.369634219299748,2.0,2.0,5.0,41.0,52,0
2094,bargain_hunter,37.0,web,0.0,0.0,0.0,0.0,0.0,0.0,121.0,0.0,121,1
2095,loyal_vip,44.0,mobile_app,33.0,3906.17,118.36878787878788,92.42041528247343,3.0,5.0,16.0,309.0,336,0
2096,regular,39.0,mobile_app,18.0,786.18,43.67666666666666,36.18579669363301,3.0,5.0,2.0,208.0,215,0
2097,bargain_hunter,27.0,mobile_app,3.0,31.79,10.596666666666666,5.411509339669787,3.0,3.0,1.0,127.0,240,0
2098,regular,37.0,mobile_app,2.0,148.23,74.115,61.31322899668554,2.0,1.0,6.0,98.0,107,0
2099,loyal_vip,40.0,web,42.0,5146.72,122.54095238095239,82.33260818049283,3.0,5.0,3.0,149.0,164,0
2100,loyal_vip,,mobile_app,21.0,2080.21,99.05761904761906,72.47819788769323,3.0,5.0,8.0,201.0,223,0
2101,bargain_hunter,40.0,mobile_app,0.0,0.0,0.0,0.0,0.0,0.0,3.0,0.0,3,1
2102,bargain_hunter,60.0,web,5.0,65.83,13.166,10.085917409933515,3.0,4.0,48.0,136.0,202,0
2103,loyal_vip,41.0,in_store,15.0,1784.91,118.994,64.67918861581366,3.0,4.0,21.0,125.0,149,0
2104,loyal_vip,64.0,web,19.0,1723.47,90.70894736842105,75.53503218851037,3.0,5.0,6.0,143.0,162,0
2105,regular,40.0,web,13.0,762.94,58.68769230769231,61.173658431529475,3.0,5.0,4.0,183.0,197,0
2106,loyal_vip,47.0,web,32.0,4193.2300000000005,131.03843750000001,84.36885807932256,3.0,5.0,6.0,339.0,354,0
2107,loyal_vip,39.0,web,1.0,35.05,35.05,0.0,1.0,1.0,4.0,0.0,18,1
2108,bargain_hunter,66.0,web,1.0,34.84,34.84,0.0,1.0,1.0,40.0,0.0,49,1
2109,bargain_hunter,49.0,web,1.0,19.44,19.44,0.0,1.0,1.0,4.0,0.0,98,0
2110,regular,46.0,web,2.0,85.28,42.64,5.289158723275378,2.0,2.0,10.0,4.0,15,1
2111,regular,38.0,mobile_app,11.0,441.26,40.11454545454546,25.07404768426365,3.0,5.0,2.0,164.0,173,0
2112,loyal_vip,32.0,web,35.0,4594.26,131.26457142857143,95.775001937533,3.0,5.0,3.0,294.0,307,0
2113,loyal_vip,26.0,web,8.0,675.51,84.43875,39.669957844156365,3.0,4.0,8.0,82.0,95,0
2114,regular,38.0,mobile_app,10.0,763.12,76.312,49.729161755341195,3.0,5.0,15.0,168.0,191,0
2115,bargain_hunter,49.0,web,7.0,142.25,20.321428571428573,11.683247876869725,2.0,3.0,35.0,235.0,306,0
2116,regular,58.0,web,0.0,0.0,0.0,0.0,0.0,0.0,13.0,0.0,13,1
2117,bargain_hunter,34.0,mobile_app,2.0,70.97,35.485,4.391133111168463,2.0,2.0,104.0,103.0,255,1
2118,loyal_vip,27.0,mobile_app,28.0,3183.83,113.70821428571428,72.97822602989812,3.0,5.0,3.0,145.0,150,0
2119,bargain_hunter,23.0,web,2.0,13.219999999999999,6.609999999999999,6.222539674441618,2.0,2.0,8.0,36.0,150,0
2120,loyal_vip,35.0,web,17.0,1852.1100000000001,108.94764705882353,53.38783622340998,3.0,4.0,8.0,138.0,146,0
2121,regular,44.0,in_store,14.0,782.75,55.910714285714285,37.83687649010516,3.0,5.0,1.0,204.0,214,0
2122,one_off,25.0,web,0.0,0.0,0.0,0.0,0.0,0.0,181.0,0.0,181,1
2123,one_off,29.0,mobile_app,0.0,0.0,0.0,0.0,0.0,0.0,150.0,0.0,150,1
2124,bargain_hunter,28.0,mobile_app,0.0,0.0,0.0,0.0,0.0,0.0,196.0,0.0,196,1
2125,regular,20.0,mobile_app,4.0,247.79000000000002,61.947500000000005,43.68345253067802,2.0,2.0,25.0,59.0,159,0
2126,bargain_hunter,50.0,web,0.0,0.0,0.0,0.0,0.0,0.0,90.0,0.0,90,1
2127,bargain_hunter,30.0,web,11.0,282.96999999999997,25.724545454545453,21.859855152144245,2.0,4.0,10.0,195.0,305,1
2128,regular,26.0,web,25.0,1397.12,55.8848,32.337475952832186,3.0,5.0,19.0,288.0,308,0
2129,bargain_hunter,44.0,mobile_app,16.0,325.49,20.343125,17.45304241624747,3.0,5.0,32.0,225.0,261,0
2130,bargain_hunter,33.0,web,9.0,217.34,24.14888888888889,15.683469358248228,3.0,4.0,6.0,241.0,298,0
2131,regular,28.0,web,15.0,869.86,57.99066666666667,45.338325078815835,3.0,5.0,13.0,189.0,203,0
2132,one_off,24.0,web,1.0,12.76,12.76,0.0,1.0,1.0,124.0,0.0,335,1
2133,bargain_hunter,19.0,web,2.0,31.439999999999998,15.719999999999999,6.3073924881840036,1.0,2.0,48.0,92.0,271,1
2134,bargain_hunter,56.0,web,0.0,0.0,0.0,0.0,0.0,0.0,52.0,0.0,52,1
2135,regular,34.0,in_store,10.0,917.2,91.72,48.44595958384972,3.0,4.0,55.0,129.0,187,1
2136,bargain_hunter,27.0,mobile_app,1.0,38.42,38.42,0.0,1.0,1.0,183.0,0.0,221,1
2137,regular,73.0,web,14.0,697.18,49.79857142857143,17.24359406457181,3.0,5.0,35.0,183.0,220,0
2138,bargain_hunter,35.0,web,7.0,182.2,26.02857142857143,11.107976756324602,3.0,5.0,53.0,115.0,173,1
2139,bargain_hunter,,mobile_app,2.0,36.72,18.36,3.1112698372208083,2.0,2.0,19.0,44.0,135,1
2140,bargain_hunter,38.0,mobile_app,0.0,0.0,0.0,0.0,0.0,0.0,68.0,0.0,68,1
2141,regular,46.0,mobile_app,10.0,530.75,53.075,45.84438854550371,3.0,5.0,17.0,203.0,230,0
2142,regular,36.0,web,0.0,0.0,0.0,0.0,0.0,0.0,2.0,0.0,2,0
2143,one_off,36.0,in_store,0.0,0.0,0.0,0.0,0.0,0.0,34.0,0.0,34,1
2144,bargain_hunter,27.0,mobile_app,0.0,0.0,0.0,0.0,0.0,0.0,83.0,0.0,83,1
2145,bargain_hunter,27.0,web,7.0,257.37,36.76714285714286,41.614493754894944,2.0,4.0,17.0,235.0,303,1
2146,bargain_hunter,45.0,web,2.0,108.92,54.46,56.18670483308306,2.0,2.0,15.0,20.0,47,1
2147,regular,18.0,mobile_app,0.0,0.0,0.0,0.0,0.0,0.0,11.0,0.0,11,0
2148,regular,31.0,in_store,5.0,262.2,52.44,32.08304224976179,3.0,2.0,10.0,32.0,49,0
2149,bargain_hunter,42.0,mobile_app,17.0,424.29,24.95823529411765,18.242842855245353,3.0,5.0,16.0,306.0,339,0
2150,loyal_vip,40.0,mobile_app,51.0,6610.65,129.62058823529412,90.61981360412888,3.0,5.0,14.0,336.0,356,0
2151,bargain_hunter,43.0,web,1.0,11.14,11.14,0.0,1.0,1.0,8.0,0.0,26,0
2152,regular,35.0,web,6.0,390.05999999999995,65.00999999999999,61.03641961976472,3.0,4.0,32.0,58.0,90,1
2153,regular,20.0,mobile_app,5.0,228.36,45.672000000000004,44.30424325050593,1.0,3.0,1.0,81.0,83,0
2154,bargain_hunter,23.0,mobile_app,20.0,423.72,21.186,11.905830239181578,3.0,5.0,14.0,337.0,363,0
2155,bargain_hunter,29.0,web,0.0,0.0,0.0,0.0,0.0,0.0,116.0,0.0,116,1
2156,regular,34.0,mobile_app,24.0,1300.68,54.195,42.50216137726563,3.0,5.0,1.0,125.0,127,0
2157,loyal_vip,24.0,in_store,36.0,4710.3,130.84166666666667,91.91875000704232,3.0,5.0,27.0,297.0,326,0
2158,bargain_hunter,39.0,web,1.0,29.85,29.85,0.0,1.0,1.0,15.0,0.0,49,0
2159,bargain_hunter,35.0,in_store,0.0,0.0,0.0,0.0,0.0,0.0,18.0,0.0,18,0
2160,bargain_hunter,25.0,mobile_app,2.0,22.08,11.04,13.378460300049479,2.0,2.0,4.0,9.0,21,0
2161,regular,58.0,mobile_app,13.0,507.66,39.050769230769234,26.09899565805118,3.0,5.0,11.0,149.0,169,1
2162,loyal_vip,33.0,web,3.0,434.72,144.90666666666667,107.61211657305759,2.0,1.0,73.0,30.0,113,1
2163,bargain_hunter,62.0,web,1.0,9.05,9.05,0.0,1.0,1.0,29.0,0.0,109,1
2164,one_off,36.0,mobile_app,0.0,0.0,0.0,0.0,0.0,0.0,187.0,0.0,187,1
2165,regular,41.0,mobile_app,1.0,37.28,37.28,0.0,1.0,1.0,25.0,0.0,35,0
2166,bargain_hunter,43.0,web,4.0,57.56,14.39,3.607797111812138,2.0,3.0,18.0,195.0,223,0
2167,regular,55.0,in_store,17.0,994.9200000000001,58.52470588235295,39.40395984505349,3.0,5.0,6.0,264.0,284,1
2168,bargain_hunter,24.0,mobile_app,1.0,5.46,5.46,0.0,1.0,1.0,45.0,0.0,50,0
2169,bargain_hunter,38.0,mobile_app,0.0,0.0,0.0,0.0,0.0,0.0,103.0,0.0,103,1
2170,loyal_vip,18.0,mobile_app,30.0,3053.79,101.79299999999999,63.50746972899573,3.0,5.0,12.0,290.0,317,0
2171,one_off,28.0,web,1.0,39.9,39.9,0.0,1.0,1.0,81.0,0.0,111,1
2172,bargain_hunter,61.0,in_store,0.0,0.0,0.0,0.0,0.0,0.0,101.0,0.0,101,1
2173,regular,46.0,mobile_app,5.0,381.81,76.362,43.72236464328067,2.0,3.0,10.0,101.0,187,1
2174,regular,49.0,mobile_app,9.0,642.34,71.37111111111112,45.53114989884519,3.0,3.0,7.0,82.0,91,0
2175,one_off,35.0,web,0.0,0.0,0.0,0.0,0.0,0.0,179.0,0.0,179,1
2176,one_off,41.0,in_store,3.0,52.18,17.393333333333334,5.711867762241466,1.0,1.0,48.0,251.0,358,1
2177,loyal_vip,34.0,web,22.0,2273.98,103.36272727272727,75.09536668110555,3.0,5.0,18.0,256.0,276,0
2178,regular,22.0,in_store,6.0,243.55,40.59166666666667,31.661863758576608,3.0,5.0,13.0,150.0,171,0
2179,loyal_vip,58.0,mobile_app,4.0,360.61,90.1525,49.76714871947826,2.0,3.0,9.0,27.0,51,0
2180,regular,39.0,in_store,3.0,240.1,80.03333333333333,41.8149367252102,2.0,1.0,119.0,98.0,231,1
2181,one_off,34.0,mobile_app,0.0,0.0,0.0,0.0,0.0,0.0,58.0,0.0,58,1
2182,regular,18.0,in_store,1.0,7.71,7.71,0.0,1.0,1.0,5.0,0.0,18,0
2183,bargain_hunter,29.0,mobile_app,1.0,35.01,35.01,0.0,1.0,1.0,53.0,0.0,79,1
2184,regular,30.0,mobile_app,10.0,576.01,57.601,42.88212122914527,3.0,4.0,1.0,134.0,152,0
2185,regular,47.0,web,15.0,790.69,52.71266666666667,30.462634129294173,3.0,5.0,5.0,313.0,353,0
2186,bargain_hunter,26.0,mobile_app,4.0,101.59,25.3975,10.337628274093309,3.0,3.0,17.0,218.0,271,1
2187,regular,44.0,mobile_app,2.0,100.05,50.025,3.768879143724297,2.0,2.0,63.0,23.0,89,0
2188,bargain_hunter,42.0,web,4.0,87.67,21.9175,6.653677554555825,3.0,3.0,4.0,265.0,320,1
2189,bargain_hunter,45.0,in_store,0.0,0.0,0.0,0.0,0.0,0.0,89.0,0.0,89,1
2190,bargain_hunter,55.0,web,7.0,153.51999999999998,21.93142857142857,11.603669575571669,3.0,5.0,11.0,224.0,276,1
2191,regular,79.0,web,0.0,0.0,0.0,0.0,0.0,0.0,12.0,0.0,12,1
2192,regular,42.0,mobile_app,19.0,800.22,42.11684210526316,33.412511471109404,3.0,5.0,23.0,240.0,291,0
2193,one_off,18.0,in_store,1.0,24.28,24.28,0.0,1.0,1.0,36.0,0.0,51,1
2194,bargain_hunter,24.0,web,7.0,144.64,20.662857142857142,15.329786598086,3.0,3.0,136.0,196.0,363,1
2195,loyal_vip,27.0,mobile_app,14.0,1217.19,86.94214285714285,77.64488186397305,3.0,5.0,13.0,258.0,272,0
2196,regular,43.0,web,0.0,0.0,0.0,0.0,0.0,0.0,9.0,0.0,9,0
2197,regular,38.0,in_store,1.0,5.07,5.07,0.0,1.0,1.0,33.0,0.0,150,0
2198,bargain_hunter,43.0,in_store,4.0,142.35,35.5875,18.81990147866526,2.0,3.0,112.0,119.0,336,1
2199,regular,41.0,in_store,38.0,2308.93,60.76131578947368,51.33237259858816,3.0,5.0,5.0,289.0,330,0
2200,regular,47.0,web,2.0,174.8,87.4,60.62733541893459,1.0,2.0,2.0,10.0,95,1
2201,regular,58.0,web,0.0,0.0,0.0,0.0,0.0,0.0,24.0,0.0,24,1
2202,regular,41.0,web,11.0,786.14,71.46727272727273,71.88816885843026,2.0,5.0,40.0,235.0,303,0
2203,regular,66.0,web,14.0,753.29,53.80642857142857,27.64397683934975,3.0,4.0,49.0,233.0,306,0
2204,bargain_hunter,47.0,mobile_app,11.0,287.62,26.14727272727273,21.696102917763405,3.0,5.0,48.0,175.0,230,0
2205,regular,33.0,web,5.0,301.27,60.254,51.40577039593902,3.0,3.0,82.0,197.0,365,1
2206,bargain_hunter,53.0,mobile_app,0.0,0.0,0.0,0.0,0.0,0.0,91.0,0.0,91,0
2207,bargain_hunter,51.0,web,3.0,110.47,36.82333333333333,17.195186341919452,1.0,1.0,20.0,80.0,148,1
2208,bargain_hunter,27.0,web,3.0,49.29,16.43,8.892986000213876,2.0,2.0,15.0,53.0,103,1
2209,bargain_hunter,53.0,mobile_app,1.0,33.25,33.25,0.0,1.0,1.0,62.0,0.0,87,1
2210,bargain_hunter,34.0,web,0.0,0.0,0.0,0.0,0.0,0.0,33.0,0.0,33,1
2211,one_off,24.0,mobile_app,0.0,0.0,0.0,0.0,0.0,0.0,15.0,0.0,15,0
2212,bargain_hunter,39.0,mobile_app,0.0,0.0,0.0,0.0,0.0,0.0,30.0,0.0,30,1
2213,loyal_vip,58.0,mobile_app,52.0,5576.99,107.24980769230768,71.11010108580132,3.0,5.0,4.0,229.0,236,0
2214,loyal_vip,28.0,web,3.0,430.78,143.59333333333333,59.432429138756675,2.0,3.0,11.0,44.0,57,1
2215,regular,18.0,mobile_app,1.0,41.07,41.07,0.0,1.0,1.0,49.0,0.0,59,0
2216,one_off,,web,0.0,0.0,0.0,0.0,0.0,0.0,351.0,0.0,351,1
2217,loyal_vip,67.0,web,11.0,1392.97,126.63363636363637,113.99185499611166,2.0,5.0,38.0,79.0,125,0
2218,loyal_vip,33.0,in_store,15.0,2086.58,139.10533333333333,99.3512421999175,3.0,5.0,36.0,132.0,183,0
2219,regular,25.0,web,13.0,578.5600000000001,44.50461538461539,35.933344221253286,3.0,5.0,8.0,151.0,183,0
2220,bargain_hunter,43.0,web,14.0,300.89,21.492142857142856,13.716591962107243,2.0,5.0,44.0,319.0,366,0
2221,bargain_hunter,52.0,mobile_app,1.0,13.18,13.18,0.0,1.0,1.0,102.0,0.0,141,1
2222,bargain_hunter,51.0,web,0.0,0.0,0.0,0.0,0.0,0.0,17.0,0.0,17,0
2223,loyal_vip,18.0,mobile_app,37.0,4277.03,115.5954054054054,89.15345879108905,3.0,5.0,3.0,266.0,274,0
2224,loyal_vip,25.0,web,10.0,828.11,82.811,57.17913711408306,3.0,5.0,9.0,52.0,63,0
2225,bargain_hunter,54.0,web,2.0,30.0,15.0,3.2244069222106577,2.0,2.0,71.0,49.0,130,1
2226,regular,50.0,mobile_app,1.0,41.74,41.74,0.0,1.0,1.0,40.0,0.0,43,1
2227,bargain_hunter,39.0,in_store,4.0,159.68,39.92,28.89975432421528,3.0,3.0,104.0,111.0,286,1
2228,regular,20.0,in_store,24.0,1316.03,54.834583333333335,27.42702015534041,3.0,5.0,17.0,341.0,360,0
2229,bargain_hunter,52.0,web,5.0,67.55,13.51,9.46219847604139,2.0,3.0,13.0,189.0,315,1
2230,regular,39.0,in_store,4.0,457.82,114.455,75.11460244186878,3.0,4.0,38.0,26.0,64,1
2231,regular,29.0,web,14.0,576.26,41.16142857142857,34.95274301047121,3.0,5.0,25.0,235.0,265,1
2232,regular,35.0,in_store,16.0,584.49,36.530625,29.686551718188266,3.0,5.0,34.0,274.0,344,0
2233,regular,33.0,mobile_app,16.0,810.9,50.68125,31.227801902578204,3.0,5.0,9.0,178.0,225,0
2234,bargain_hunter,40.0,mobile_app,2.0,13.48,6.74,3.8183766184073558,1.0,1.0,104.0,78.0,323,1
2235,regular,39.0,web,6.0,437.15,72.85833333333333,46.80594809067183,3.0,4.0,26.0,74.0,103,0
2236,bargain_hunter,36.0,mobile_app,0.0,0.0,0.0,0.0,0.0,0.0,25.0,0.0,25,0
2237,bargain_hunter,32.0,web,6.0,167.82,27.97,18.929377168834687,3.0,3.0,10.0,57.0,76,1
2238,regular,40.0,web,29.0,1558.59,53.744482758620684,38.08186938184316,3.0,5.0,4.0,355.0,359,0
2239,one_off,61.0,mobile_app,1.0,33.68,33.68,0.0,1.0,1.0,71.0,0.0,102,1
2240,one_off,38.0,web,1.0,6.02,6.02,0.0,1.0,1.0,248.0,0.0,354,1
2241,regular,38.0,mobile_app,15.0,524.68,34.97866666666666,21.86712368134497,3.0,5.0,1.0,186.0,237,0
2242,bargain_hunter,44.0,web,5.0,110.0,22.0,21.66412126073892,2.0,4.0,16.0,51.0,117,0
2243,bargain_hunter,30.0,web,2.0,62.400000000000006,31.200000000000003,1.5697770542341358,1.0,2.0,89.0,60.0,202,1
2244,bargain_hunter,53.0,mobile_app,7.0,113.16000000000001,16.165714285714287,11.799323225144253,3.0,4.0,1.0,205.0,303,1
2245,regular,40.0,mobile_app,14.0,722.61,51.615,37.344625552980276,3.0,3.0,46.0,190.0,249,1
2246,bargain_hunter,18.0,web,1.0,5.92,5.92,0.0,1.0,1.0,31.0,0.0,73,1
2247,loyal_vip,48.0,web,32.0,3243.56,101.36125,94.46592134289111,3.0,5.0,8.0,207.0,219,0
2248,one_off,53.0,web,0.0,0.0,0.0,0.0,0.0,0.0,73.0,0.0,73,0
2249,bargain_hunter,22.0,in_store,4.0,91.85,22.9625,9.430232853258007,2.0,2.0,13.0,93.0,208,0
2250,regular,41.0,in_store,10.0,589.69,58.96900000000001,19.490471432642842,3.0,5.0,11.0,248.0,344,1
2251,loyal_vip,32.0,web,29.0,3491.13,120.38379310344828,94.70659033539147,3.0,5.0,9.0,332.0,342,0
2252,regular,30.0,web,7.0,216.24,30.891428571428573,26.00945752899089,3.0,4.0,2.0,315.0,323,0
2253,one_off,40.0,web,0.0,0.0,0.0,0.0,0.0,0.0,363.0,0.0,363,1
2254,one_off,57.0,mobile_app,2.0,101.28,50.64,46.570052608946014,2.0,2.0,100.0,150.0,250,1
2255,regular,35.0,mobile_app,15.0,756.26,50.41733333333333,33.65753141500994,3.0,5.0,18.0,162.0,201,1
2256,loyal_vip,24.0,web,18.0,2889.7000000000003,160.5388888888889,79.2526439632357,3.0,5.0,18.0,162.0,181,0
2257,loyal_vip,33.0,web,48.0,6361.64,132.53416666666666,97.79082617708659,3.0,5.0,35.0,318.0,357,0
2258,bargain_hunter,37.0,web,3.0,18.59,6.196666666666666,4.200527744621303,2.0,3.0,13.0,26.0,141,1
2259,regular,51.0,mobile_app,6.0,257.96000000000004,42.99333333333334,21.908858178067305,2.0,4.0,6.0,296.0,345,1
2260,bargain_hunter,19.0,mobile_app,5.0,112.1,22.419999999999998,7.271681373657677,3.0,3.0,8.0,163.0,226,1
2261,bargain_hunter,58.0,mobile_app,2.0,44.910000000000004,22.455000000000002,20.046477246638627,2.0,2.0,6.0,58.0,74,0
2262,loyal_vip,25.0,mobile_app,51.0,6167.6,120.93333333333334,75.5528141015718,3.0,5.0,1.0,165.0,168,0
2263,regular,53.0,web,5.0,162.13,32.426,26.531694819592662,2.0,5.0,6.0,11.0,20,1
2264,loyal_vip,36.0,mobile_app,32.0,3371.62,105.363125,59.95543148133373,3.0,5.0,21.0,262.0,293,0
2265,bargain_hunter,33.0,mobile_app,0.0,0.0,0.0,0.0,0.0,0.0,115.0,0.0,115,1
2266,regular,54.0,web,6.0,234.39,39.065,22.652403625222643,2.0,2.0,5.0,37.0,42,0
2267,regular,18.0,mobile_app,10.0,651.8499999999999,65.18499999999999,40.70181766347924,3.0,3.0,32.0,280.0,333,1
2268,regular,18.0,web,18.0,908.91,50.495,34.586278178423505,3.0,5.0,12.0,242.0,263,1
2269,loyal_vip,55.0,mobile_app,31.0,3205.7,103.40967741935484,61.30977194998477,3.0,5.0,2.0,182.0,184,0
2270,bargain_hunter,35.0,in_store,0.0,0.0,0.0,0.0,0.0,0.0,62.0,0.0,62,1
2271,one_off,43.0,in_store,2.0,133.85,66.925,15.577562389539644,1.0,2.0,92.0,55.0,165,1
2272,regular,49.0,web,5.0,409.43,81.886,44.80887891924993,2.0,4.0,37.0,80.0,128,1
2273,loyal_vip,52.0,web,38.0,4357.78,114.67842105263158,81.94584894673865,3.0,5.0,2.0,221.0,226,0
2274,one_off,35.0,mobile_app,2.0,28.37,14.185,12.367297602952716,1.0,2.0,25.0,23.0,141,0
2275,regular,45.0,mobile_app,17.0,830.39,48.84647058823529,31.595922787041783,2.0,5.0,1.0,217.0,223,0
2276,regular,37.0,web,14.0,723.38,51.67,25.029915024902625,3.0,5.0,42.0,254.0,305,0
2277,loyal_vip,18.0,web,39.0,4344.21,111.39,81.24696169217977,3.0,5.0,13.0,263.0,280,0
2278,regular,49.0,mobile_app,19.0,905.4,47.652631578947364,17.037986592743373,3.0,5.0,30.0,327.0,362,0
2279,one_off,37.0,in_store,0.0,0.0,0.0,0.0,0.0,0.0,222.0,0.0,222,1
2280,bargain_hunter,30.0,mobile_app,1.0,21.64,21.64,0.0,1.0,1.0,6.0,0.0,14,0
2281,loyal_vip,52.0,web,12.0,1723.31,143.60916666666665,117.12959353238021,3.0,5.0,2.0,63.0,66,0
2282,loyal_vip,33.0,web,17.0,1830.48,107.67529411764706,51.70384634116294,3.0,5.0,1.0,101.0,112,0
2283,regular,39.0,mobile_app,1.0,75.41,75.41,0.0,1.0,1.0,9.0,0.0,23,1
2284,regular,34.0,web,11.0,484.23,44.02090909090909,32.44019927637481,3.0,5.0,10.0,275.0,352,0
2285,regular,58.0,mobile_app,9.0,426.49,47.38777777777778,30.79004334918099,3.0,5.0,19.0,251.0,275,1
2286,bargain_hunter,36.0,mobile_app,2.0,57.25,28.625,7.063996744053608,1.0,2.0,20.0,34.0,155,0
2287,regular,33.0,mobile_app,15.0,1022.9300000000001,68.19533333333334,37.37794782769011,3.0,5.0,21.0,215.0,253,0
2288,loyal_vip,37.0,web,34.0,3741.2799999999997,110.03764705882352,81.12309789744052,3.0,5.0,2.0,193.0,206,0
2289,regular,48.0,web,6.0,348.47,58.07833333333334,34.753724069035634,2.0,4.0,27.0,50.0,81,1
2290,loyal_vip,41.0,web,15.0,2368.46,157.89733333333334,151.28645286658147,3.0,5.0,19.0,136.0,186,0
2291,bargain_hunter,33.0,mobile_app,1.0,32.61,32.61,0.0,1.0,1.0,61.0,0.0,105,1
2292,regular,41.0,in_store,5.0,288.11,57.622,10.780420678248136,3.0,4.0,24.0,103.0,131,1
2293,one_off,28.0,web,1.0,55.34,55.34,0.0,1.0,1.0,25.0,0.0,72,1
2294,bargain_hunter,40.0,mobile_app,1.0,21.55,21.55,0.0,1.0,1.0,92.0,0.0,166,1
2295,regular,41.0,in_store,29.0,1575.8,54.33793103448276,34.47512108953254,3.0,5.0,2.0,294.0,307,0
2296,regular,39.0,in_store,3.0,64.24000000000001,21.413333333333338,9.011450123777712,3.0,2.0,43.0,56.0,105,1
2297,regular,44.0,in_store,13.0,653.51,50.269999999999996,32.76272551747387,3.0,4.0,7.0,234.0,245,0
2298,bargain_hunter,30.0,web,3.0,77.71,25.903333333333332,15.777092043001247,2.0,2.0,33.0,193.0,254,1
2299,one_off,45.0,web,3.0,105.94999999999999,35.31666666666666,23.65063705977776,2.0,2.0,28.0,20.0,362,1
2300,bargain_hunter,40.0,mobile_app,1.0,21.81,21.81,0.0,1.0,1.0,57.0,0.0,59,1
2301,regular,53.0,web,14.0,673.36,48.097142857142856,30.884948145950023,3.0,5.0,9.0,128.0,203,0
2302,regular,80.0,web,14.0,945.77,67.55499999999999,43.27757649086969,2.0,5.0,19.0,166.0,201,0
2303,bargain_hunter,33.0,web,5.0,206.53,41.306,28.642326721130736,2.0,3.0,141.0,157.0,365,1
2304,bargain_hunter,35.0,mobile_app,4.0,106.00000000000001,26.500000000000004,15.70495675468948,2.0,2.0,31.0,55.0,86,0
2305,bargain_hunter,46.0,mobile_app,2.0,67.18,33.59,15.867476169826128,2.0,1.0,9.0,193.0,325,1
2306,regular,55.0,web,13.0,752.6700000000001,57.89769230769231,40.619044620687916,3.0,4.0,40.0,206.0,267,0
2307,regular,66.0,in_store,18.0,1096.7,60.92777777777778,41.11535416012391,3.0,5.0,10.0,179.0,205,1
2308,regular,25.0,web,10.0,690.64,69.064,63.03167672774628,3.0,5.0,1.0,89.0,121,0
2309,bargain_hunter,66.0,web,6.0,156.61,26.10166666666667,24.179021830228507,2.0,5.0,19.0,233.0,271,0
2310,loyal_vip,34.0,in_store,1.0,32.13,32.13,0.0,1.0,1.0,18.0,0.0,29,0
2311,one_off,40.0,web,0.0,0.0,0.0,0.0,0.0,0.0,207.0,0.0,207,1
2312,loyal_vip,21.0,web,21.0,2577.91,122.75761904761904,90.19092276414307,3.0,5.0,12.0,201.0,213,0
2313,regular,34.0,web,11.0,593.48,53.95272727272727,34.433911509123995,3.0,5.0,17.0,106.0,124,1
2314,bargain_hunter,41.0,mobile_app,0.0,0.0,0.0,0.0,0.0,0.0,20.0,0.0,20,1
2315,one_off,57.0,mobile_app,0.0,0.0,0.0,0.0,0.0,0.0,47.0,0.0,47,1
2316,regular,65.0,web,20.0,1132.53,56.6265,41.609743453464816,3.0,5.0,12.0,267.0,305,1
2317,regular,55.0,web,5.0,217.56,43.512,20.415351331779718,2.0,4.0,75.0,41.0,188,1
2318,bargain_hunter,59.0,mobile_app,6.0,169.8,28.3,18.642233771734546,2.0,4.0,27.0,75.0,102,1
2319,loyal_vip,18.0,mobile_app,24.0,2089.14,87.0475,41.255701187045446,3.0,5.0,11.0,230.0,244,0
2320,bargain_hunter,36.0,mobile_app,6.0,136.59,22.765,9.800330096481446,2.0,3.0,54.0,204.0,278,0
2321,loyal_vip,33.0,web,2.0,76.78999999999999,38.394999999999996,18.504984463651947,1.0,1.0,1.0,15.0,45,0
2322,bargain_hunter,30.0,mobile_app,2.0,67.36,33.68,2.6870057685088784,2.0,1.0,22.0,5.0,57,1
2323,bargain_hunter,38.0,web,0.0,0.0,0.0,0.0,0.0,0.0,77.0,0.0,77,1
2324,regular,49.0,in_store,10.0,408.3,40.83,21.766167937114396,2.0,5.0,1.0,89.0,99,1
2325,bargain_hunter,28.0,mobile_app,1.0,65.34,65.34,0.0,1.0,1.0,89.0,0.0,120,1
2326,regular,40.0,mobile_app,22.0,816.47,37.11227272727273,39.00533991914174,3.0,5.0,48.0,219.0,268,0
2327,regular,40.0,mobile_app,12.0,535.87,44.655833333333334,28.60629856210416,3.0,5.0,4.0,243.0,268,0
2328,one_off,64.0,in_store,2.0,57.650000000000006,28.825000000000003,26.085169157971738,2.0,2.0,208.0,45.0,347,1
2329,regular,54.0,in_store,8.0,373.18,46.6475,28.548957323967443,3.0,5.0,32.0,152.0,201,0
2330,regular,25.0,web,12.0,709.28,59.10666666666666,43.58836256978635,3.0,4.0,44.0,164.0,243,1
2331,regular,32.0,web,38.0,2148.76,56.54631578947369,36.26609893558569,3.0,5.0,7.0,275.0,315,0
2332,regular,76.0,in_store,13.0,672.06,51.69692307692307,25.974206559782658,3.0,4.0,24.0,255.0,311,0
2333,bargain_hunter,33.0,web,0.0,0.0,0.0,0.0,0.0,0.0,110.0,0.0,110,1
2334,regular,18.0,web,19.0,1188.64,62.56,40.81813553910674,3.0,5.0,15.0,227.0,265,0
2335,regular,35.0,mobile_app,11.0,335.59000000000003,30.50818181818182,18.6785742593924,3.0,4.0,77.0,172.0,269,1
2336,loyal_vip,49.0,web,20.0,1942.38,97.119,65.3361899312842,3.0,5.0,8.0,283.0,301,0
2337,bargain_hunter,36.0,web,1.0,24.8,24.8,0.0,1.0,1.0,81.0,0.0,169,1
2338,regular,43.0,web,11.0,423.25,38.47727272727273,23.43640633327093,3.0,5.0,17.0,162.0,189,1
2339,regular,19.0,in_store,11.0,441.43,40.13,27.135989755304667,3.0,5.0,8.0,44.0,58,0
2340,bargain_hunter,24.0,web,4.0,121.72,30.43,28.97605333144365,3.0,4.0,105.0,62.0,174,1
2341,regular,41.0,web,17.0,676.09,39.77,33.20345878067525,3.0,4.0,1.0,208.0,231,0
2342,loyal_vip,53.0,web,3.0,343.14,114.38,35.87351669407391,2.0,3.0,9.0,37.0,46,1
2343,loyal_vip,42.0,mobile_app,36.0,4702.9800000000005,130.63833333333335,106.10950407143423,3.0,5.0,7.0,160.0,168,0
2344,bargain_hunter,40.0,mobile_app,2.0,14.790000000000001,7.3950000000000005,8.124656915833432,2.0,2.0,55.0,198.0,300,0
2345,regular,28.0,web,11.0,646.3,58.75454545454545,46.93039598461457,3.0,5.0,33.0,206.0,249,1
2346,bargain_hunter,34.0,web,5.0,105.9,21.18,6.629649311992302,2.0,4.0,18.0,150.0,196,1
2347,loyal_vip,55.0,web,12.0,1030.58,85.88166666666666,49.02608894221215,3.0,4.0,5.0,94.0,101,0
2348,bargain_hunter,36.0,in_store,0.0,0.0,0.0,0.0,0.0,0.0,1.0,0.0,1,0
2349,loyal_vip,36.0,web,12.0,1817.41,151.45083333333335,94.38186338278165,3.0,5.0,10.0,191.0,222,0
2350,regular,34.0,mobile_app,13.0,728.92,56.07076923076923,41.3114867927268,3.0,5.0,23.0,231.0,270,1
2351,bargain_hunter,42.0,web,2.0,54.87,27.435,8.548920984545358,2.0,2.0,60.0,123.0,192,1
2352,bargain_hunter,57.0,web,5.0,110.64,22.128,20.564606001574646,3.0,3.0,1.0,92.0,101,1
2353,regular,36.0,mobile_app,8.0,525.3199999999999,65.66499999999999,81.06965893600392,3.0,4.0,8.0,55.0,75,0
2354,regular,31.0,mobile_app,5.0,219.22,43.844,21.057517185081434,3.0,3.0,12.0,38.0,68,0
2355,loyal_vip,18.0,mobile_app,23.0,2693.23,117.09695652173913,73.24621227779276,3.0,5.0,33.0,206.0,260,0
2356,bargain_hunter,37.0,web,6.0,204.10000000000002,34.01666666666667,14.751693688070759,3.0,3.0,85.0,128.0,274,1
2357,regular,32.0,mobile_app,13.0,666.14,51.24153846153846,32.58208808690082,3.0,4.0,38.0,142.0,238,1
2358,bargain_hunter,18.0,mobile_app,9.0,175.31,19.47888888888889,12.458737340160564,3.0,3.0,15.0,82.0,124,0
2359,regular,42.0,mobile_app,18.0,996.88,55.382222222222225,33.03074299810006,3.0,5.0,65.0,269.0,336,0
2360,regular,41.0,mobile_app,3.0,111.61,37.20333333333333,7.285055479084107,2.0,3.0,8.0,15.0,53,1
2361,one_off,42.0,in_store,2.0,149.32000000000002,74.66000000000001,79.47880220536794,2.0,2.0,139.0,114.0,290,1
2362,regular,28.0,web,4.0,198.58,49.645,17.521214760017834,2.0,3.0,6.0,59.0,67,0
2363,regular,30.0,in_store,2.0,51.75,25.875,13.654231944712233,1.0,2.0,7.0,90.0,140,0
2364,loyal_vip,37.0,web,9.0,774.34,86.03777777777778,56.131824925299235,3.0,4.0,7.0,35.0,53,0
2365,bargain_hunter,43.0,web,3.0,62.28,20.76,12.511726499568313,2.0,2.0,25.0,226.0,293,1
2366,regular,51.0,mobile_app,9.0,465.68,51.742222222222225,26.88327164696374,3.0,4.0,17.0,183.0,203,1
2367,regular,37.0,mobile_app,6.0,353.84,58.97333333333333,50.853868158348256,3.0,3.0,52.0,188.0,258,1
2368,regular,43.0,web,9.0,698.55,77.61666666666666,42.65276690907636,2.0,5.0,7.0,152.0,159,0
2369,bargain_hunter,40.0,mobile_app,21.0,540.89,25.756666666666668,18.362906995716482,3.0,5.0,2.0,297.0,312,1
2370,bargain_hunter,47.0,mobile_app,8.0,139.16,17.395,8.514366011126642,3.0,4.0,43.0,307.0,359,0
2371,bargain_hunter,31.0,in_store,2.0,15.27,7.635,3.231477990022522,2.0,2.0,28.0,18.0,137,0
2372,bargain_hunter,37.0,mobile_app,11.0,298.84000000000003,27.16727272727273,19.595449518145326,3.0,5.0,11.0,228.0,265,0
2373,one_off,31.0,web,0.0,0.0,0.0,0.0,0.0,0.0,89.0,0.0,89,1
2374,regular,37.0,web,2.0,95.45,47.725,15.832120830766799,1.0,2.0,18.0,3.0,31,0
2375,bargain_hunter,34.0,mobile_app,4.0,40.11,10.0275,5.6805068729236945,3.0,3.0,19.0,132.0,213,0
2376,bargain_hunter,42.0,mobile_app,4.0,53.230000000000004,13.307500000000001,10.14457285120144,2.0,2.0,14.0,92.0,205,0
2377,regular,28.0,web,11.0,450.92,40.99272727272727,26.65456136983278,3.0,4.0,7.0,181.0,196,0
2378,bargain_hunter,,mobile_app,3.0,72.74,24.246666666666666,18.133765007116786,2.0,2.0,43.0,89.0,259,0
2379,one_off,39.0,in_store,1.0,27.02,27.02,0.0,1.0,1.0,48.0,0.0,141,1
2380,regular,26.0,mobile_app,20.0,923.35,46.167500000000004,28.12609537048244,3.0,5.0,6.0,240.0,280,0
2381,regular,38.0,mobile_app,5.0,291.44,58.288,38.75681643272574,2.0,3.0,15.0,125.0,148,0
2382,regular,35.0,in_store,5.0,198.57,39.714,20.120797200906328,2.0,4.0,47.0,172.0,247,1
2383,regular,18.0,in_store,13.0,820.39,63.106923076923074,20.13964017578905,3.0,4.0,57.0,198.0,268,0
2384,regular,28.0,web,9.0,303.69,33.74333333333333,25.311081565195902,3.0,5.0,33.0,116.0,150,0
2385,bargain_hunter,21.0,web,3.0,54.06999999999999,18.02333333333333,12.937814086364563,2.0,2.0,132.0,77.0,234,1
2386,one_off,20.0,mobile_app,0.0,0.0,0.0,0.0,0.0,0.0,69.0,0.0,69,0
2387,loyal_vip,59.0,mobile_app,20.0,2084.04,104.202,60.780879403416264,3.0,5.0,2.0,199.0,218,0
2388,bargain_hunter,40.0,web,1.0,21.25,21.25,0.0,1.0,1.0,32.0,0.0,37,1
2389,bargain_hunter,34.0,web,0.0,0.0,0.0,0.0,0.0,0.0,46.0,0.0,46,1
2390,loyal_vip,20.0,in_store,37.0,3780.68,102.18054054054053,65.01345894616087,3.0,5.0,14.0,244.0,263,0
2391,bargain_hunter,36.0,in_store,2.0,70.94,35.47,41.84657931061988,2.0,2.0,199.0,26.0,254,1
2392,regular,51.0,web,7.0,458.29,65.47,27.187397202870795,3.0,3.0,1.0,206.0,222,1
2393,bargain_hunter,46.0,web,1.0,23.31,23.31,0.0,1.0,1.0,14.0,0.0,30,0
2394,loyal_vip,47.0,web,31.0,4254.54,137.24322580645162,70.44886033556996,3.0,5.0,12.0,201.0,214,0
2395,regular,34.0,web,10.0,367.61,36.761,33.23691570461308,3.0,4.0,43.0,185.0,256,0
2396,regular,18.0,mobile_app,9.0,578.47,64.27444444444444,33.976006280576556,3.0,4.0,33.0,261.0,301,0
2397,bargain_hunter,41.0,web,4.0,107.03,26.7575,21.466951926158497,2.0,2.0,10.0,178.0,206,0
2398,bargain_hunter,38.0,mobile_app,4.0,98.27000000000001,24.567500000000003,18.00158025470727,2.0,4.0,69.0,248.0,320,1
2399,bargain_hunter,49.0,web,0.0,0.0,0.0,0.0,0.0,0.0,18.0,0.0,18,1
2400,loyal_vip,50.0,mobile_app,27.0,3667.53,135.83444444444444,74.79610079992003,3.0,5.0,3.0,249.0,256,0
2401,regular,54.0,web,13.0,638.75,49.13461538461539,28.313843085254433,3.0,5.0,4.0,117.0,121,0
2402,regular,33.0,mobile_app,2.0,103.47,51.735,42.91431055021157,1.0,2.0,8.0,66.0,189,1
2403,loyal_vip,27.0,web,56.0,6503.29,116.13017857142857,72.3405615252309,3.0,5.0,3.0,282.0,292,0
2404,bargain_hunter,71.0,mobile_app,3.0,67.6,22.53333333333333,13.641210845571347,3.0,3.0,56.0,53.0,165,1
2405,regular,27.0,mobile_app,10.0,416.4,41.64,38.59447945554447,3.0,4.0,3.0,146.0,151,0
2406,regular,60.0,web,24.0,1506.4,62.76666666666667,35.35813327094343,3.0,5.0,2.0,268.0,274,0
2407,loyal_vip,18.0,mobile_app,30.0,2848.27,94.94233333333334,58.804153599679616,3.0,5.0,12.0,338.0,351,0
2408,regular,37.0,mobile_app,4.0,226.48,56.62,31.524759581425304,3.0,3.0,113.0,76.0,206,1
2409,regular,63.0,web,10.0,643.68,64.368,44.77561384900888,3.0,5.0,12.0,67.0,101,0
2410,bargain_hunter,35.0,mobile_app,0.0,0.0,0.0,0.0,0.0,0.0,4.0,0.0,4,1
2411,one_off,34.0,in_store,0.0,0.0,0.0,0.0,0.0,0.0,325.0,0.0,325,1
2412,loyal_vip,33.0,web,21.0,2630.4,125.25714285714287,97.75311371730606,3.0,5.0,13.0,245.0,263,0
2413,bargain_hunter,40.0,mobile_app,2.0,54.63,27.315,13.427957774732539,2.0,2.0,84.0,25.0,109,1
2414,one_off,,mobile_app,0.0,0.0,0.0,0.0,0.0,0.0,73.0,0.0,73,1
2415,loyal_vip,59.0,mobile_app,26.0,2724.5,104.78846153846153,72.61493348849439,3.0,5.0,3.0,251.0,257,0
2416,regular,46.0,in_store,9.0,490.95,54.55,44.1598590351011,3.0,4.0,25.0,139.0,179,0
2417,regular,44.0,in_store,5.0,281.43,56.286,54.61368171072154,2.0,3.0,9.0,94.0,107,0
2418,bargain_hunter,37.0,mobile_app,0.0,0.0,0.0,0.0,0.0,0.0,63.0,0.0,63,1
2419,bargain_hunter,38.0,web,5.0,68.72,13.744,11.05414763787783,3.0,4.0,28.0,29.0,67,1
2420,regular,43.0,mobile_app,5.0,189.86,37.972,22.887583314976702,2.0,4.0,7.0,40.0,111,0
2421,loyal_vip,62.0,in_store,12.0,1082.2,90.18333333333334,80.27626042535107,2.0,4.0,31.0,165.0,197,0
2422,bargain_hunter,39.0,web,1.0,11.47,11.47,0.0,1.0,1.0,53.0,0.0,75,1
2423,regular,44.0,web,10.0,365.81,36.581,22.931905212316455,3.0,5.0,12.0,127.0,168,0
2424,regular,39.0,in_store,5.0,292.14,58.428,54.123973616134286,1.0,4.0,15.0,45.0,71,0
2425,bargain_hunter,32.0,web,9.0,255.92000000000002,28.435555555555556,25.25247369621,2.0,4.0,43.0,214.0,259,1
2426,bargain_hunter,52.0,web,1.0,20.93,20.93,0.0,1.0,1.0,22.0,0.0,26,1
2427,regular,52.0,mobile_app,0.0,0.0,0.0,0.0,0.0,0.0,18.0,0.0,18,1
2428,bargain_hunter,21.0,mobile_app,6.0,132.55,22.09166666666667,5.8652175293561495,2.0,4.0,18.0,158.0,298,1
2429,loyal_vip,18.0,mobile_app,46.0,5544.22,120.52652173913044,79.9335402893454,3.0,5.0,7.0,322.0,333,0
2430,regular,28.0,in_store,8.0,296.76,37.095,19.997838454621608,3.0,4.0,19.0,72.0,177,0
2431,regular,42.0,mobile_app,6.0,702.11,117.01833333333333,83.80086238617515,3.0,4.0,3.0,140.0,180,0
2432,loyal_vip,46.0,mobile_app,16.0,2204.45,137.778125,64.05071420041571,3.0,5.0,1.0,133.0,134,0
2433,bargain_hunter,38.0,mobile_app,0.0,0.0,0.0,0.0,0.0,0.0,40.0,0.0,40,1
2434,regular,40.0,web,10.0,377.49,37.749,32.571705666114575,3.0,5.0,74.0,224.0,320,1
2435,bargain_hunter,49.0,web,8.0,270.2,33.775,16.656918768402004,3.0,4.0,3.0,214.0,286,0
2436,loyal_vip,27.0,web,13.0,1631.9,125.53076923076924,98.83927689786236,3.0,4.0,4.0,80.0,88,0
2437,regular,44.0,mobile_app,1.0,97.55,97.55,0.0,1.0,1.0,31.0,0.0,57,1
2438,regular,47.0,web,3.0,190.26,63.419999999999995,35.67017381510777,2.0,2.0,7.0,7.0,14,0
2439,regular,19.0,mobile_app,2.0,169.44,84.72,49.7096067174143,1.0,2.0,6.0,35.0,57,0
2440,loyal_vip,33.0,web,5.0,737.11,147.422,135.3055548379297,3.0,4.0,23.0,43.0,69,0
2441,bargain_hunter,49.0,web,6.0,213.99,35.665,31.483687681083357,3.0,4.0,6.0,274.0,300,1
2442,regular,29.0,web,17.0,868.74,51.10235294117647,38.07295883061425,3.0,4.0,7.0,234.0,264,0
2443,loyal_vip,70.0,in_store,26.0,3031.91,116.61192307692308,71.42775214266403,3.0,5.0,3.0,226.0,236,0
2444,bargain_hunter,53.0,web,6.0,193.59,32.265,18.942057702372253,2.0,4.0,54.0,264.0,329,1
2445,loyal_vip,54.0,mobile_app,19.0,2250.13,118.4278947368421,91.19978707205574,3.0,5.0,13.0,159.0,184,0
2446,bargain_hunter,30.0,mobile_app,5.0,135.57,27.113999999999997,25.93551869541074,2.0,4.0,55.0,94.0,166,1
2447,bargain_hunter,44.0,web,3.0,73.52,24.506666666666664,10.760280355703252,2.0,2.0,17.0,87.0,141,0
2448,one_off,44.0,mobile_app,3.0,155.25,51.75,40.32766668182031,2.0,2.0,48.0,26.0,113,0
2449,loyal_vip,54.0,in_store,24.0,2327.29,96.97041666666667,68.68757507281836,3.0,5.0,12.0,273.0,292,0
2450,bargain_hunter,47.0,web,0.0,0.0,0.0,0.0,0.0,0.0,110.0,0.0,110,1
2451,bargain_hunter,51.0,in_store,4.0,121.71000000000001,30.427500000000002,25.727934720843802,3.0,3.0,29.0,77.0,136,0
2452,bargain_hunter,,mobile_app,4.0,43.4,10.85,2.000416623272929,2.0,3.0,34.0,52.0,125,1
2453,regular,30.0,web,1.0,69.97,69.97,0.0,1.0,1.0,17.0,0.0,40,1
2454,one_off,60.0,mobile_app,0.0,0.0,0.0,0.0,0.0,0.0,16.0,0.0,16,1
2455,bargain_hunter,54.0,mobile_app,5.0,158.87,31.774,18.745013470253895,2.0,3.0,23.0,56.0,146,0
2456,bargain_hunter,33.0,mobile_app,0.0,0.0,0.0,0.0,0.0,0.0,31.0,0.0,31,0
2457,regular,24.0,web,17.0,789.3,46.42941176470588,26.711655571722865,3.0,5.0,2.0,204.0,207,1
2458,bargain_hunter,38.0,web,7.0,194.12,27.731428571428573,15.647457118832897,3.0,4.0,67.0,206.0,356,1
2459,bargain_hunter,43.0,web,0.0,0.0,0.0,0.0,0.0,0.0,41.0,0.0,41,1
2460,bargain_hunter,37.0,web,3.0,107.73,35.910000000000004,14.014852835474226,2.0,3.0,43.0,89.0,154,1
2461,regular,63.0,web,9.0,426.08,47.34222222222222,33.56107707515425,3.0,4.0,14.0,193.0,209,0
2462,loyal_vip,18.0,in_store,8.0,1290.06,161.2575,88.94177770557869,2.0,4.0,14.0,150.0,191,0
2463,regular,43.0,in_store,14.0,774.14,55.29571428571428,31.27005810781192,3.0,5.0,11.0,289.0,338,0
2464,regular,21.0,web,8.0,466.87,58.35875,51.69529308153417,3.0,4.0,21.0,147.0,237,0
2465,regular,,web,1.0,40.24,40.24,0.0,1.0,1.0,21.0,0.0,70,0
2466,regular,32.0,web,9.0,818.19,90.91000000000001,71.15517233483453,3.0,4.0,2.0,110.0,119,0
2467,regular,57.0,mobile_app,18.0,1067.74,59.31888888888889,44.38291111106628,3.0,5.0,6.0,234.0,283,0
2468,regular,18.0,mobile_app,12.0,568.41,47.3675,32.256302872461994,3.0,5.0,38.0,162.0,206,0
2469,regular,,web,25.0,1250.83,50.033199999999994,23.435233396177928,3.0,5.0,1.0,359.0,364,0
2470,regular,22.0,in_store,3.0,327.28000000000003,109.09333333333335,65.9392783804413,2.0,2.0,11.0,41.0,79,0
2471,regular,43.0,web,13.0,825.09,63.46846153846154,37.83772893249845,3.0,4.0,53.0,269.0,360,0
2472,one_off,38.0,mobile_app,2.0,147.32,73.66,8.570134187980958,2.0,2.0,65.0,8.0,331,1
2473,regular,66.0,web,8.0,224.18,28.0225,10.332163028966532,2.0,5.0,7.0,120.0,142,0
2474,regular,39.0,mobile_app,7.0,207.65,29.664285714285715,10.118957220884731,3.0,4.0,19.0,51.0,81,0
2475,one_off,38.0,web,0.0,0.0,0.0,0.0,0.0,0.0,99.0,0.0,99,1
2476,bargain_hunter,62.0,mobile_app,1.0,15.99,15.99,0.0,1.0,1.0,93.0,0.0,114,1
2477,regular,39.0,web,9.0,435.71000000000004,48.412222222222226,26.260122228284555,3.0,3.0,5.0,155.0,160,0
2478,bargain_hunter,18.0,in_store,10.0,180.86,18.086000000000002,8.848320870211603,3.0,5.0,105.0,206.0,311,1
2479,regular,33.0,web,19.0,966.31,50.85842105263158,45.53577546686146,3.0,5.0,31.0,260.0,295,0
2480,regular,41.0,web,10.0,471.12,47.112,22.343228554132956,3.0,5.0,15.0,118.0,138,0
2481,loyal_vip,65.0,web,49.0,5578.72,113.85142857142857,84.4059058458984,3.0,5.0,3.0,209.0,219,0
2482,bargain_hunter,50.0,mobile_app,0.0,0.0,0.0,0.0,0.0,0.0,130.0,0.0,130,1
2483,regular,69.0,web,13.0,596.49,45.88384615384616,19.03819561585846,3.0,5.0,5.0,223.0,229,0
2484,one_off,34.0,mobile_app,1.0,83.3,83.3,0.0,1.0,1.0,151.0,0.0,327,1
2485,bargain_hunter,42.0,mobile_app,2.0,19.53,9.765,12.367297602952718,1.0,2.0,44.0,28.0,191,0
2486,regular,29.0,mobile_app,1.0,13.18,13.18,0.0,1.0,1.0,16.0,0.0,46,0
2487,bargain_hunter,18.0,mobile_app,5.0,92.42,18.484,13.115598728231966,3.0,4.0,41.0,189.0,287,1
2488,loyal_vip,39.0,mobile_app,6.0,754.85,125.80833333333334,73.36562476164615,3.0,5.0,22.0,23.0,49,0
2489,regular,19.0,web,11.0,686.29,62.38999999999999,49.39905991008331,3.0,5.0,2.0,272.0,289,0
2490,regular,49.0,web,7.0,408.32,58.33142857142857,24.86959350195296,2.0,4.0,18.0,193.0,252,0
2491,bargain_hunter,39.0,in_store,1.0,6.72,6.72,0.0,1.0,1.0,106.0,0.0,113,1
2492,bargain_hunter,25.0,in_store,6.0,117.66,19.61,17.18119553465358,3.0,4.0,2.0,111.0,140,0
2493,loyal_vip,51.0,web,17.0,2238.31,131.66529411764705,115.66126123932156,3.0,4.0,8.0,173.0,189,0
2494,bargain_hunter,45.0,mobile_app,4.0,73.8,18.45,5.4356048421495835,2.0,3.0,3.0,103.0,110,0
2495,regular,18.0,mobile_app,9.0,503.7,55.96666666666667,41.17393684116203,2.0,5.0,5.0,78.0,88,0
2496,regular,18.0,mobile_app,4.0,418.93,104.7325,77.7471715991435,2.0,3.0,16.0,116.0,148,1
2497,bargain_hunter,59.0,mobile_app,1.0,42.34,42.34,0.0,1.0,1.0,112.0,0.0,112,1
2498,regular,32.0,mobile_app,12.0,721.5799999999999,60.13166666666666,45.24738924328489,3.0,4.0,6.0,62.0,68,0
2499,regular,42.0,mobile_app,14.0,568.29,40.59214285714285,24.739250090795906,3.0,4.0,5.0,299.0,322,0
2500,one_off,49.0,in_store,3.0,149.92000000000002,49.973333333333336,18.435360949363947,2.0,2.0,52.0,96.0,165,1
2501,one_off,57.0,web,0.0,0.0,0.0,0.0,0.0,0.0,92.0,0.0,92,1
2502,regular,62.0,in_store,11.0,469.81,42.71,28.46556481083767,3.0,4.0,26.0,119.0,156,1
2503,bargain_hunter,29.0,mobile_app,4.0,107.05000000000001,26.762500000000003,18.875508602419167,2.0,3.0,10.0,43.0,182,1
2504,bargain_hunter,42.0,mobile_app,1.0,5.01,5.01,0.0,1.0,1.0,8.0,0.0,113,1
2505,bargain_hunter,46.0,mobile_app,2.0,51.75,25.875,18.50498446365195,1.0,2.0,51.0,28.0,164,1
2506,bargain_hunter,31.0,mobile_app,1.0,44.28,44.28,0.0,1.0,1.0,50.0,0.0,91,0
2507,regular,37.0,mobile_app,27.0,1591.96,58.961481481481485,44.358912182654905,3.0,5.0,9.0,351.0,365,0
2508,regular,46.0,web,4.0,225.83,56.4575,70.47233564787439,2.0,4.0,9.0,37.0,91,1
2509,one_off,18.0,mobile_app,1.0,74.37,74.37,0.0,1.0,1.0,35.0,0.0,359,1
2510,regular,50.0,mobile_app,22.0,1347.76,61.26181818181818,32.915027634134596,3.0,5.0,41.0,285.0,326,0
2511,regular,51.0,web,24.0,1764.45,73.51875,37.6319205754324,3.0,5.0,28.0,267.0,302,0
2512,regular,41.0,in_store,2.0,109.32,54.66,18.6393347520774,2.0,2.0,63.0,5.0,70,1
2513,regular,37.0,in_store,37.0,2041.58,55.177837837837835,40.68309115967353,3.0,5.0,6.0,319.0,330,0
2514,one_off,36.0,mobile_app,1.0,6.29,6.29,0.0,1.0,1.0,227.0,0.0,263,1
2515,loyal_vip,55.0,web,68.0,9182.44,135.03588235294117,88.92508344878857,3.0,5.0,2.0,301.0,306,0
2516,regular,,mobile_app,1.0,51.05,51.05,0.0,1.0,1.0,7.0,0.0,76,0
2517,loyal_vip,73.0,mobile_app,58.0,7169.7300000000005,123.61603448275864,71.71647360093199,3.0,5.0,17.0,316.0,338,0
2518,one_off,50.0,web,0.0,0.0,0.0,0.0,0.0,0.0,220.0,0.0,220,1
2519,bargain_hunter,28.0,web,5.0,101.08,20.216,4.8706601195320545,2.0,4.0,40.0,271.0,313,1
2520,bargain_hunter,26.0,mobile_app,16.0,477.78,29.86125,21.695075900612405,3.0,5.0,28.0,229.0,278,1
2521,regular,23.0,mobile_app,27.0,1327.9,49.181481481481484,29.956484684352983,3.0,5.0,2.0,302.0,304,0
2522,loyal_vip,58.0,web,7.0,851.12,121.58857142857143,150.60912903147354,3.0,4.0,8.0,69.0,88,0
2523,one_off,33.0,web,2.0,139.89,69.945,32.293566696789625,2.0,1.0,22.0,168.0,292,0
2524,bargain_hunter,30.0,web,3.0,30.92,10.306666666666667,2.9897547279556784,2.0,3.0,26.0,242.0,288,0
2525,bargain_hunter,43.0,web,5.0,136.98000000000002,27.396000000000004,8.436153151762953,3.0,2.0,49.0,221.0,276,1
2526,bargain_hunter,48.0,mobile_app,1.0,46.69,46.69,0.0,1.0,1.0,78.0,0.0,117,1
2527,bargain_hunter,18.0,web,0.0,0.0,0.0,0.0,0.0,0.0,68.0,0.0,68,1
2528,one_off,,mobile_app,2.0,61.660000000000004,30.830000000000002,14.467404743076763,2.0,1.0,118.0,83.0,227,1
2529,bargain_hunter,31.0,mobile_app,1.0,32.79,32.79,0.0,1.0,1.0,245.0,0.0,252,1
2530,regular,41.0,mobile_app,21.0,1335.68,63.603809523809524,42.70410138103721,3.0,5.0,9.0,261.0,293,0
2531,regular,45.0,web,2.0,71.88,35.94,15.58463345735151,2.0,2.0,4.0,42.0,55,1
2532,bargain_hunter,28.0,mobile_app,6.0,151.38,25.23,11.756547112141389,3.0,4.0,6.0,258.0,304,0
2533,regular,37.0,in_store,4.0,203.9,50.975,32.87455398936995,2.0,2.0,11.0,105.0,117,1
2534,regular,75.0,web,13.0,766.34,58.94923076923077,30.23280019601737,3.0,5.0,21.0,194.0,223,0
2535,regular,49.0,web,21.0,1481.92,70.56761904761905,41.64384791355884,3.0,5.0,4.0,306.0,341,0
2536,loyal_vip,52.0,web,26.0,3062.61,117.7926923076923,90.24454299547169,3.0,5.0,10.0,138.0,153,0
2537,loyal_vip,27.0,web,77.0,8736.13,113.45623376623375,75.84515126990756,3.0,5.0,13.0,344.0,359,0
2538,loyal_vip,26.0,in_store,5.0,701.75,140.35,60.65551541286249,2.0,3.0,1.0,22.0,30,0
2539,bargain_hunter,36.0,mobile_app,7.0,189.15,27.021428571428572,14.027001851870592,3.0,4.0,21.0,143.0,167,0
2540,loyal_vip,53.0,web,52.0,5786.34,111.27576923076923,77.03266937070968,3.0,5.0,5.0,299.0,317,0
2541,bargain_hunter,35.0,web,6.0,131.71,21.951666666666668,14.729194705300989,3.0,5.0,6.0,159.0,165,0
2542,regular,53.0,web,7.0,398.2,56.885714285714286,21.0004292473137,3.0,3.0,34.0,99.0,148,0
2543,regular,47.0,mobile_app,0.0,0.0,0.0,0.0,0.0,0.0,22.0,0.0,22,0
2544,regular,56.0,web,10.0,649.7,64.97,52.77767309931139,3.0,4.0,7.0,206.0,224,1
2545,loyal_vip,45.0,web,22.0,2833.14,128.7790909090909,86.20595415902275,3.0,5.0,14.0,186.0,204,0
2546,bargain_hunter,38.0,web,2.0,47.32,23.66,21.807173131793125,1.0,2.0,12.0,97.0,132,0
2547,bargain_hunter,49.0,mobile_app,1.0,33.52,33.52,0.0,1.0,1.0,37.0,0.0,97,1
2548,regular,25.0,mobile_app,11.0,439.97,39.99727272727273,27.30707164487217,3.0,5.0,17.0,178.0,203,0
2549,regular,34.0,mobile_app,21.0,1021.53,48.644285714285715,40.78154920689362,3.0,5.0,1.0,242.0,267,0
2550,regular,39.0,web,7.0,450.21,64.31571428571428,34.10673289207614,3.0,4.0,8.0,77.0,114,0
2551,bargain_hunter,38.0,in_store,5.0,85.05,17.009999999999998,7.566957777072632,2.0,3.0,47.0,175.0,280,1
2552,loyal_vip,34.0,in_store,7.0,849.88,121.41142857142857,44.6935656922304,3.0,3.0,1.0,44.0,48,0
2553,bargain_hunter,54.0,web,3.0,94.4,31.46666666666667,17.00504140933898,2.0,2.0,3.0,34.0,44,0
2554,bargain_hunter,49.0,mobile_app,0.0,0.0,0.0,0.0,0.0,0.0,61.0,0.0,61,1
2555,loyal_vip,40.0,web,5.0,541.3299999999999,108.26599999999999,80.99176272930477,3.0,3.0,6.0,85.0,119,0
2556,bargain_hunter,44.0,in_store,1.0,42.27,42.27,0.0,1.0,1.0,5.0,0.0,81,1
2557,loyal_vip,49.0,mobile_app,18.0,2328.04,129.33555555555554,64.64185133325661,3.0,5.0,1.0,124.0,139,0
2558,regular,18.0,mobile_app,7.0,288.25,41.17857142857143,40.21810721079558,3.0,4.0,104.0,209.0,330,1
2559,bargain_hunter,71.0,web,1.0,15.09,15.09,0.0,1.0,1.0,144.0,0.0,312,1
2560,loyal_vip,40.0,mobile_app,18.0,2045.11,113.61722222222221,93.74495831497886,3.0,5.0,26.0,290.0,355,0
2561,regular,51.0,mobile_app,7.0,377.15,53.878571428571426,31.754121217343023,3.0,4.0,20.0,103.0,128,0
2562,regular,32.0,mobile_app,34.0,1979.51,58.220882352941175,44.77955217660462,3.0,5.0,8.0,260.0,281,0
2563,regular,47.0,web,13.0,916.35,70.48846153846154,37.855966030502564,3.0,5.0,6.0,171.0,177,0
2564,bargain_hunter,63.0,web,12.0,301.45,25.120833333333334,16.997500061283525,3.0,5.0,54.0,174.0,231,1
2565,regular,44.0,mobile_app,17.0,793.0,46.64705882352941,32.264126511635546,3.0,5.0,22.0,107.0,129,0
2566,regular,52.0,web,10.0,717.18,71.71799999999999,89.10048544574079,3.0,4.0,31.0,239.0,324,0
2567,loyal_vip,77.0,in_store,33.0,4244.08,128.60848484848484,75.94722917597176,3.0,5.0,7.0,169.0,179,0
2568,one_off,51.0,web,1.0,40.67,40.67,0.0,1.0,1.0,42.0,0.0,127,1
2569,regular,37.0,in_store,16.0,610.52,38.1575,22.110034072037667,3.0,5.0,5.0,344.0,360,0
2570,loyal_vip,18.0,web,31.0,4100.3099999999995,132.26806451612902,96.35523810080262,3.0,5.0,6.0,335.0,348,0
2571,bargain_hunter,,web,2.0,76.14,38.07,20.22325394193526,1.0,2.0,166.0,63.0,291,1
2572,regular,52.0,mobile_app,6.0,443.45000000000005,73.90833333333335,56.02220967318825,2.0,2.0,31.0,55.0,122,1
2573,bargain_hunter,57.0,in_store,4.0,75.34,18.835,13.741466442850996,2.0,3.0,45.0,75.0,124,1
2574,bargain_hunter,39.0,mobile_app,0.0,0.0,0.0,0.0,0.0,0.0,98.0,0.0,98,1
2575,bargain_hunter,46.0,mobile_app,0.0,0.0,0.0,0.0,0.0,0.0,17.0,0.0,17,0
2576,regular,43.0,mobile_app,18.0,975.44,54.19111111111111,34.5107836324837,3.0,5.0,31.0,266.0,308,0
2577,regular,52.0,web,6.0,311.36,51.89333333333334,36.100207570963725,2.0,3.0,12.0,142.0,160,0
2578,bargain_hunter,36.0,web,5.0,125.53,25.106,12.756460324086772,2.0,4.0,23.0,102.0,134,1
2579,bargain_hunter,60.0,web,5.0,51.519999999999996,10.303999999999998,5.461051180862527,2.0,4.0,51.0,175.0,242,1
2580,one_off,20.0,web,0.0,0.0,0.0,0.0,0.0,0.0,35.0,0.0,35,1
2581,loyal_vip,41.0,mobile_app,6.0,707.14,117.85666666666667,91.77961160664533,2.0,3.0,71.0,144.0,219,0
2582,loyal_vip,42.0,mobile_app,36.0,3943.5,109.54166666666667,66.0167475504728,3.0,5.0,20.0,263.0,285,0
2583,regular,22.0,mobile_app,10.0,502.03,50.202999999999996,32.78672632839902,3.0,4.0,105.0,163.0,268,1
2584,bargain_hunter,60.0,web,7.0,180.49,25.784285714285716,14.649205731759947,3.0,4.0,22.0,299.0,338,1
2585,bargain_hunter,18.0,web,3.0,102.23,34.07666666666667,14.003829238223856,2.0,1.0,15.0,101.0,157,1
2586,regular,42.0,mobile_app,4.0,207.76,51.94,39.22286153083004,2.0,3.0,136.0,31.0,187,1
2587,regular,,web,6.0,295.49,49.248333333333335,33.02236600649121,2.0,4.0,2.0,71.0,116,0
2588,regular,25.0,mobile_app,4.0,254.79,63.6975,51.95048050788366,3.0,3.0,6.0,110.0,222,1
2589,bargain_hunter,37.0,in_store,4.0,52.2,13.05,8.288140121080643,2.0,3.0,108.0,144.0,288,1
2590,loyal_vip,33.0,web,18.0,1905.6,105.86666666666666,69.34932689778951,3.0,5.0,14.0,188.0,203,0
2591,bargain_hunter,46.0,in_store,18.0,521.09,28.949444444444445,21.777376677812235,3.0,5.0,61.0,230.0,315,0
2592,regular,53.0,web,16.0,689.0600000000001,43.066250000000004,25.75550759869948,3.0,5.0,2.0,139.0,152,0
2593,regular,48.0,web,7.0,214.8,30.685714285714287,11.3412519255193,3.0,4.0,60.0,180.0,333,1
2594,bargain_hunter,42.0,in_store,3.0,100.62,33.54,9.46711677333707,2.0,3.0,51.0,69.0,176,1
2595,regular,37.0,web,6.0,272.06,45.343333333333334,23.36838177252902,2.0,4.0,15.0,82.0,97,1
2596,loyal_vip,69.0,web,20.0,3048.41,152.4205,105.36201774808305,3.0,5.0,2.0,205.0,207,0
2597,bargain_hunter,42.0,mobile_app,1.0,31.86,31.86,0.0,1.0,1.0,36.0,0.0,175,1
2598,regular,28.0,web,8.0,416.01,52.00125,41.255794895990064,3.0,4.0,29.0,258.0,287,0
2599,regular,57.0,mobile_app,6.0,196.18,32.696666666666665,25.18864082610784,3.0,5.0,19.0,105.0,130,0
2600,bargain_hunter,41.0,mobile_app,5.0,150.49,30.098000000000003,21.99836516652999,3.0,4.0,19.0,272.0,323,1
2601,bargain_hunter,40.0,web,4.0,60.34,15.085,13.854035513163664,3.0,3.0,29.0,197.0,300,0
2602,loyal_vip,43.0,web,0.0,0.0,0.0,0.0,0.0,0.0,1.0,0.0,1,1
2603,regular,51.0,web,3.0,172.4,57.46666666666667,13.06893390194217,2.0,3.0,39.0,28.0,79,1
2604,bargain_hunter,28.0,web,6.0,188.75,31.458333333333332,29.6424057165856,1.0,4.0,12.0,160.0,193,0
2605,loyal_vip,47.0,in_store,3.0,186.39,62.129999999999995,55.134663325352776,2.0,2.0,14.0,38.0,55,1
2606,regular,36.0,web,14.0,780.71,55.765,43.86475258371771,3.0,5.0,9.0,268.0,327,0
2607,regular,60.0,in_store,9.0,383.65000000000003,42.62777777777778,38.661736503220396,3.0,5.0,18.0,66.0,135,0
2608,regular,45.0,mobile_app,4.0,206.0,51.5,31.550842566667956,3.0,3.0,3.0,39.0,73,0
2609,regular,51.0,in_store,5.0,273.55,54.71,21.843297599034813,3.0,2.0,10.0,47.0,69,1
2610,regular,46.0,in_store,20.0,1294.5500000000002,64.7275,48.38438056743867,3.0,5.0,18.0,127.0,154,0
2611,regular,30.0,mobile_app,1.0,39.07,39.07,0.0,1.0,1.0,74.0,0.0,88,1
2612,bargain_hunter,20.0,mobile_app,4.0,65.08,16.27,10.308278226745726,3.0,3.0,42.0,87.0,159,1
2613,bargain_hunter,31.0,in_store,6.0,190.25,31.708333333333332,31.692552700384777,3.0,4.0,47.0,221.0,327,1
2614,bargain_hunter,35.0,mobile_app,2.0,32.45,16.225,3.627457787486989,1.0,1.0,39.0,50.0,90,0
2615,bargain_hunter,68.0,web,4.0,74.53,18.6325,10.705610289314041,3.0,3.0,30.0,204.0,296,0
2616,regular,48.0,in_store,26.0,1114.43,42.86269230769231,24.66221896872904,3.0,5.0,26.0,265.0,317,0
2617,loyal_vip,26.0,web,4.0,107.65,26.9125,3.1273138100719393,2.0,3.0,4.0,80.0,111,0
2618,bargain_hunter,67.0,in_store,5.0,194.28,38.856,18.583671058216673,2.0,3.0,8.0,200.0,230,1
2619,regular,59.0,in_store,12.0,734.2,61.18333333333334,50.43387323711089,3.0,5.0,26.0,279.0,321,0
2620,bargain_hunter,18.0,in_store,5.0,82.01,16.402,11.773974265302265,3.0,4.0,8.0,204.0,350,1
2621,bargain_hunter,54.0,in_store,1.0,36.79,36.79,0.0,1.0,1.0,226.0,0.0,279,1
2622,regular,33.0,web,3.0,135.09,45.03,2.101880110757989,2.0,2.0,3.0,20.0,31,0
2623,one_off,43.0,web,1.0,26.71,26.71,0.0,1.0,1.0,58.0,0.0,240,1
2624,loyal_vip,35.0,web,16.0,1753.75,109.609375,61.21626564552378,3.0,5.0,6.0,276.0,299,0
2625,regular,39.0,web,0.0,0.0,0.0,0.0,0.0,0.0,37.0,0.0,37,0
2626,bargain_hunter,18.0,mobile_app,6.0,100.1,16.683333333333334,16.130411856696863,3.0,4.0,30.0,174.0,233,0
2627,bargain_hunter,49.0,web,2.0,13.14,6.57,4.468914857098981,2.0,1.0,107.0,29.0,145,1
2628,bargain_hunter,29.0,mobile_app,0.0,0.0,0.0,0.0,0.0,0.0,60.0,0.0,60,1
2629,regular,31.0,web,12.0,755.05,62.92083333333333,43.63185001356303,2.0,4.0,29.0,289.0,324,0
2630,regular,59.0,mobile_app,14.0,961.86,68.70428571428572,48.48591591130605,3.0,4.0,45.0,213.0,267,0
2631,regular,26.0,in_store,16.0,905.11,56.569375,37.22225507564885,3.0,5.0,2.0,113.0,123,0
2632,loyal_vip,37.0,mobile_app,4.0,304.76,76.19,45.7889688316593,2.0,3.0,19.0,21.0,46,0
2633,bargain_hunter,50.0,in_store,3.0,132.56,44.18666666666667,44.683006091055844,3.0,3.0,188.0,37.0,254,1
2634,regular,,web,8.0,597.0899999999999,74.63624999999999,60.8244663971662,3.0,5.0,3.0,200.0,224,0
2635,regular,45.0,web,11.0,811.29,73.75363636363636,51.998038284675175,3.0,5.0,2.0,111.0,119,0
2636,bargain_hunter,58.0,web,16.0,523.26,32.70375,19.119462989320596,3.0,5.0,3.0,353.0,364,1
2637,regular,32.0,web,7.0,430.38,61.48285714285714,33.363197146099836,2.0,5.0,5.0,135.0,166,1
2638,regular,57.0,web,28.0,1467.87,52.42392857142857,29.593235255436294,3.0,5.0,1.0,326.0,357,0
2639,regular,26.0,mobile_app,1.0,23.39,23.39,0.0,1.0,1.0,5.0,0.0,37,0
2640,one_off,76.0,mobile_app,2.0,76.62,38.31,27.15290039756342,1.0,2.0,10.0,77.0,96,1
2641,bargain_hunter,44.0,web,3.0,43.46,14.486666666666666,16.079690088224126,2.0,2.0,52.0,15.0,119,0
2642,loyal_vip,39.0,web,21.0,3385.97,161.23666666666665,77.19957424321287,3.0,4.0,1.0,227.0,232,0
2643,bargain_hunter,30.0,web,3.0,78.21,26.069999999999997,12.834963965668152,2.0,2.0,65.0,55.0,135,1
2644,regular,73.0,web,2.0,91.5,45.75,16.899852070358488,2.0,2.0,22.0,53.0,100,0
2645,regular,48.0,web,0.0,0.0,0.0,0.0,0.0,0.0,23.0,0.0,23,1
2646,regular,43.0,web,6.0,433.90999999999997,72.31833333333333,31.13688514714769,2.0,3.0,8.0,97.0,111,0
2647,loyal_vip,28.0,mobile_app,3.0,308.47,102.82333333333334,83.16792310340168,2.0,3.0,8.0,58.0,66,1
2648,regular,22.0,web,1.0,35.57,35.57,0.0,1.0,1.0,53.0,0.0,64,0
2649,bargain_hunter,27.0,mobile_app,2.0,28.73,14.365,10.76923627747112,2.0,2.0,84.0,91.0,299,1
2650,bargain_hunter,45.0,mobile_app,4.0,84.86000000000001,21.215000000000003,13.674966179117225,2.0,3.0,14.0,190.0,301,1
2651,bargain_hunter,36.0,web,6.0,147.76999999999998,24.62833333333333,20.070799103839054,3.0,3.0,2.0,113.0,166,1
2652,bargain_hunter,46.0,mobile_app,0.0,0.0,0.0,0.0,0.0,0.0,136.0,0.0,136,1
2653,bargain_hunter,59.0,mobile_app,2.0,28.47,14.235,2.793071785686864,2.0,1.0,123.0,27.0,153,1
2654,regular,,web,13.0,720.72,55.440000000000005,44.119439970758165,3.0,5.0,16.0,147.0,207,0
2655,loyal_vip,52.0,web,1.0,103.86,103.86,0.0,1.0,1.0,5.0,0.0,25,0
2656,one_off,43.0,mobile_app,0.0,0.0,0.0,0.0,0.0,0.0,9.0,0.0,9,1
2657,bargain_hunter,27.0,mobile_app,5.0,81.5,16.3,4.8208349899161655,2.0,4.0,12.0,228.0,300,0
2658,bargain_hunter,42.0,mobile_app,2.0,46.739999999999995,23.369999999999997,6.4488138444213154,1.0,2.0,241.0,32.0,306,1
2659,loyal_vip,48.0,mobile_app,8.0,776.65,97.08125,52.48015528001309,2.0,4.0,11.0,50.0,69,0
2660,regular,,mobile_app,15.0,746.38,49.75866666666666,32.318250674605935,3.0,5.0,25.0,300.0,329,0
2661,loyal_vip,34.0,web,4.0,463.43,115.8575,42.160970399173685,2.0,3.0,19.0,34.0,55,0
2662,regular,38.0,web,2.0,122.03999999999999,61.019999999999996,63.37090972993839,2.0,2.0,18.0,53.0,97,0
2663,loyal_vip,19.0,mobile_app,16.0,1822.98,113.93625,69.84470133803994,3.0,5.0,4.0,124.0,133,0
2664,bargain_hunter,51.0,web,5.0,130.4,26.080000000000002,10.951531856320376,2.0,3.0,73.0,223.0,315,1
2665,bargain_hunter,42.0,mobile_app,3.0,47.199999999999996,15.733333333333333,8.972275816833394,2.0,2.0,100.0,26.0,237,0
2666,regular,52.0,in_store,14.0,528.48,37.74857142857143,34.698365259019795,3.0,5.0,15.0,225.0,240,0
2667,regular,41.0,web,8.0,424.14000000000004,53.017500000000005,41.77751334663866,3.0,4.0,79.0,141.0,235,0
2668,bargain_hunter,35.0,mobile_app,5.0,168.78,33.756,13.67681907462404,2.0,3.0,8.0,186.0,209,0
2669,loyal_vip,35.0,web,24.0,3095.12,128.96333333333334,82.92428745111627,3.0,4.0,8.0,125.0,139,0
2670,loyal_vip,31.0,web,26.0,3340.96,128.49846153846153,106.63370497895336,3.0,5.0,31.0,240.0,274,0
2671,bargain_hunter,18.0,web,1.0,15.51,15.51,0.0,1.0,1.0,6.0,0.0,38,1
2672,loyal_vip,18.0,mobile_app,26.0,3748.54,144.17461538461538,118.4527976953105,3.0,5.0,9.0,315.0,336,0
2673,loyal_vip,32.0,mobile_app,25.0,2499.06,99.9624,94.01959455702129,3.0,5.0,2.0,197.0,204,0
2674,loyal_vip,41.0,mobile_app,17.0,1536.66,90.39176470588235,68.87569248610991,3.0,5.0,16.0,246.0,263,0
2675,regular,39.0,in_store,3.0,194.01999999999998,64.67333333333333,44.25906159571544,2.0,3.0,64.0,92.0,230,0
2676,regular,42.0,in_store,11.0,822.55,74.77727272727272,58.605605208189615,3.0,4.0,17.0,169.0,248,0
2677,bargain_hunter,31.0,mobile_app,3.0,29.509999999999998,9.836666666666666,4.340971473453073,2.0,2.0,21.0,180.0,201,0
2678,loyal_vip,34.0,mobile_app,8.0,1190.25,148.78125,122.6122083687894,3.0,4.0,1.0,47.0,48,0
2679,loyal_vip,35.0,web,16.0,1561.53,97.595625,63.290399584639474,3.0,5.0,17.0,110.0,135,0
2680,one_off,28.0,in_store,0.0,0.0,0.0,0.0,0.0,0.0,54.0,0.0,54,1
2681,bargain_hunter,53.0,web,10.0,238.93,23.893,17.27892489582484,3.0,5.0,1.0,289.0,294,0
2682,one_off,18.0,mobile_app,1.0,23.39,23.39,0.0,1.0,1.0,203.0,0.0,261,1
2683,one_off,50.0,in_store,0.0,0.0,0.0,0.0,0.0,0.0,297.0,0.0,297,1
2684,bargain_hunter,40.0,web,2.0,22.79,11.395,10.712667734976193,1.0,2.0,25.0,165.0,214,1
2685,loyal_vip,43.0,mobile_app,14.0,1901.5800000000002,135.82714285714286,92.16071475989618,3.0,5.0,18.0,131.0,169,0
2686,bargain_hunter,40.0,mobile_app,12.0,326.73,27.227500000000003,20.673358404653868,3.0,5.0,32.0,277.0,355,0
2687,one_off,45.0,web,0.0,0.0,0.0,0.0,0.0,0.0,285.0,0.0,285,1
2688,regular,42.0,mobile_app,8.0,408.76,51.095,20.87878691057368,3.0,4.0,2.0,122.0,153,0
2689,regular,56.0,web,12.0,655.2,54.6,35.740256650652995,3.0,4.0,52.0,213.0,272,1
2690,regular,33.0,web,11.0,456.01,41.45545454545454,36.63377222281002,3.0,4.0,46.0,187.0,235,1
2691,regular,34.0,web,10.0,651.97,65.197,39.86868112246058,3.0,4.0,37.0,223.0,261,0
2692,regular,38.0,web,9.0,441.19,49.02111111111111,26.623057884306064,3.0,4.0,14.0,94.0,112,0
2693,regular,31.0,web,13.0,635.9,48.91538461538461,48.410019213551344,3.0,5.0,14.0,185.0,217,0
2694,regular,45.0,web,0.0,0.0,0.0,0.0,0.0,0.0,11.0,0.0,11,0
2695,bargain_hunter,54.0,in_store,7.0,99.95,14.278571428571428,7.386522475814604,3.0,5.0,37.0,212.0,279,1
2696,regular,27.0,web,6.0,349.65,58.275,21.14847961438363,3.0,3.0,26.0,119.0,194,0
2697,regular,59.0,web,14.0,903.5600000000001,64.54,52.647030451722685,3.0,5.0,21.0,306.0,329,0
2698,regular,65.0,web,22.0,861.69,39.16772727272728,32.55404823510444,3.0,5.0,1.0,174.0,195,0
2699,bargain_hunter,20.0,in_store,2.0,58.68000000000001,29.340000000000003,7.071067811865479,2.0,2.0,212.0,18.0,239,1
2700,loyal_vip,25.0,web,27.0,2594.04,96.07555555555555,64.9230862893419,3.0,5.0,17.0,276.0,298,0
2701,bargain_hunter,46.0,mobile_app,3.0,120.93,40.31,28.570252011489156,2.0,2.0,32.0,98.0,136,1
2702,bargain_hunter,37.0,mobile_app,0.0,0.0,0.0,0.0,0.0,0.0,67.0,0.0,67,1
2703,regular,18.0,mobile_app,29.0,1333.71,45.99,32.706506888647446,3.0,5.0,1.0,210.0,215,0
2704,regular,22.0,mobile_app,6.0,178.07,29.67833333333333,25.067096694006402,3.0,3.0,2.0,47.0,56,0
2705,bargain_hunter,38.0,mobile_app,2.0,92.71000000000001,46.355000000000004,30.41266265883341,2.0,2.0,58.0,21.0,111,1
2706,regular,39.0,web,3.0,148.15,49.38333333333333,20.284009301253366,2.0,3.0,10.0,17.0,35,0
2707,regular,36.0,in_store,22.0,1389.29,63.14954545454545,34.30536060807722,3.0,5.0,6.0,326.0,345,0
2708,bargain_hunter,57.0,mobile_app,1.0,20.65,20.65,0.0,1.0,1.0,107.0,0.0,120,1
2709,bargain_hunter,43.0,in_store,0.0,0.0,0.0,0.0,0.0,0.0,3.0,0.0,3,1
2710,regular,22.0,in_store,8.0,342.03,42.75375,24.110763415951805,3.0,4.0,63.0,127.0,226,0
2711,loyal_vip,31.0,web,14.0,2309.92,164.99428571428572,141.8693506073748,3.0,4.0,4.0,130.0,139,0
2712,loyal_vip,20.0,mobile_app,6.0,479.55999999999995,79.92666666666666,55.02766055963734,3.0,4.0,15.0,52.0,105,1
2713,regular,45.0,web,9.0,885.55,98.39444444444445,79.95251717599501,3.0,5.0,36.0,196.0,257,0
2714,regular,32.0,mobile_app,30.0,1620.53,54.01766666666666,38.0549498962907,3.0,5.0,6.0,333.0,363,0
2715,one_off,32.0,mobile_app,0.0,0.0,0.0,0.0,0.0,0.0,183.0,0.0,183,1
2716,bargain_hunter,56.0,web,8.0,144.83,18.10375,14.708043414112856,2.0,5.0,23.0,251.0,327,1
2717,loyal_vip,26.0,mobile_app,5.0,627.79,125.55799999999999,130.27891702036825,2.0,3.0,10.0,29.0,41,0
2718,regular,50.0,web,4.0,164.58,41.145,30.849287944240572,2.0,3.0,7.0,31.0,40,0
2719,loyal_vip,64.0,web,22.0,2977.09,135.32227272727275,73.69338252463433,3.0,5.0,4.0,147.0,158,0
2720,regular,61.0,mobile_app,0.0,0.0,0.0,0.0,0.0,0.0,9.0,0.0,9,0
2721,regular,27.0,in_store,25.0,1461.91,58.476400000000005,42.88040732471339,3.0,5.0,14.0,316.0,334,0
2722,loyal_vip,33.0,web,24.0,3619.25,150.80208333333334,113.85386361774646,3.0,5.0,7.0,352.0,366,0
2723,regular,40.0,mobile_app,12.0,538.3100000000001,44.859166666666674,26.599011074690633,2.0,5.0,5.0,217.0,225,0
2724,loyal_vip,40.0,in_store,17.0,2005.81,117.98882352941176,65.4219746035643,3.0,5.0,13.0,155.0,180,0
2725,regular,25.0,web,1.0,34.37,34.37,0.0,1.0,1.0,28.0,0.0,29,1
2726,regular,18.0,web,15.0,690.61,46.04066666666667,36.83404587115153,3.0,5.0,27.0,209.0,248,0
2727,regular,64.0,mobile_app,18.0,1007.0,55.94444444444444,39.56286319000244,3.0,5.0,9.0,261.0,283,0
2728,loyal_vip,40.0,mobile_app,33.0,4007.94,121.45272727272727,82.83742588169036,3.0,5.0,2.0,255.0,271,0
2729,one_off,22.0,in_store,1.0,19.8,19.8,0.0,1.0,1.0,30.0,0.0,263,1
2730,regular,49.0,web,10.0,481.65999999999997,48.166,35.44847033214394,3.0,4.0,4.0,189.0,217,0
2731,regular,54.0,web,10.0,447.32,44.732,36.48941423359809,3.0,5.0,5.0,159.0,179,0
2732,regular,51.0,mobile_app,3.0,149.35,49.78333333333333,36.1477030160055,2.0,3.0,1.0,66.0,94,0
2733,regular,43.0,web,7.0,683.0699999999999,97.58142857142856,70.81943693378992,3.0,4.0,1.0,94.0,99,0
2734,loyal_vip,48.0,web,60.0,7976.99,132.94983333333332,95.68817617288869,3.0,5.0,3.0,257.0,265,0
2735,regular,31.0,mobile_app,15.0,1163.41,77.56066666666668,44.37562803847991,3.0,5.0,32.0,152.0,187,0
2736,bargain_hunter,22.0,mobile_app,4.0,96.46000000000001,24.115000000000002,15.527117139593772,2.0,3.0,66.0,219.0,315,1
2737,one_off,47.0,web,0.0,0.0,0.0,0.0,0.0,0.0,3.0,0.0,3,1
2738,loyal_vip,36.0,mobile_app,19.0,1972.3600000000001,103.80842105263159,79.5402010350851,3.0,5.0,7.0,127.0,150,0
2739,regular,39.0,in_store,3.0,99.31,33.10333333333333,33.28086286942292,2.0,3.0,14.0,43.0,67,0
2740,regular,23.0,web,7.0,305.07,43.58142857142857,33.77453499732771,2.0,4.0,13.0,265.0,299,0
2741,one_off,33.0,mobile_app,3.0,232.49,77.49666666666667,17.124404612521086,2.0,3.0,9.0,60.0,204,1
2742,regular,33.0,web,13.0,607.66,46.74307692307692,15.52701269004837,3.0,4.0,3.0,268.0,273,1
2743,loyal_vip,30.0,mobile_app,51.0,5518.45,108.20490196078431,70.33022091171189,3.0,5.0,1.0,335.0,342,0
2744,loyal_vip,35.0,web,10.0,1116.81,111.681,59.91014669208102,3.0,5.0,11.0,203.0,229,0
2745,regular,41.0,web,0.0,0.0,0.0,0.0,0.0,0.0,22.0,0.0,22,1
2746,loyal_vip,37.0,mobile_app,24.0,2546.54,106.10583333333334,92.48796132783828,3.0,5.0,13.0,154.0,167,1
2747,bargain_hunter,23.0,web,0.0,0.0,0.0,0.0,0.0,0.0,1.0,0.0,1,1
2748,regular,22.0,web,4.0,370.55,92.6375,22.093645202486012,3.0,3.0,16.0,29.0,88,0
2749,regular,18.0,mobile_app,10.0,625.52,62.552,27.776079556977724,3.0,5.0,8.0,205.0,222,0
2750,regular,37.0,web,1.0,15.41,15.41,0.0,1.0,1.0,115.0,0.0,127,1
2751,bargain_hunter,30.0,mobile_app,1.0,42.57,42.57,0.0,1.0,1.0,37.0,0.0,126,1
2752,bargain_hunter,39.0,web,11.0,253.66000000000003,23.060000000000002,17.20832414850441,3.0,4.0,52.0,114.0,183,1
2753,regular,33.0,mobile_app,4.0,168.62,42.155,21.774609831942644,2.0,3.0,23.0,32.0,65,1
2754,one_off,30.0,mobile_app,1.0,42.74,42.74,0.0,1.0,1.0,111.0,0.0,177,1
2755,bargain_hunter,47.0,web,1.0,53.98,53.98,0.0,1.0,1.0,123.0,0.0,252,1
2756,regular,58.0,mobile_app,9.0,356.21,39.57888888888888,20.891085086972172,2.0,3.0,34.0,148.0,205,0
2757,bargain_hunter,45.0,web,0.0,0.0,0.0,0.0,0.0,0.0,42.0,0.0,42,1
2758,regular,30.0,web,1.0,59.48,59.48,0.0,1.0,1.0,16.0,0.0,26,0
2759,loyal_vip,52.0,mobile_app,29.0,3463.4700000000003,119.43,81.4464004729491,3.0,5.0,10.0,166.0,176,0
2760,regular,61.0,mobile_app,4.0,120.99000000000001,30.247500000000002,17.484532926751765,3.0,3.0,9.0,51.0,75,1
2761,one_off,46.0,web,0.0,0.0,0.0,0.0,0.0,0.0,128.0,0.0,128,1
2762,regular,18.0,web,19.0,877.05,46.16052631578947,34.94057168547192,3.0,5.0,13.0,262.0,297,0
2763,bargain_hunter,45.0,web,9.0,248.39,27.598888888888887,18.611968893996977,3.0,4.0,27.0,119.0,195,0
2764,regular,18.0,web,7.0,241.11,34.44428571428572,22.064480398099004,3.0,5.0,15.0,139.0,154,1
2765,bargain_hunter,37.0,mobile_app,6.0,157.22,26.203333333333333,13.340885527830103,2.0,3.0,43.0,193.0,237,1
2766,one_off,56.0,mobile_app,1.0,21.67,21.67,0.0,1.0,1.0,66.0,0.0,108,1
2767,regular,42.0,web,1.0,27.88,27.88,0.0,1.0,1.0,35.0,0.0,37,1
2768,regular,43.0,web,25.0,1246.21,49.8484,38.29429653790932,3.0,5.0,15.0,229.0,251,0
2769,regular,56.0,web,11.0,612.23,55.657272727272726,47.02064272017326,3.0,5.0,13.0,102.0,120,0
2770,bargain_hunter,31.0,in_store,0.0,0.0,0.0,0.0,0.0,0.0,14.0,0.0,14,1
2771,one_off,41.0,mobile_app,0.0,0.0,0.0,0.0,0.0,0.0,18.0,0.0,18,0
2772,regular,18.0,web,26.0,1645.91,63.30423076923077,46.904203323205635,3.0,5.0,8.0,312.0,331,0
2773,bargain_hunter,45.0,mobile_app,6.0,117.7,19.616666666666667,5.681403582449205,2.0,5.0,27.0,184.0,349,1
2774,bargain_hunter,27.0,web,8.0,145.55,18.19375,8.754353916766217,3.0,5.0,33.0,255.0,346,1
2775,bargain_hunter,35.0,mobile_app,6.0,155.36,25.893333333333334,15.078659975828975,3.0,3.0,15.0,106.0,134,0
2776,one_off,32.0,mobile_app,1.0,33.43,33.43,0.0,1.0,1.0,56.0,0.0,356,1
2777,one_off,42.0,web,2.0,75.28999999999999,37.644999999999996,48.684301884693795,1.0,2.0,129.0,8.0,249,1
2778,bargain_hunter,24.0,web,5.0,113.37,22.674,12.396458365194471,2.0,4.0,7.0,101.0,138,0
2779,bargain_hunter,38.0,mobile_app,0.0,0.0,0.0,0.0,0.0,0.0,186.0,0.0,186,1
2780,regular,50.0,in_store,14.0,1236.55,88.325,57.06241734344001,3.0,5.0,8.0,292.0,332,0
2781,regular,18.0,mobile_app,6.0,412.04999999999995,68.675,44.191401312925116,2.0,3.0,41.0,74.0,120,1
2782,bargain_hunter,47.0,mobile_app,4.0,66.39,16.5975,6.725579900647972,3.0,3.0,99.0,134.0,284,0
2783,one_off,65.0,mobile_app,0.0,0.0,0.0,0.0,0.0,0.0,95.0,0.0,95,1
2784,regular,18.0,mobile_app,3.0,329.87,109.95666666666666,41.2368116290934,2.0,2.0,39.0,44.0,94,0
2785,regular,32.0,in_store,12.0,762.64,63.553333333333335,55.85439778133098,3.0,5.0,50.0,274.0,336,1
2786,loyal_vip,45.0,web,50.0,6789.65,135.793,96.22583757674931,3.0,5.0,6.0,327.0,335,0
2787,bargain_hunter,61.0,mobile_app,4.0,119.55,29.8875,10.37976356506576,2.0,4.0,78.0,109.0,208,1
2788,loyal_vip,56.0,in_store,40.0,5136.93,128.42325,85.65367728682995,3.0,5.0,6.0,271.0,284,0
2789,regular,43.0,mobile_app,11.0,499.98,45.45272727272727,28.840948004845156,3.0,5.0,1.0,291.0,297,0
2790,bargain_hunter,32.0,mobile_app,6.0,106.07,17.67833333333333,10.84599357673914,3.0,2.0,61.0,271.0,356,0
2791,bargain_hunter,59.0,mobile_app,1.0,31.18,31.18,0.0,1.0,1.0,14.0,0.0,154,1
2792,regular,37.0,web,17.0,877.12,51.59529411764706,34.39604176312426,3.0,5.0,51.0,160.0,231,0
2793,regular,26.0,in_store,14.0,759.25,54.232142857142854,28.987270728471735,3.0,5.0,22.0,175.0,233,0
2794,one_off,67.0,mobile_app,1.0,31.63,31.63,0.0,1.0,1.0,7.0,0.0,58,0
2795,regular,46.0,mobile_app,25.0,1377.23,55.0892,35.27003271428405,3.0,5.0,22.0,316.0,342,0
2796,regular,50.0,mobile_app,13.0,512.85,39.45,27.24750753127094,3.0,5.0,12.0,86.0,108,0
2797,regular,62.0,mobile_app,4.0,162.68,40.67,20.82241260437096,2.0,3.0,4.0,50.0,76,1
2798,bargain_hunter,24.0,mobile_app,4.0,93.08,23.27,17.214826942687132,2.0,3.0,17.0,139.0,221,0
2799,one_off,48.0,mobile_app,0.0,0.0,0.0,0.0,0.0,0.0,149.0,0.0,149,1
2800,one_off,29.0,web,3.0,82.30000000000001,27.433333333333337,29.186713301318008,2.0,3.0,15.0,47.0,266,0
2801,regular,61.0,web,18.0,912.5699999999999,50.69833333333333,43.77020693012408,3.0,5.0,6.0,267.0,278,0
2802,bargain_hunter,,web,0.0,0.0,0.0,0.0,0.0,0.0,33.0,0.0,33,0
2803,regular,48.0,in_store,18.0,1119.99,62.221666666666664,45.9385358226556,3.0,5.0,12.0,261.0,304,0
2804,bargain_hunter,18.0,mobile_app,1.0,50.22,50.22,0.0,1.0,1.0,72.0,0.0,78,0
2805,bargain_hunter,43.0,mobile_app,13.0,364.59,28.045384615384613,11.391937657384872,3.0,4.0,62.0,285.0,352,1
2806,regular,49.0,mobile_app,23.0,1570.39,68.27782608695652,47.31196465593817,3.0,5.0,9.0,275.0,293,0
2807,regular,51.0,mobile_app,10.0,456.56,45.656,28.96938429906074,3.0,5.0,13.0,166.0,188,0
2808,bargain_hunter,38.0,mobile_app,1.0,37.46,37.46,0.0,1.0,1.0,21.0,0.0,80,1
2809,bargain_hunter,43.0,mobile_app,0.0,0.0,0.0,0.0,0.0,0.0,17.0,0.0,17,0
2810,bargain_hunter,51.0,web,0.0,0.0,0.0,0.0,0.0,0.0,179.0,0.0,179,1
2811,regular,47.0,web,5.0,225.68,45.136,33.41112658980538,3.0,3.0,26.0,127.0,161,0
2812,bargain_hunter,26.0,in_store,6.0,193.55,32.25833333333333,21.077251639306933,3.0,4.0,9.0,210.0,274,1
2813,regular,48.0,mobile_app,5.0,194.78,38.956,19.270757120570014,3.0,3.0,19.0,37.0,80,1
2814,one_off,53.0,mobile_app,2.0,17.31,8.655,5.932625894155133,2.0,2.0,15.0,63.0,145,0
2815,one_off,61.0,web,0.0,0.0,0.0,0.0,0.0,0.0,27.0,0.0,27,1
2816,regular,49.0,mobile_app,7.0,520.74,74.39142857142858,63.240316367691534,3.0,3.0,54.0,253.0,342,1
2817,one_off,41.0,mobile_app,1.0,69.99,69.99,0.0,1.0,1.0,65.0,0.0,318,1
2818,regular,44.0,mobile_app,0.0,0.0,0.0,0.0,0.0,0.0,17.0,0.0,17,1
2819,bargain_hunter,44.0,mobile_app,0.0,0.0,0.0,0.0,0.0,0.0,57.0,0.0,57,1
2820,bargain_hunter,20.0,web,10.0,249.17000000000002,24.917,16.154850011339907,3.0,4.0,24.0,254.0,305,1
2821,bargain_hunter,25.0,web,9.0,196.46,21.82888888888889,13.61577343051474,3.0,5.0,3.0,178.0,276,0
2822,one_off,50.0,web,1.0,9.79,9.79,0.0,1.0,1.0,31.0,0.0,141,1
2823,loyal_vip,24.0,web,22.0,2000.74,90.94272727272727,74.68805713045478,3.0,5.0,28.0,217.0,254,0
2824,regular,62.0,web,17.0,1073.31,63.135882352941174,38.5868931858383,3.0,5.0,6.0,211.0,220,0
2825,regular,44.0,in_store,18.0,971.13,53.95166666666667,45.21161137297781,3.0,5.0,3.0,267.0,287,0
2826,regular,53.0,web,8.0,544.37,68.04625,62.954759025260124,3.0,4.0,9.0,69.0,96,0
2827,one_off,31.0,mobile_app,0.0,0.0,0.0,0.0,0.0,0.0,20.0,0.0,20,1
2828,regular,21.0,in_store,3.0,70.27,23.423333333333332,13.6322277465326,2.0,3.0,4.0,14.0,21,1
2829,regular,39.0,mobile_app,2.0,65.13,32.565,16.34123771322111,2.0,2.0,35.0,57.0,94,0
2830,bargain_hunter,18.0,web,4.0,59.66,14.915,12.168225014356038,2.0,4.0,47.0,91.0,196,1
2831,regular,51.0,web,8.0,304.63,38.07875,25.635749835783177,2.0,5.0,3.0,321.0,326,0
2832,bargain_hunter,35.0,web,3.0,49.93,16.643333333333334,11.344691857134478,1.0,2.0,70.0,41.0,257,1
2833,regular,61.0,web,11.0,460.15,41.83181818181818,35.27945175826342,3.0,5.0,3.0,266.0,318,1
2834,regular,48.0,in_store,32.0,1853.46,57.920625,38.64420116224092,3.0,5.0,4.0,335.0,339,0
2835,regular,39.0,in_store,11.0,452.83,41.166363636363634,24.593182092900168,3.0,5.0,5.0,226.0,268,0
2836,one_off,57.0,in_store,2.0,51.83,25.915,35.23513090652566,1.0,2.0,52.0,23.0,99,1
2837,bargain_hunter,63.0,web,7.0,192.12,27.445714285714285,15.189834163175115,2.0,5.0,41.0,153.0,212,1
2838,bargain_hunter,31.0,in_store,0.0,0.0,0.0,0.0,0.0,0.0,16.0,0.0,16,1
2839,one_off,49.0,mobile_app,0.0,0.0,0.0,0.0,0.0,0.0,299.0,0.0,299,1
2840,regular,30.0,mobile_app,2.0,315.2,157.6,151.80168378512803,1.0,2.0,9.0,8.0,19,1
2841,bargain_hunter,55.0,mobile_app,1.0,2.54,2.54,0.0,1.0,1.0,23.0,0.0,47,1
2842,regular,49.0,web,5.0,308.22,61.644000000000005,35.72223789182307,3.0,2.0,25.0,172.0,227,0
2843,regular,39.0,web,1.0,11.34,11.34,0.0,1.0,1.0,15.0,0.0,16,0
2844,regular,48.0,web,0.0,0.0,0.0,0.0,0.0,0.0,41.0,0.0,41,1
2845,one_off,38.0,web,1.0,46.27,46.27,0.0,1.0,1.0,138.0,0.0,282,1
2846,one_off,42.0,mobile_app,0.0,0.0,0.0,0.0,0.0,0.0,52.0,0.0,52,1
2847,regular,,web,11.0,827.69,75.24454545454546,64.01837460661373,3.0,5.0,28.0,106.0,149,0
2848,regular,26.0,in_store,10.0,497.04,49.704,27.885938790405145,2.0,4.0,4.0,125.0,140,1
2849,loyal_vip,26.0,web,9.0,804.52,89.39111111111112,49.694318449004925,2.0,5.0,11.0,49.0,62,1
2850,one_off,51.0,mobile_app,1.0,108.67,108.67,0.0,1.0,1.0,108.0,0.0,145,1
2851,bargain_hunter,52.0,web,6.0,204.37,34.06166666666667,28.54533896569923,3.0,5.0,169.0,98.0,268,1
2852,one_off,52.0,mobile_app,2.0,57.1,28.55,2.2203152929257595,2.0,2.0,175.0,135.0,329,1
2853,one_off,54.0,web,0.0,0.0,0.0,0.0,0.0,0.0,36.0,0.0,36,1
2854,regular,35.0,web,0.0,0.0,0.0,0.0,0.0,0.0,14.0,0.0,14,0
2855,regular,63.0,in_store,21.0,1109.3,52.82380952380952,32.81987530082807,3.0,5.0,17.0,188.0,220,0
2856,bargain_hunter,19.0,web,1.0,33.44,33.44,0.0,1.0,1.0,36.0,0.0,68,1
2857,bargain_hunter,30.0,web,4.0,136.66,34.165,20.045442541053234,2.0,4.0,2.0,148.0,160,0
2858,bargain_hunter,41.0,mobile_app,5.0,117.48,23.496000000000002,6.662058991032725,3.0,3.0,34.0,126.0,205,0
2859,regular,47.0,mobile_app,20.0,1404.18,70.209,45.88610681837552,3.0,5.0,11.0,271.0,282,0
2860,regular,38.0,web,12.0,660.9,55.074999999999996,33.05290868784883,2.0,5.0,1.0,229.0,231,0
2861,bargain_hunter,34.0,web,5.0,68.4,13.680000000000001,7.117162355883137,2.0,4.0,4.0,74.0,83,0
2862,loyal_vip,60.0,mobile_app,10.0,882.5999999999999,88.25999999999999,40.75552750513999,3.0,4.0,5.0,145.0,151,0
2863,one_off,39.0,mobile_app,1.0,13.54,13.54,0.0,1.0,1.0,5.0,0.0,46,0
2864,bargain_hunter,47.0,mobile_app,0.0,0.0,0.0,0.0,0.0,0.0,56.0,0.0,56,1
2865,loyal_vip,44.0,mobile_app,4.0,445.31,111.3275,33.11942468803869,2.0,3.0,37.0,19.0,57,1
2866,bargain_hunter,23.0,in_store,4.0,81.57000000000001,20.392500000000002,12.763843138595313,2.0,4.0,170.0,155.0,334,1
2867,bargain_hunter,34.0,web,1.0,6.53,6.53,0.0,1.0,1.0,124.0,0.0,169,1
2868,regular,43.0,web,10.0,728.3299999999999,72.833,28.144083273990883,3.0,4.0,14.0,165.0,195,0
2869,regular,54.0,mobile_app,9.0,424.87,47.20777777777778,11.503613321232788,2.0,5.0,42.0,138.0,246,0
2870,bargain_hunter,55.0,web,1.0,93.19,93.19,0.0,1.0,1.0,242.0,0.0,276,1
2871,loyal_vip,57.0,web,10.0,881.27,88.127,62.73509580414743,3.0,3.0,17.0,88.0,110,0
2872,regular,27.0,mobile_app,4.0,181.69,45.4225,21.36241773926038,2.0,3.0,11.0,39.0,64,1
2873,bargain_hunter,46.0,web,3.0,57.44,19.146666666666665,7.470055778461988,2.0,2.0,102.0,110.0,360,1
2874,bargain_hunter,44.0,web,10.0,221.4,22.14,20.046050317539695,3.0,4.0,4.0,221.0,235,1
2875,regular,64.0,web,31.0,1753.32,56.55870967741935,34.57502255886808,3.0,5.0,3.0,332.0,335,0
2876,regular,46.0,mobile_app,11.0,554.09,50.371818181818185,38.749033489412824,3.0,4.0,55.0,177.0,269,1
2877,bargain_hunter,51.0,mobile_app,3.0,81.44,27.146666666666665,12.432016462880563,2.0,3.0,4.0,30.0,212,0
2878,loyal_vip,22.0,web,37.0,4401.06,118.94756756756757,83.21173589789568,3.0,5.0,3.0,227.0,230,0
2879,regular,48.0,in_store,1.0,146.81,146.81,0.0,1.0,1.0,30.0,0.0,36,0
2880,bargain_hunter,29.0,in_store,1.0,49.51,49.51,0.0,1.0,1.0,36.0,0.0,92,1
2881,regular,40.0,web,10.0,523.67,52.367,36.43622710374327,3.0,4.0,4.0,287.0,293,0
2882,bargain_hunter,42.0,mobile_app,4.0,97.82,24.455,17.26254616213958,3.0,4.0,145.0,206.0,362,1
2883,bargain_hunter,40.0,mobile_app,4.0,141.7,35.425,14.806360119894423,1.0,3.0,119.0,140.0,347,1
2884,bargain_hunter,34.0,mobile_app,1.0,62.71,62.71,0.0,1.0,1.0,76.0,0.0,107,1
2885,regular,33.0,mobile_app,1.0,20.74,20.74,0.0,1.0,1.0,13.0,0.0,29,0
2886,loyal_vip,60.0,web,44.0,5125.37,116.48568181818182,85.24878323888477,3.0,5.0,3.0,278.0,287,0
2887,regular,49.0,web,8.0,367.43,45.92875,26.535787391747018,3.0,5.0,13.0,86.0,128,0
2888,regular,39.0,web,3.0,104.22,34.74,15.27536251615653,3.0,3.0,38.0,34.0,75,0
2889,regular,19.0,mobile_app,39.0,2163.7400000000002,55.48051282051283,31.616294845065173,3.0,5.0,1.0,284.0,295,0
2890,bargain_hunter,31.0,mobile_app,4.0,62.230000000000004,15.557500000000001,12.074378866012115,2.0,3.0,3.0,66.0,112,0
2891,one_off,18.0,mobile_app,4.0,219.66,54.915,27.192927389304746,3.0,4.0,39.0,157.0,327,0
2892,regular,27.0,web,12.0,669.35,55.77916666666667,42.0275287397403,3.0,5.0,19.0,177.0,279,0
2893,regular,46.0,web,7.0,238.01,34.00142857142857,14.99598882876287,3.0,3.0,37.0,97.0,155,1
2894,loyal_vip,31.0,mobile_app,42.0,5648.13,134.4792857142857,84.8606511817435,3.0,5.0,5.0,286.0,291,0
2895,bargain_hunter,38.0,mobile_app,1.0,48.95,48.95,0.0,1.0,1.0,166.0,0.0,197,1
2896,bargain_hunter,36.0,web,6.0,223.04,37.17333333333333,23.629587103177805,3.0,3.0,2.0,128.0,133,0
2897,regular,31.0,in_store,8.0,326.33000000000004,40.791250000000005,12.83984583518932,3.0,4.0,16.0,112.0,136,0
2898,regular,58.0,mobile_app,4.0,170.77999999999997,42.69499999999999,33.94202557302672,2.0,3.0,4.0,68.0,72,0
2899,bargain_hunter,37.0,mobile_app,1.0,28.3,28.3,0.0,1.0,1.0,19.0,0.0,89,0
2900,bargain_hunter,63.0,web,1.0,11.4,11.4,0.0,1.0,1.0,90.0,0.0,93,1
2901,bargain_hunter,39.0,web,0.0,0.0,0.0,0.0,0.0,0.0,365.0,0.0,365,1
2902,regular,41.0,mobile_app,5.0,227.08,45.416000000000004,27.52398099839484,1.0,3.0,4.0,32.0,51,0
2903,regular,48.0,mobile_app,9.0,384.67,42.74111111111111,21.50700493121046,3.0,5.0,10.0,238.0,264,0
2904,loyal_vip,47.0,web,23.0,2406.75,104.6413043478261,69.54312476993536,3.0,5.0,3.0,191.0,198,0
2905,bargain_hunter,54.0,mobile_app,3.0,92.05,30.683333333333334,24.78623475506785,3.0,2.0,95.0,79.0,208,1
2906,bargain_hunter,61.0,web,4.0,90.75,22.6875,13.87386361712795,2.0,4.0,76.0,94.0,230,1
2907,regular,42.0,web,12.0,558.74,46.56166666666667,37.43013439203846,3.0,4.0,7.0,144.0,173,0
2908,bargain_hunter,39.0,web,1.0,18.76,18.76,0.0,1.0,1.0,214.0,0.0,215,1
2909,regular,18.0,mobile_app,11.0,626.94,56.99454545454546,44.21346228551579,3.0,5.0,35.0,293.0,331,0
2910,loyal_vip,37.0,in_store,50.0,5692.97,113.85940000000001,86.83023465736495,3.0,5.0,14.0,292.0,311,0
2911,regular,20.0,mobile_app,14.0,884.71,63.19357142857143,58.59529603161817,3.0,5.0,19.0,259.0,318,0
2912,regular,18.0,web,4.0,136.42000000000002,34.105000000000004,23.985975763627653,2.0,4.0,5.0,26.0,54,0
2913,bargain_hunter,34.0,web,2.0,25.980000000000004,12.990000000000002,6.264966081312813,1.0,2.0,12.0,11.0,45,1
2914,regular,37.0,mobile_app,10.0,476.12,47.612,24.384152777299164,3.0,4.0,13.0,103.0,128,1
2915,regular,48.0,mobile_app,1.0,104.06,104.06,0.0,1.0,1.0,17.0,0.0,34,0
2916,one_off,41.0,web,1.0,5.66,5.66,0.0,1.0,1.0,62.0,0.0,179,1
2917,bargain_hunter,39.0,mobile_app,6.0,242.87,40.47833333333333,19.979040434081583,3.0,4.0,3.0,102.0,259,1
2918,loyal_vip,42.0,mobile_app,19.0,2127.95,111.99736842105263,75.8604846516218,3.0,5.0,20.0,86.0,106,1
2919,regular,41.0,mobile_app,2.0,148.22,74.11,50.86926183856023,2.0,2.0,3.0,51.0,83,0
2920,one_off,45.0,in_store,2.0,19.84,9.92,5.048742417671949,2.0,2.0,11.0,149.0,163,1
2921,bargain_hunter,31.0,web,11.0,259.88,23.625454545454545,15.18917335712274,3.0,5.0,3.0,293.0,320,0
2922,regular,32.0,mobile_app,15.0,720.99,48.066,51.88065752970258,2.0,5.0,20.0,282.0,324,0
2923,one_off,45.0,mobile_app,2.0,19.33,9.665,0.7000357133746828,2.0,2.0,103.0,92.0,215,1
2924,bargain_hunter,55.0,web,8.0,296.85,37.10625,18.06877886418607,3.0,4.0,30.0,297.0,349,0
2925,regular,49.0,web,0.0,0.0,0.0,0.0,0.0,0.0,17.0,0.0,17,1
2926,bargain_hunter,23.0,mobile_app,5.0,52.56,10.512,7.181815230148991,3.0,3.0,26.0,233.0,269,0
2927,regular,62.0,mobile_app,10.0,656.81,65.681,38.36255015564586,3.0,5.0,55.0,190.0,254,0
2928,regular,28.0,web,1.0,8.31,8.31,0.0,1.0,1.0,10.0,0.0,49,0
2929,loyal_vip,39.0,web,39.0,3920.83,100.53410256410257,69.06896293285996,3.0,5.0,4.0,262.0,271,0
2930,regular,49.0,web,4.0,235.64,58.91,33.74005236115281,3.0,3.0,8.0,25.0,130,0
2931,one_off,40.0,web,1.0,17.12,17.12,0.0,1.0,1.0,123.0,0.0,222,1
2932,regular,37.0,web,15.0,710.41,47.36066666666667,29.429747454541555,3.0,5.0,30.0,252.0,320,0
2933,bargain_hunter,49.0,mobile_app,1.0,13.89,13.89,0.0,1.0,1.0,20.0,0.0,49,1
2934,regular,38.0,web,4.0,212.31,53.0775,43.9203653407695,2.0,3.0,9.0,18.0,35,0
2935,loyal_vip,39.0,mobile_app,0.0,0.0,0.0,0.0,0.0,0.0,17.0,0.0,17,0
2936,bargain_hunter,24.0,mobile_app,10.0,147.69,14.769,11.693878218015517,2.0,4.0,8.0,344.0,356,0
2937,loyal_vip,30.0,web,48.0,5214.98,108.64541666666666,68.7231163053329,3.0,5.0,4.0,333.0,345,0
2938,regular,36.0,mobile_app,17.0,1028.3,60.48823529411764,45.68461710949515,3.0,5.0,9.0,283.0,317,0
2939,bargain_hunter,63.0,mobile_app,4.0,54.59,13.6475,3.4210366362649007,2.0,3.0,47.0,214.0,291,0
2940,regular,37.0,mobile_app,19.0,854.06,44.95052631578947,32.239293739452684,3.0,5.0,1.0,227.0,230,0
2941,bargain_hunter,,mobile_app,2.0,57.16,28.58,2.1920310216782948,1.0,2.0,32.0,13.0,366,1
2942,bargain_hunter,49.0,mobile_app,0.0,0.0,0.0,0.0,0.0,0.0,20.0,0.0,20,1
2943,bargain_hunter,37.0,web,1.0,44.36,44.36,0.0,1.0,1.0,115.0,0.0,202,1
2944,loyal_vip,61.0,web,36.0,3815.05,105.97361111111111,89.63614510589154,3.0,5.0,13.0,331.0,346,0
2945,bargain_hunter,46.0,mobile_app,0.0,0.0,0.0,0.0,0.0,0.0,2.0,0.0,2,1
2946,one_off,45.0,mobile_app,0.0,0.0,0.0,0.0,0.0,0.0,105.0,0.0,105,1
2947,regular,30.0,mobile_app,18.0,949.45,52.74722222222223,32.58126776964218,3.0,5.0,11.0,330.0,342,0
2948,regular,18.0,web,13.0,708.43,54.49461538461538,33.20821826380347,3.0,5.0,5.0,305.0,316,1
2949,regular,58.0,web,9.0,423.39,47.04333333333333,51.10221497156459,3.0,4.0,4.0,230.0,276,0
2950,regular,45.0,web,7.0,309.44,44.205714285714286,35.79308865183466,3.0,3.0,41.0,260.0,334,1
2951,regular,32.0,mobile_app,0.0,0.0,0.0,0.0,0.0,0.0,1.0,0.0,1,0
2952,bargain_hunter,43.0,mobile_app,4.0,46.64,11.66,4.568683253046403,2.0,3.0,38.0,109.0,234,1
2953,loyal_vip,23.0,mobile_app,11.0,1764.25,160.38636363636363,106.5354545935509,3.0,5.0,19.0,242.0,274,0
2954,regular,63.0,web,18.0,1030.15,57.23055555555556,47.01219259526596,3.0,5.0,11.0,339.0,364,0
2955,bargain_hunter,49.0,web,5.0,133.79000000000002,26.758000000000003,15.311161614978792,2.0,3.0,25.0,91.0,207,0
2956,bargain_hunter,22.0,web,0.0,0.0,0.0,0.0,0.0,0.0,2.0,0.0,2,1
2957,regular,40.0,mobile_app,20.0,1238.12,61.90599999999999,47.71427783665687,3.0,5.0,19.0,329.0,356,0
2958,regular,23.0,mobile_app,16.0,862.08,53.88,28.859462919465425,3.0,5.0,5.0,178.0,189,0
2959,bargain_hunter,42.0,web,4.0,79.34,19.835,3.1221840646145984,2.0,3.0,7.0,35.0,54,0
2960,loyal_vip,35.0,mobile_app,16.0,1755.4,109.7125,69.50022489172247,3.0,5.0,3.0,118.0,123,0
2961,bargain_hunter,42.0,web,0.0,0.0,0.0,0.0,0.0,0.0,41.0,0.0,41,0
2962,bargain_hunter,45.0,web,7.0,108.92,15.56,7.757368540082822,3.0,4.0,62.0,181.0,254,1
2963,bargain_hunter,38.0,web,1.0,2.61,2.61,0.0,1.0,1.0,53.0,0.0,195,1
2964,one_off,51.0,web,2.0,80.03,40.015,27.669088347829604,1.0,2.0,18.0,227.0,319,1
2965,regular,34.0,web,4.0,193.13,48.2825,29.89619638571658,3.0,3.0,21.0,64.0,104,0
2966,regular,55.0,web,7.0,283.83,40.54714285714285,16.028039716161707,3.0,4.0,59.0,174.0,347,0
2967,regular,32.0,web,5.0,302.87,60.574,34.540114794250464,3.0,3.0,13.0,48.0,109,1
2968,loyal_vip,42.0,mobile_app,42.0,4475.57,106.56119047619048,82.24935534486433,3.0,5.0,18.0,317.0,349,0
2969,regular,41.0,web,19.0,1126.32,59.279999999999994,39.666375349070314,3.0,5.0,46.0,272.0,355,1
2970,bargain_hunter,54.0,in_store,8.0,194.42000000000002,24.302500000000002,11.913176078851276,3.0,5.0,33.0,288.0,341,1
2971,bargain_hunter,73.0,web,5.0,45.32,9.064,2.4231652853241354,2.0,4.0,42.0,285.0,329,1
2972,one_off,61.0,web,0.0,0.0,0.0,0.0,0.0,0.0,33.0,0.0,33,1
2973,regular,30.0,web,23.0,964.97,41.95521739130435,28.445619868853626,3.0,5.0,12.0,332.0,345,0
2974,bargain_hunter,33.0,web,3.0,83.83000000000001,27.94333333333334,10.12796294095379,2.0,3.0,75.0,149.0,227,1
2975,regular,43.0,web,4.0,257.67,64.4175,22.152767133400438,2.0,3.0,38.0,42.0,112,0
2976,loyal_vip,48.0,mobile_app,27.0,3597.63,133.24555555555557,67.22935212523981,3.0,5.0,20.0,323.0,356,0
2977,bargain_hunter,30.0,web,0.0,0.0,0.0,0.0,0.0,0.0,33.0,0.0,33,1
2978,regular,25.0,mobile_app,0.0,0.0,0.0,0.0,0.0,0.0,39.0,0.0,39,1
2979,one_off,28.0,web,4.0,85.13,21.2825,5.999413165746575,2.0,3.0,38.0,186.0,335,0
2980,regular,37.0,web,17.0,844.0,49.64705882352941,24.34939931618075,3.0,4.0,18.0,273.0,291,1
2981,one_off,33.0,in_store,1.0,32.08,32.08,0.0,1.0,1.0,139.0,0.0,222,1
2982,regular,50.0,in_store,4.0,235.88,58.97,45.80643404588486,2.0,2.0,9.0,96.0,122,0
2983,regular,46.0,web,8.0,385.26,48.1575,41.704742707343414,2.0,5.0,77.0,191.0,278,0
2984,bargain_hunter,50.0,in_store,12.0,442.41,36.8675,15.860270618463893,3.0,5.0,4.0,360.0,366,0
2985,loyal_vip,30.0,mobile_app,24.0,3675.57,153.14875,108.79997323818803,3.0,5.0,3.0,201.0,205,0
2986,bargain_hunter,49.0,mobile_app,3.0,97.71000000000001,32.57,2.475863485735836,1.0,2.0,42.0,67.0,210,1
2987,loyal_vip,44.0,web,16.0,1917.04,119.815,84.06657282574724,3.0,5.0,5.0,86.0,95,0
2988,bargain_hunter,26.0,web,0.0,0.0,0.0,0.0,0.0,0.0,27.0,0.0,27,1
2989,loyal_vip,27.0,in_store,0.0,0.0,0.0,0.0,0.0,0.0,21.0,0.0,21,0
2990,regular,43.0,mobile_app,8.0,320.37,40.04625,44.27213665420466,3.0,4.0,26.0,180.0,231,1
2991,regular,29.0,mobile_app,3.0,183.49,61.163333333333334,18.104776533648057,2.0,3.0,11.0,12.0,94,1
2992,loyal_vip,40.0,web,18.0,2255.74,125.31888888888888,89.41204346361776,3.0,5.0,24.0,184.0,226,0
2993,regular,48.0,mobile_app,9.0,402.42,44.71333333333334,18.783657790749913,3.0,4.0,38.0,75.0,113,0
2994,regular,18.0,web,8.0,432.21000000000004,54.026250000000005,37.54449129746886,3.0,5.0,6.0,51.0,78,1
2995,one_off,45.0,in_store,1.0,47.41,47.41,0.0,1.0,1.0,125.0,0.0,126,1
2996,loyal_vip,37.0,web,26.0,3735.52,143.67384615384614,108.30611827877216,3.0,5.0,5.0,96.0,103,0
2997,bargain_hunter,31.0,mobile_app,3.0,43.38,14.46,7.566868572930285,1.0,3.0,13.0,124.0,150,0
2998,regular,44.0,mobile_app,0.0,0.0,0.0,0.0,0.0,0.0,11.0,0.0,11,1
2999,regular,29.0,mobile_app,2.0,109.1,54.55,20.73237082438957,2.0,2.0,3.0,21.0,69,0
3000,bargain_hunter,34.0,web,3.0,139.11,46.370000000000005,32.355331863542986,2.0,2.0,30.0,79.0,211,1
3001,bargain_hunter,46.0,mobile_app,8.0,193.43,24.17875,11.47693144342785,3.0,4.0,40.0,169.0,210,1
3002,regular,50.0,mobile_app,12.0,680.92,56.74333333333333,39.708396944208005,3.0,5.0,11.0,168.0,186,0
3003,regular,51.0,web,3.0,100.69,33.56333333333333,22.079504825365383,2.0,3.0,28.0,14.0,63,1
3004,bargain_hunter,52.0,web,17.0,404.42,23.789411764705882,12.875365757226197,3.0,5.0,20.0,310.0,330,0
3005,regular,48.0,web,4.0,219.22,54.805,38.804462372258165,2.0,3.0,27.0,15.0,69,1
3006,loyal_vip,18.0,web,25.0,2850.83,114.0332,87.07849230818519,3.0,5.0,2.0,338.0,365,0
3007,one_off,33.0,web,1.0,29.72,29.72,0.0,1.0,1.0,55.0,0.0,58,0
3008,regular,36.0,in_store,7.0,273.68,39.097142857142856,27.39098252727572,3.0,4.0,1.0,106.0,112,0
3009,bargain_hunter,18.0,mobile_app,7.0,211.53,30.21857142857143,19.050737018613766,2.0,4.0,114.0,147.0,332,1
3010,regular,39.0,web,2.0,55.25,27.625,0.44547727214752675,2.0,2.0,43.0,5.0,81,1
3011,regular,44.0,web,2.0,99.9,49.95,26.898341956336264,1.0,2.0,7.0,2.0,30,0
3012,loyal_vip,53.0,web,17.0,2267.33,133.37235294117647,122.15548593541614,3.0,5.0,10.0,88.0,98,0
3013,regular,46.0,web,20.0,1299.54,64.977,25.458807616680673,3.0,5.0,9.0,331.0,365,0
3014,loyal_vip,32.0,web,22.0,2430.44,110.47454545454546,63.47114933103541,3.0,4.0,24.0,219.0,263,0
3015,regular,44.0,web,11.0,441.1,40.1,35.193186272345386,3.0,5.0,6.0,94.0,108,0
3016,one_off,37.0,web,1.0,9.32,9.32,0.0,1.0,1.0,82.0,0.0,198,1
3017,bargain_hunter,54.0,in_store,0.0,0.0,0.0,0.0,0.0,0.0,5.0,0.0,5,1
3018,regular,43.0,mobile_app,13.0,633.39,48.722307692307695,30.909278044476697,3.0,4.0,3.0,249.0,253,0
3019,bargain_hunter,26.0,in_store,14.0,414.01,29.572142857142858,13.646770358176003,3.0,5.0,32.0,239.0,274,1
3020,regular,32.0,mobile_app,14.0,903.21,64.515,41.80260863225569,3.0,4.0,10.0,123.0,146,0
3021,loyal_vip,67.0,in_store,22.0,1898.79,86.30863636363637,59.837335080036105,3.0,5.0,20.0,199.0,244,0
3022,loyal_vip,,web,16.0,2417.5,151.09375,116.60373755444833,3.0,5.0,2.0,69.0,71,0
3023,regular,74.0,mobile_app,9.0,499.93,55.54777777777778,42.60784516312043,2.0,5.0,9.0,180.0,199,0
3024,bargain_hunter,33.0,web,0.0,0.0,0.0,0.0,0.0,0.0,45.0,0.0,45,1
3025,regular,,mobile_app,7.0,328.71,46.958571428571425,14.120927057115654,3.0,4.0,7.0,150.0,164,0
3026,regular,44.0,web,3.0,259.36,86.45333333333333,20.715275362237726,2.0,1.0,27.0,33.0,71,1
3027,regular,18.0,mobile_app,14.0,705.6,50.4,52.19407172349101,3.0,5.0,16.0,169.0,189,1
3028,regular,53.0,web,0.0,0.0,0.0,0.0,0.0,0.0,25.0,0.0,25,0
3029,regular,31.0,web,11.0,429.14,39.01272727272727,26.756835422339872,3.0,4.0,13.0,62.0,83,1
3030,regular,58.0,web,20.0,1096.74,54.837,35.16196870423917,3.0,5.0,6.0,334.0,343,0
3031,bargain_hunter,50.0,mobile_app,5.0,170.82,34.164,33.23838864927119,2.0,3.0,108.0,105.0,235,1
3032,regular,43.0,mobile_app,15.0,642.33,42.822,26.847004674637354,3.0,5.0,53.0,268.0,321,0
3033,regular,37.0,mobile_app,7.0,315.53,45.075714285714284,20.892104455306278,3.0,3.0,64.0,75.0,208,0
3034,one_off,39.0,web,4.0,180.03,45.0075,15.068194704962723,3.0,2.0,5.0,245.0,326,0
3035,regular,55.0,in_store,3.0,77.66,25.886666666666667,26.838901492671667,2.0,2.0,17.0,41.0,75,0
3036,bargain_hunter,55.0,web,5.0,135.95000000000002,27.190000000000005,17.22240256177982,3.0,4.0,11.0,162.0,175,0
3037,bargain_hunter,50.0,web,3.0,78.04,26.013333333333335,16.99922449211532,2.0,3.0,37.0,124.0,272,1
3038,regular,34.0,web,15.0,709.77,47.318,29.34775172698194,3.0,4.0,16.0,221.0,267,0
3039,regular,41.0,web,7.0,312.47,44.63857142857143,30.31430708899206,3.0,5.0,1.0,82.0,91,0
3040,regular,33.0,mobile_app,2.0,28.919999999999998,14.459999999999999,10.592459582174481,2.0,2.0,65.0,4.0,81,1
3041,bargain_hunter,50.0,mobile_app,14.0,370.78999999999996,26.484999999999996,23.10769893347237,3.0,5.0,18.0,294.0,366,0
3042,bargain_hunter,42.0,mobile_app,1.0,20.27,20.27,0.0,1.0,1.0,119.0,0.0,122,1
3043,regular,48.0,web,11.0,588.66,53.51454545454545,55.52073240936873,2.0,4.0,15.0,137.0,166,0
3044,one_off,37.0,mobile_app,4.0,221.85,55.4625,32.68538039654222,2.0,4.0,77.0,231.0,332,1
3045,bargain_hunter,38.0,in_store,9.0,176.21,19.57888888888889,13.560105497786921,3.0,4.0,7.0,229.0,276,0
3046,regular,36.0,web,3.0,240.49,80.16333333333334,37.927805543338955,1.0,3.0,136.0,48.0,195,1
3047,regular,39.0,web,0.0,0.0,0.0,0.0,0.0,0.0,10.0,0.0,10,0
3048,regular,43.0,mobile_app,7.0,441.7,63.1,27.05867636575497,3.0,4.0,22.0,92.0,118,1
3049,bargain_hunter,46.0,in_store,6.0,140.67000000000002,23.445000000000004,15.19420514538355,2.0,5.0,111.0,209.0,365,1
3050,one_off,,mobile_app,0.0,0.0,0.0,0.0,0.0,0.0,68.0,0.0,68,1
3051,regular,46.0,in_store,2.0,162.45999999999998,81.22999999999999,17.30997400344669,2.0,2.0,5.0,25.0,40,0
3052,one_off,18.0,mobile_app,2.0,63.7,31.85,28.779245994292488,1.0,1.0,108.0,171.0,358,1
3053,regular,20.0,mobile_app,2.0,128.8,64.4,2.1071782079359096,2.0,1.0,18.0,53.0,75,0
3054,one_off,20.0,web,2.0,121.44,60.72,48.22468247692254,2.0,2.0,43.0,48.0,130,1
3055,regular,47.0,web,6.0,335.08,55.846666666666664,23.92300454931752,3.0,3.0,21.0,59.0,87,0
3056,one_off,32.0,mobile_app,1.0,25.9,25.9,0.0,1.0,1.0,150.0,0.0,364,1
3057,bargain_hunter,43.0,in_store,0.0,0.0,0.0,0.0,0.0,0.0,33.0,0.0,33,1
3058,loyal_vip,51.0,web,46.0,5240.21,113.91760869565218,82.42293963817981,3.0,5.0,6.0,308.0,316,0
3059,bargain_hunter,35.0,web,0.0,0.0,0.0,0.0,0.0,0.0,91.0,0.0,91,1
3060,bargain_hunter,29.0,web,7.0,145.91,20.844285714285714,8.530173615159418,2.0,3.0,6.0,304.0,351,1
3061,regular,32.0,web,12.0,835.6,69.63333333333334,46.852222676165205,3.0,5.0,39.0,234.0,287,0
3062,regular,59.0,web,7.0,356.33,50.90428571428571,18.345501589529476,3.0,2.0,20.0,169.0,194,0
3063,regular,41.0,mobile_app,5.0,316.75,63.35,37.27464889170655,3.0,5.0,39.0,259.0,301,1
3064,bargain_hunter,36.0,web,1.0,14.81,14.81,0.0,1.0,1.0,19.0,0.0,64,1
3065,bargain_hunter,46.0,web,0.0,0.0,0.0,0.0,0.0,0.0,26.0,0.0,26,0
3066,bargain_hunter,62.0,web,3.0,66.41,22.136666666666667,17.670218825281516,2.0,3.0,8.0,82.0,200,1
3067,regular,56.0,web,21.0,1468.87,69.94619047619047,36.243179837893706,3.0,5.0,12.0,293.0,312,0
3068,one_off,41.0,web,0.0,0.0,0.0,0.0,0.0,0.0,209.0,0.0,209,1
3069,bargain_hunter,51.0,mobile_app,2.0,42.41,21.205,10.967226176203354,2.0,2.0,20.0,4.0,42,1
3070,loyal_vip,42.0,web,3.0,620.4200000000001,206.8066666666667,186.21044609079627,2.0,3.0,1.0,14.0,23,0
3071,regular,48.0,web,24.0,1262.64,52.61000000000001,38.93817451785085,3.0,5.0,21.0,180.0,224,0
3072,bargain_hunter,41.0,mobile_app,6.0,140.78,23.463333333333335,9.939248797905538,3.0,4.0,70.0,210.0,295,1
3073,one_off,44.0,web,3.0,111.91,37.303333333333335,17.737937685462008,3.0,2.0,97.0,120.0,264,0
3074,one_off,42.0,web,3.0,131.17,43.72333333333333,29.639820062431777,2.0,3.0,7.0,253.0,279,0
3075,bargain_hunter,31.0,web,6.0,162.61,27.10166666666667,20.260035949293542,3.0,3.0,7.0,157.0,164,1
3076,bargain_hunter,55.0,web,5.0,147.99,29.598000000000003,12.346885032266236,2.0,4.0,31.0,137.0,203,0
3077,bargain_hunter,44.0,in_store,0.0,0.0,0.0,0.0,0.0,0.0,17.0,0.0,17,1
3078,bargain_hunter,55.0,mobile_app,0.0,0.0,0.0,0.0,0.0,0.0,12.0,0.0,12,0
3079,one_off,,web,1.0,80.26,80.26,0.0,1.0,1.0,116.0,0.0,366,1
3080,bargain_hunter,38.0,mobile_app,5.0,159.53,31.906,17.339954728891307,1.0,2.0,44.0,211.0,260,1
3081,regular,31.0,mobile_app,6.0,206.39,34.39833333333333,17.978905880688806,2.0,4.0,14.0,22.0,43,0
3082,bargain_hunter,36.0,mobile_app,0.0,0.0,0.0,0.0,0.0,0.0,13.0,0.0,13,1
3083,bargain_hunter,67.0,web,0.0,0.0,0.0,0.0,0.0,0.0,37.0,0.0,37,1
3084,regular,44.0,in_store,19.0,1450.44,76.33894736842106,55.06188123826751,3.0,5.0,15.0,181.0,196,0
3085,regular,43.0,mobile_app,10.0,548.66,54.866,28.90594218034301,3.0,5.0,11.0,163.0,189,0
3086,bargain_hunter,35.0,mobile_app,1.0,39.73,39.73,0.0,1.0,1.0,136.0,0.0,163,1
3087,regular,23.0,mobile_app,1.0,128.7,128.7,0.0,1.0,1.0,42.0,0.0,48,1
3088,loyal_vip,53.0,mobile_app,19.0,2348.67,123.61421052631579,70.49134448961244,3.0,5.0,15.0,168.0,187,0
3089,loyal_vip,38.0,mobile_app,29.0,3288.98,113.41310344827586,74.21931651259031,3.0,5.0,3.0,166.0,176,0
3090,one_off,29.0,web,1.0,12.89,12.89,0.0,1.0,1.0,120.0,0.0,146,1
3091,loyal_vip,51.0,web,34.0,3992.44,117.42470588235294,77.06398920202,3.0,5.0,4.0,275.0,288,0
3092,regular,65.0,mobile_app,11.0,620.39,56.39909090909091,30.75590169529922,3.0,5.0,12.0,114.0,142,0
3093,loyal_vip,38.0,mobile_app,12.0,1432.29,119.3575,99.64658002843667,3.0,5.0,8.0,124.0,132,0
3094,regular,61.0,mobile_app,10.0,437.53,43.753,9.348700503872777,3.0,5.0,26.0,87.0,124,0
3095,regular,47.0,in_store,8.0,450.78000000000003,56.347500000000004,25.595407372640672,3.0,5.0,1.0,32.0,50,1
3096,bargain_hunter,53.0,mobile_app,4.0,56.84,14.21,6.520582796039017,2.0,3.0,193.0,85.0,278,1
3097,regular,36.0,mobile_app,13.0,548.91,42.223846153846154,22.569424574876198,3.0,5.0,5.0,182.0,192,0
3098,bargain_hunter,29.0,web,9.0,191.8,21.311111111111114,12.882093622975695,3.0,4.0,30.0,287.0,344,0
3099,regular,64.0,web,0.0,0.0,0.0,0.0,0.0,0.0,1.0,0.0,1,0
3100,regular,28.0,mobile_app,10.0,597.42,59.742,41.97165466782976,3.0,5.0,11.0,178.0,218,0
3101,bargain_hunter,41.0,mobile_app,1.0,4.37,4.37,0.0,1.0,1.0,83.0,0.0,299,1
3102,bargain_hunter,46.0,web,4.0,126.11,31.5275,12.779416718562183,2.0,4.0,13.0,161.0,183,1
3103,one_off,31.0,mobile_app,10.0,500.68,50.068,36.11952159151613,3.0,5.0,16.0,193.0,236,0
3104,regular,57.0,web,11.0,598.68,54.42545454545454,46.33802140006333,3.0,5.0,17.0,284.0,315,1
3105,bargain_hunter,63.0,web,1.0,50.0,50.0,0.0,1.0,1.0,51.0,0.0,54,1
3106,loyal_vip,42.0,web,17.0,1624.9,95.58235294117648,57.70457331631217,3.0,5.0,18.0,132.0,164,0
3107,bargain_hunter,21.0,mobile_app,10.0,381.0,38.1,17.665001808346606,2.0,4.0,28.0,307.0,346,1
3108,bargain_hunter,24.0,mobile_app,6.0,90.32,15.053333333333333,7.666672463765924,3.0,2.0,107.0,90.0,206,0
3109,one_off,18.0,mobile_app,8.0,271.94,33.9925,16.647078465261444,3.0,5.0,86.0,204.0,294,1
3110,regular,46.0,mobile_app,0.0,0.0,0.0,0.0,0.0,0.0,61.0,0.0,61,1
3111,bargain_hunter,37.0,in_store,9.0,183.7,20.41111111111111,13.777926589698144,3.0,5.0,64.0,197.0,291,1
3112,regular,39.0,mobile_app,0.0,0.0,0.0,0.0,0.0,0.0,36.0,0.0,36,0
3113,regular,36.0,mobile_app,4.0,140.16,35.04,28.349766606917015,3.0,3.0,35.0,21.0,86,1
3114,one_off,29.0,web,3.0,109.25999999999999,36.419999999999995,29.976836057195897,3.0,2.0,23.0,183.0,218,0
3115,regular,61.0,web,9.0,520.0,57.77777777777778,30.639007726172277,3.0,4.0,19.0,127.0,194,1
3116,regular,38.0,mobile_app,17.0,820.0699999999999,48.23941176470588,40.31585659988329,3.0,4.0,15.0,285.0,313,0
3117,regular,51.0,mobile_app,6.0,311.5,51.916666666666664,54.389842311470865,3.0,3.0,6.0,133.0,155,0
3118,regular,18.0,mobile_app,10.0,695.36,69.536,29.707607031794996,3.0,4.0,1.0,39.0,41,0
3119,regular,62.0,mobile_app,19.0,1111.33,58.491052631578945,41.07534822936676,3.0,5.0,29.0,233.0,272,0
3120,loyal_vip,41.0,in_store,70.0,8327.53,118.9647142857143,84.44393675252834,3.0,5.0,5.0,198.0,208,0
3121,bargain_hunter,24.0,mobile_app,2.0,38.48,19.24,12.897627688842626,1.0,1.0,131.0,18.0,192,1
3122,bargain_hunter,34.0,in_store,1.0,7.59,7.59,0.0,1.0,1.0,70.0,0.0,171,0
3123,bargain_hunter,26.0,mobile_app,4.0,63.85,15.9625,20.907067983499424,2.0,3.0,27.0,254.0,357,1
3124,one_off,18.0,web,1.0,57.31,57.31,0.0,1.0,1.0,168.0,0.0,184,1
3125,loyal_vip,35.0,web,32.0,3736.08,116.7525,83.51337308402151,3.0,5.0,17.0,265.0,312,0
3126,loyal_vip,26.0,web,22.0,2873.92,130.63272727272727,104.00687001951079,3.0,5.0,3.0,122.0,135,0
3127,regular,39.0,mobile_app,9.0,299.12,33.23555555555556,16.704702265463393,2.0,4.0,25.0,64.0,91,1
3128,loyal_vip,52.0,web,6.0,414.99,69.165,37.48374941224531,3.0,5.0,12.0,19.0,34,0
3129,loyal_vip,28.0,mobile_app,22.0,3388.73,154.03318181818182,125.83091899492835,3.0,5.0,6.0,235.0,247,0
3130,regular,46.0,web,7.0,452.66,64.66571428571429,36.28620805813271,3.0,4.0,44.0,149.0,213,1
3131,bargain_hunter,31.0,mobile_app,9.0,312.09,34.67666666666666,29.204291636675592,3.0,4.0,19.0,228.0,279,1
3132,loyal_vip,57.0,web,9.0,1196.72,132.9688888888889,105.6675679246528,3.0,4.0,7.0,115.0,133,0
3133,regular,68.0,web,11.0,408.28,37.11636363636364,20.03742711663714,3.0,5.0,69.0,116.0,190,0
3134,bargain_hunter,45.0,mobile_app,17.0,513.54,30.208235294117646,15.519659401584057,3.0,5.0,12.0,311.0,350,0
3135,regular,49.0,web,26.0,1548.98,59.576153846153844,40.4396558914067,3.0,5.0,3.0,336.0,341,0
3136,bargain_hunter,24.0,mobile_app,2.0,26.880000000000003,13.440000000000001,1.8101933598375626,2.0,2.0,140.0,8.0,245,1
3137,one_off,18.0,web,0.0,0.0,0.0,0.0,0.0,0.0,220.0,0.0,220,1
3138,bargain_hunter,56.0,mobile_app,1.0,7.07,7.07,0.0,1.0,1.0,75.0,0.0,94,1
3139,regular,60.0,web,2.0,140.04000000000002,70.02000000000001,43.586061992338784,1.0,2.0,1.0,2.0,6,0
3140,loyal_vip,40.0,mobile_app,27.0,3132.5,116.01851851851852,81.57734186287945,3.0,5.0,1.0,237.0,249,0
3141,bargain_hunter,18.0,web,4.0,97.45,24.3625,9.769897218838418,2.0,3.0,6.0,156.0,201,1
3142,loyal_vip,66.0,mobile_app,28.0,3356.11,119.86107142857144,75.73883109638385,3.0,5.0,22.0,247.0,275,0
3143,regular,52.0,web,1.0,96.22,96.22,0.0,1.0,1.0,10.0,0.0,12,0
3144,bargain_hunter,49.0,mobile_app,2.0,48.87,24.435,15.959400051380376,1.0,1.0,110.0,10.0,214,1
3145,regular,50.0,web,3.0,136.76,45.586666666666666,26.29067578692745,2.0,3.0,98.0,43.0,169,0
3146,bargain_hunter,39.0,web,2.0,113.07,56.535,12.763277400417188,2.0,2.0,37.0,17.0,99,0
3147,regular,59.0,mobile_app,8.0,278.36,34.795,17.110360270065286,3.0,4.0,21.0,198.0,241,1
3148,regular,28.0,mobile_app,7.0,486.0,69.42857142857143,40.653771628460845,3.0,5.0,10.0,238.0,253,0
3149,bargain_hunter,42.0,mobile_app,0.0,0.0,0.0,0.0,0.0,0.0,43.0,0.0,43,1
3150,regular,34.0,web,4.0,287.31,71.8275,56.60662350820794,3.0,3.0,8.0,14.0,28,0
3151,regular,28.0,in_store,13.0,840.81,64.6776923076923,40.10155590369825,3.0,4.0,3.0,252.0,257,0
3152,loyal_vip,68.0,mobile_app,16.0,1396.04,87.2525,70.68595914324146,3.0,5.0,2.0,167.0,217,0
3153,regular,56.0,web,6.0,391.02,65.17,53.47021638258069,2.0,5.0,4.0,122.0,221,0
3154,regular,18.0,mobile_app,0.0,0.0,0.0,0.0,0.0,0.0,42.0,0.0,42,1
3155,bargain_hunter,38.0,web,12.0,223.99,18.665833333333335,13.040030297185476,3.0,5.0,24.0,305.0,366,0
3156,loyal_vip,32.0,in_store,12.0,1526.77,127.23083333333334,111.36784181329686,3.0,5.0,15.0,108.0,127,0
3157,loyal_vip,59.0,mobile_app,40.0,5015.97,125.39925000000001,77.10917965198803,3.0,5.0,25.0,333.0,361,0
3158,bargain_hunter,34.0,web,4.0,86.85000000000001,21.712500000000002,18.899547393169673,2.0,3.0,104.0,127.0,235,1
3159,regular,37.0,web,8.0,315.57,39.44625,37.421865624066825,3.0,4.0,40.0,151.0,202,0
3160,bargain_hunter,43.0,mobile_app,0.0,0.0,0.0,0.0,0.0,0.0,10.0,0.0,10,0
3161,bargain_hunter,35.0,web,1.0,21.15,21.15,0.0,1.0,1.0,15.0,0.0,34,0
3162,loyal_vip,,mobile_app,47.0,5130.97,109.16957446808512,72.16199104784249,3.0,5.0,1.0,246.0,252,0
3163,loyal_vip,54.0,mobile_app,16.0,2233.74,139.60875,94.34315922029889,3.0,5.0,2.0,83.0,86,0
3164,regular,20.0,web,3.0,243.83,81.27666666666667,36.99137241754262,1.0,2.0,52.0,33.0,165,1
3165,bargain_hunter,40.0,web,2.0,8.42,4.21,1.3010764773832473,2.0,2.0,118.0,7.0,146,1
3166,bargain_hunter,37.0,mobile_app,3.0,43.480000000000004,14.493333333333334,5.015589031542889,1.0,2.0,10.0,200.0,277,1
3167,bargain_hunter,51.0,mobile_app,5.0,113.9,22.78,22.64751421238101,2.0,4.0,34.0,150.0,207,0
3168,bargain_hunter,41.0,web,1.0,29.36,29.36,0.0,1.0,1.0,135.0,0.0,170,1
3169,bargain_hunter,38.0,web,3.0,144.48999999999998,48.16333333333333,22.06439968214257,2.0,2.0,22.0,62.0,94,1
3170,bargain_hunter,34.0,web,1.0,27.23,27.23,0.0,1.0,1.0,18.0,0.0,114,0
3171,regular,60.0,web,14.0,864.66,61.76142857142857,48.50703214002035,3.0,5.0,5.0,225.0,320,0
3172,regular,38.0,in_store,5.0,499.65,99.92999999999999,98.13402034972377,2.0,3.0,25.0,87.0,117,1
3173,loyal_vip,19.0,in_store,19.0,2098.0699999999997,110.42473684210525,67.05054431533316,3.0,5.0,2.0,149.0,156,1
3174,regular,18.0,mobile_app,9.0,451.85,50.205555555555556,41.389327462255025,3.0,3.0,11.0,111.0,126,0
3175,regular,50.0,in_store,27.0,1610.83,59.660370370370366,33.33581712968356,3.0,5.0,1.0,288.0,292,0
3176,regular,44.0,mobile_app,0.0,0.0,0.0,0.0,0.0,0.0,36.0,0.0,36,0
3177,loyal_vip,35.0,web,11.0,1422.07,129.2790909090909,97.97460818544215,2.0,4.0,10.0,93.0,129,0
3178,bargain_hunter,45.0,web,3.0,54.95,18.316666666666666,23.952472384564672,2.0,1.0,13.0,188.0,295,1
3179,bargain_hunter,22.0,mobile_app,2.0,103.87,51.935,41.31624922472998,2.0,2.0,25.0,23.0,184,1
3180,bargain_hunter,18.0,in_store,3.0,61.42,20.473333333333333,13.02183678800089,2.0,3.0,16.0,44.0,86,0
3181,bargain_hunter,27.0,mobile_app,2.0,122.88,61.44,53.21685635209956,1.0,2.0,36.0,6.0,59,1
3182,regular,,mobile_app,7.0,404.27,57.75285714285714,58.5040670136945,3.0,4.0,74.0,111.0,206,1
3183,regular,52.0,web,11.0,982.14,89.28545454545454,52.43657051402893,3.0,4.0,7.0,98.0,106,0
3184,bargain_hunter,37.0,web,2.0,24.060000000000002,12.030000000000001,1.4566399692442875,1.0,2.0,37.0,72.0,114,1
3185,regular,52.0,web,1.0,96.29,96.29,0.0,1.0,1.0,156.0,0.0,220,1
3186,bargain_hunter,51.0,in_store,4.0,146.57,36.6425,32.03281273423654,2.0,4.0,31.0,138.0,309,0
3187,bargain_hunter,37.0,web,17.0,418.68,24.628235294117648,16.183101616846397,3.0,5.0,1.0,274.0,300,0
3188,regular,52.0,web,6.0,352.52,58.75333333333333,38.872249570441205,3.0,4.0,16.0,205.0,236,0
3189,bargain_hunter,29.0,web,16.0,405.13,25.320625,18.464399789414585,3.0,5.0,70.0,265.0,336,0
3190,loyal_vip,52.0,mobile_app,8.0,788.57,98.57125,69.18876920374123,3.0,4.0,4.0,117.0,175,0
3191,one_off,45.0,web,1.0,41.43,41.43,0.0,1.0,1.0,20.0,0.0,59,1
3192,regular,42.0,web,9.0,701.13,77.90333333333334,54.35837010065699,3.0,5.0,21.0,174.0,201,1
3193,bargain_hunter,36.0,mobile_app,3.0,44.150000000000006,14.716666666666669,9.89558150556769,2.0,3.0,7.0,53.0,75,1
3194,regular,27.0,web,18.0,1024.78,56.93222222222222,52.448250972414314,3.0,5.0,14.0,231.0,264,0
3195,loyal_vip,63.0,web,17.0,1989.1,117.00588235294117,77.05280908724416,3.0,5.0,7.0,74.0,84,0
3196,bargain_hunter,18.0,mobile_app,1.0,8.85,8.85,0.0,1.0,1.0,180.0,0.0,244,1
3197,bargain_hunter,39.0,web,0.0,0.0,0.0,0.0,0.0,0.0,3.0,0.0,3,0
3198,regular,41.0,in_store,4.0,213.59,53.3975,25.5156806362937,3.0,3.0,33.0,32.0,72,1
3199,bargain_hunter,48.0,web,3.0,141.81,47.27,30.93175067790377,2.0,3.0,125.0,35.0,279,1
3200,loyal_vip,53.0,web,11.0,1049.34,95.39454545454545,53.374518707644825,3.0,4.0,18.0,75.0,97,1
3201,bargain_hunter,18.0,web,0.0,0.0,0.0,0.0,0.0,0.0,42.0,0.0,42,1
3202,regular,74.0,web,17.0,838.9300000000001,49.34882352941177,31.697160732933348,3.0,5.0,16.0,296.0,324,1
3203,bargain_hunter,58.0,mobile_app,1.0,10.95,10.95,0.0,1.0,1.0,134.0,0.0,244,1
3204,regular,41.0,mobile_app,5.0,421.63,84.326,71.94156573219685,2.0,3.0,88.0,176.0,279,1
3205,one_off,47.0,in_store,1.0,59.35,59.35,0.0,1.0,1.0,117.0,0.0,356,1
3206,regular,25.0,mobile_app,12.0,813.83,67.81916666666667,57.938268003474384,3.0,5.0,7.0,234.0,276,0
3207,bargain_hunter,29.0,web,2.0,25.61,12.805,6.682159082212874,2.0,1.0,37.0,82.0,287,1
3208,bargain_hunter,44.0,mobile_app,9.0,274.52,30.50222222222222,25.858223922853725,3.0,4.0,7.0,234.0,241,0
3209,bargain_hunter,26.0,in_store,1.0,11.87,11.87,0.0,1.0,1.0,60.0,0.0,60,1
3210,bargain_hunter,37.0,web,4.0,124.75999999999999,31.189999999999998,29.081147386809437,2.0,2.0,18.0,131.0,177,1
3211,bargain_hunter,41.0,web,6.0,108.35,18.058333333333334,9.203202522310734,2.0,4.0,54.0,211.0,337,1
3212,bargain_hunter,54.0,in_store,1.0,21.82,21.82,0.0,1.0,1.0,32.0,0.0,72,1
3213,regular,32.0,mobile_app,3.0,428.37,142.79,60.88569372192451,2.0,3.0,5.0,60.0,81,0
3214,bargain_hunter,35.0,mobile_app,3.0,100.0,33.333333333333336,17.18403425663873,2.0,3.0,41.0,239.0,286,1
3215,bargain_hunter,35.0,in_store,4.0,104.45,26.1125,26.474277295770197,3.0,3.0,6.0,115.0,250,0
3216,bargain_hunter,36.0,mobile_app,7.0,79.6,11.37142857142857,7.978678730574022,3.0,3.0,5.0,135.0,176,0
3217,regular,29.0,mobile_app,4.0,261.84999999999997,65.46249999999999,51.54953564291341,3.0,3.0,10.0,31.0,47,1
3218,bargain_hunter,56.0,mobile_app,1.0,9.41,9.41,0.0,1.0,1.0,18.0,0.0,51,1
3219,regular,40.0,web,0.0,0.0,0.0,0.0,0.0,0.0,63.0,0.0,63,1
3220,one_off,63.0,web,0.0,0.0,0.0,0.0,0.0,0.0,56.0,0.0,56,1
3221,one_off,37.0,mobile_app,0.0,0.0,0.0,0.0,0.0,0.0,111.0,0.0,111,1
3222,bargain_hunter,75.0,mobile_app,5.0,89.35,17.869999999999997,19.022612859436528,3.0,5.0,133.0,143.0,342,1
3223,bargain_hunter,45.0,mobile_app,5.0,166.81,33.362,29.417925147773424,2.0,3.0,9.0,149.0,226,0
3224,bargain_hunter,34.0,in_store,10.0,316.23,31.623,17.87122954795096,3.0,5.0,20.0,264.0,311,0
3225,loyal_vip,53.0,web,3.0,445.56,148.52,101.8838294333306,2.0,3.0,1.0,19.0,25,0
3226,loyal_vip,38.0,mobile_app,41.0,4708.1,114.83170731707318,85.72469856763684,3.0,5.0,9.0,314.0,327,0
3227,bargain_hunter,54.0,mobile_app,2.0,51.88,25.94,12.289515857022197,2.0,2.0,53.0,112.0,301,1
3228,bargain_hunter,49.0,mobile_app,5.0,146.91,29.381999999999998,30.919376125659454,3.0,3.0,38.0,175.0,239,1
3229,loyal_vip,46.0,mobile_app,0.0,0.0,0.0,0.0,0.0,0.0,11.0,0.0,11,1
3230,bargain_hunter,18.0,web,1.0,21.56,21.56,0.0,1.0,1.0,68.0,0.0,278,0
3231,bargain_hunter,40.0,mobile_app,1.0,18.45,18.45,0.0,1.0,1.0,15.0,0.0,36,0
3232,regular,45.0,web,2.0,188.24,94.12,113.90076031352908,2.0,2.0,2.0,23.0,28,0
3233,loyal_vip,31.0,web,23.0,2478.2799999999997,107.75130434782608,93.84303007509877,3.0,5.0,12.0,271.0,293,0
3234,bargain_hunter,55.0,mobile_app,6.0,163.10999999999999,27.185,16.033570718963382,3.0,2.0,11.0,162.0,181,0
3235,bargain_hunter,46.0,web,11.0,256.37,23.30636363636364,12.13181047719364,3.0,4.0,11.0,275.0,293,0
3236,one_off,66.0,web,4.0,160.93,40.2325,20.05822254504787,3.0,3.0,7.0,211.0,282,0
3237,regular,33.0,in_store,19.0,1126.71,59.300526315789476,39.87853035206959,3.0,4.0,23.0,271.0,303,1
3238,bargain_hunter,18.0,mobile_app,0.0,0.0,0.0,0.0,0.0,0.0,178.0,0.0,178,1
3239,regular,55.0,web,0.0,0.0,0.0,0.0,0.0,0.0,50.0,0.0,50,1
3240,loyal_vip,19.0,mobile_app,11.0,1017.26,92.47818181818182,54.9100879289374,3.0,5.0,9.0,100.0,128,0
3241,regular,40.0,web,6.0,275.25,45.875,27.78044258106771,2.0,5.0,65.0,195.0,293,0
3242,regular,32.0,in_store,7.0,451.25,64.46428571428571,59.38281677868968,3.0,5.0,26.0,120.0,155,0
3243,regular,28.0,web,6.0,282.27,47.044999999999995,28.808814449747842,2.0,3.0,23.0,124.0,161,1
3244,loyal_vip,48.0,in_store,24.0,2536.78,105.69916666666667,74.68821668990927,3.0,5.0,1.0,126.0,127,0
3245,loyal_vip,41.0,mobile_app,56.0,6326.4,112.97142857142856,86.76284702207866,3.0,5.0,5.0,264.0,271,0
3246,regular,34.0,web,5.0,287.68,57.536,25.616425004281915,3.0,2.0,9.0,103.0,118,1
3247,regular,29.0,in_store,11.0,577.3399999999999,52.48545454545454,20.96800484721251,3.0,4.0,11.0,262.0,276,0
3248,bargain_hunter,40.0,web,15.0,390.12,26.008,16.065701354127057,3.0,5.0,5.0,251.0,278,0
3249,regular,37.0,web,2.0,96.16000000000001,48.080000000000005,55.451313780649066,2.0,2.0,22.0,3.0,27,1
3250,loyal_vip,53.0,in_store,30.0,3238.12,107.93733333333333,107.40032604244267,3.0,5.0,10.0,319.0,333,0
3251,regular,34.0,mobile_app,11.0,512.44,46.58545454545455,32.83149230956045,3.0,5.0,21.0,165.0,220,0
3252,regular,60.0,web,5.0,229.73000000000002,45.946000000000005,24.089650889956875,3.0,3.0,16.0,111.0,142,1
3253,regular,27.0,in_store,3.0,158.7,52.9,48.13319125094449,3.0,2.0,18.0,11.0,33,0
3254,regular,37.0,web,10.0,513.36,51.336,21.780428115372043,3.0,5.0,2.0,110.0,114,0
3255,bargain_hunter,31.0,mobile_app,2.0,42.88,21.44,3.790092347159894,2.0,2.0,11.0,67.0,172,0
3256,bargain_hunter,46.0,mobile_app,3.0,126.10000000000001,42.03333333333334,31.504071694518053,2.0,3.0,123.0,87.0,288,1
3257,regular,24.0,in_store,9.0,381.39,42.376666666666665,20.952586355865474,3.0,5.0,20.0,224.0,279,0
3258,regular,23.0,web,8.0,316.45,39.55625,21.697253241235067,3.0,4.0,7.0,170.0,184,1
3259,regular,20.0,mobile_app,9.0,434.8,48.31111111111111,25.774122412045596,3.0,5.0,35.0,108.0,251,0
3260,bargain_hunter,45.0,web,4.0,158.55,39.6375,32.658098918951175,2.0,3.0,39.0,141.0,181,1
3261,one_off,61.0,web,4.0,111.66999999999999,27.917499999999997,23.0240198850389,3.0,4.0,16.0,287.0,345,1
3262,bargain_hunter,38.0,web,6.0,151.29,25.215,9.682042656381968,3.0,5.0,36.0,210.0,257,1
3263,bargain_hunter,39.0,web,1.0,39.73,39.73,0.0,1.0,1.0,15.0,0.0,123,1
3264,bargain_hunter,49.0,web,2.0,37.83,18.915,7.205418100290919,2.0,2.0,18.0,104.0,137,1
3265,regular,35.0,web,7.0,369.69,52.81285714285714,29.421256326158538,3.0,4.0,18.0,218.0,246,0
3266,regular,37.0,web,1.0,116.55,116.55,0.0,1.0,1.0,59.0,0.0,68,0
3267,bargain_hunter,29.0,web,0.0,0.0,0.0,0.0,0.0,0.0,89.0,0.0,89,1
3268,loyal_vip,34.0,in_store,11.0,933.47,84.86090909090909,61.299209041315606,3.0,5.0,8.0,109.0,128,0
3269,bargain_hunter,31.0,web,6.0,128.15,21.358333333333334,13.918533567393752,3.0,2.0,79.0,194.0,303,1
3270,bargain_hunter,24.0,in_store,22.0,529.91,24.08681818181818,17.65351560464553,3.0,5.0,4.0,298.0,306,0
3271,loyal_vip,42.0,mobile_app,30.0,4407.47,146.91566666666668,106.89176806739944,3.0,5.0,1.0,294.0,295,0
3272,regular,36.0,web,5.0,262.19,52.438,34.020843170033274,3.0,3.0,2.0,126.0,149,0
3273,bargain_hunter,33.0,mobile_app,1.0,5.86,5.86,0.0,1.0,1.0,20.0,0.0,37,0
3274,regular,38.0,mobile_app,0.0,0.0,0.0,0.0,0.0,0.0,36.0,0.0,36,1
3275,bargain_hunter,49.0,in_store,2.0,52.07,26.035,14.432049404017436,1.0,1.0,17.0,34.0,184,0
3276,loyal_vip,54.0,mobile_app,36.0,3784.36,105.12111111111112,59.6923072228516,3.0,5.0,2.0,301.0,304,0
3277,regular,42.0,web,23.0,1444.16,62.789565217391306,43.96703873650029,3.0,5.0,16.0,274.0,300,0
3278,regular,41.0,web,4.0,114.98,28.745,18.63801938690554,2.0,2.0,26.0,57.0,121,0
3279,loyal_vip,40.0,mobile_app,18.0,2577.0,143.16666666666666,108.47681996900643,3.0,4.0,19.0,223.0,258,0
3280,regular,27.0,web,12.0,559.68,46.63999999999999,28.85209114841355,2.0,5.0,8.0,227.0,244,0
3281,loyal_vip,55.0,web,44.0,5372.83,122.10977272727273,99.88144124209617,3.0,5.0,1.0,282.0,286,0
3282,regular,38.0,mobile_app,1.0,68.47,68.47,0.0,1.0,1.0,13.0,0.0,43,0
3283,regular,37.0,mobile_app,16.0,971.27,60.704375,41.154847421051144,3.0,5.0,26.0,267.0,306,0
3284,regular,39.0,web,12.0,612.6,51.050000000000004,47.26963295816881,3.0,5.0,7.0,173.0,205,0
3285,regular,18.0,mobile_app,7.0,388.59,55.512857142857136,43.511824337102404,3.0,5.0,3.0,69.0,81,0
3286,bargain_hunter,43.0,web,8.0,195.21,24.40125,20.153389957665045,2.0,4.0,3.0,346.0,357,1
3287,bargain_hunter,36.0,web,0.0,0.0,0.0,0.0,0.0,0.0,79.0,0.0,79,1
3288,loyal_vip,31.0,in_store,66.0,7728.72,117.10181818181819,73.48132842710854,3.0,5.0,4.0,319.0,346,0
3289,one_off,54.0,mobile_app,1.0,36.98,36.98,0.0,1.0,1.0,44.0,0.0,59,1
3290,loyal_vip,55.0,in_store,34.0,3324.69,97.785,59.36077488926965,3.0,5.0,2.0,173.0,177,0
3291,bargain_hunter,27.0,web,3.0,75.39,25.13,33.091991478301814,2.0,2.0,17.0,26.0,127,0
3292,bargain_hunter,47.0,web,6.0,105.85,17.641666666666666,13.812814943619085,2.0,4.0,89.0,226.0,328,1
3293,bargain_hunter,49.0,mobile_app,6.0,193.57,32.26166666666666,13.838262053692533,2.0,4.0,22.0,155.0,189,1
3294,bargain_hunter,44.0,in_store,6.0,61.81,10.301666666666668,6.296787805434344,3.0,4.0,1.0,311.0,316,1
3295,bargain_hunter,34.0,mobile_app,3.0,74.00999999999999,24.669999999999998,12.335076003008654,2.0,3.0,2.0,16.0,34,0
3296,bargain_hunter,63.0,web,0.0,0.0,0.0,0.0,0.0,0.0,78.0,0.0,78,0
3297,one_off,41.0,in_store,1.0,25.29,25.29,0.0,1.0,1.0,107.0,0.0,226,1
3298,loyal_vip,36.0,web,38.0,5368.62,141.27947368421053,85.7922825215418,3.0,5.0,4.0,295.0,307,0
3299,regular,26.0,web,40.0,2467.3,61.682500000000005,39.22561412962395,3.0,5.0,2.0,265.0,267,0
3300,one_off,23.0,web,4.0,180.63,45.1575,8.71329013633771,2.0,4.0,28.0,281.0,348,1
3301,regular,18.0,web,24.0,1376.85,57.36875,40.86842411537192,3.0,5.0,5.0,355.0,360,0
3302,bargain_hunter,53.0,web,7.0,192.79,27.541428571428572,19.205962119935073,3.0,3.0,135.0,142.0,283,1
3303,bargain_hunter,76.0,mobile_app,3.0,30.18,10.06,1.1961605243444549,2.0,2.0,10.0,77.0,124,0
3304,regular,18.0,mobile_app,10.0,466.25,46.625,18.240365036551943,3.0,4.0,6.0,254.0,298,0
3305,regular,42.0,mobile_app,9.0,622.46,69.16222222222223,55.98475032939278,2.0,5.0,27.0,204.0,233,1
3306,regular,23.0,web,2.0,86.71,43.355,30.6389368288131,1.0,2.0,4.0,2.0,64,0
3307,one_off,45.0,web,2.0,132.29,66.145,47.92062656101233,2.0,2.0,46.0,11.0,122,1
3308,bargain_hunter,51.0,mobile_app,2.0,73.78,36.89,16.53215654414148,1.0,2.0,36.0,119.0,171,0
3309,regular,51.0,web,10.0,662.33,66.233,35.275475286190925,3.0,4.0,24.0,113.0,143,0
3310,loyal_vip,18.0,mobile_app,31.0,4386.86,141.5116129032258,99.05241178611028,3.0,5.0,4.0,332.0,348,0
3311,bargain_hunter,54.0,in_store,3.0,107.75,35.916666666666664,26.757237027266722,2.0,2.0,45.0,82.0,152,1
3312,bargain_hunter,38.0,mobile_app,0.0,0.0,0.0,0.0,0.0,0.0,156.0,0.0,156,1
3313,regular,25.0,web,5.0,326.65999999999997,65.332,37.30299545612925,2.0,4.0,12.0,157.0,180,0
3314,one_off,52.0,web,0.0,0.0,0.0,0.0,0.0,0.0,80.0,0.0,80,1
3315,regular,31.0,mobile_app,0.0,0.0,0.0,0.0,0.0,0.0,22.0,0.0,22,0
3316,regular,47.0,in_store,4.0,156.28,39.07,12.582713008992403,2.0,4.0,15.0,100.0,132,1
3317,bargain_hunter,39.0,mobile_app,5.0,161.85999999999999,32.372,16.070050404401346,2.0,4.0,3.0,265.0,361,0
3318,regular,70.0,web,1.0,54.16,54.16,0.0,1.0,1.0,12.0,0.0,49,0
3319,bargain_hunter,27.0,web,2.0,53.290000000000006,26.645000000000003,14.120922420295354,2.0,2.0,279.0,18.0,298,1
3320,regular,46.0,mobile_app,3.0,108.18,36.06,30.495768558932898,2.0,3.0,8.0,18.0,35,0
3321,regular,41.0,mobile_app,11.0,413.11,37.555454545454545,35.747350772787726,3.0,4.0,16.0,208.0,232,0
3322,regular,,web,10.0,509.11,50.911,41.238880642746196,2.0,4.0,26.0,219.0,294,0
3323,one_off,48.0,web,0.0,0.0,0.0,0.0,0.0,0.0,18.0,0.0,18,1
3324,regular,43.0,web,3.0,236.07,78.69,83.69071692846227,1.0,3.0,44.0,71.0,162,0
3325,one_off,56.0,in_store,1.0,27.34,27.34,0.0,1.0,1.0,2.0,0.0,126,1
3326,regular,48.0,mobile_app,0.0,0.0,0.0,0.0,0.0,0.0,5.0,0.0,5,0
3327,one_off,55.0,mobile_app,0.0,0.0,0.0,0.0,0.0,0.0,19.0,0.0,19,1
3328,bargain_hunter,25.0,web,3.0,61.12,20.37333333333333,13.727291551261425,3.0,3.0,46.0,283.0,337,1
3329,loyal_vip,37.0,web,21.0,1879.52,89.50095238095238,51.51189502481557,3.0,5.0,25.0,286.0,327,0
3330,regular,38.0,web,11.0,546.26,49.66,32.18404045485899,2.0,5.0,11.0,190.0,235,0
3331,bargain_hunter,45.0,in_store,4.0,99.19,24.7975,18.43345034622294,1.0,3.0,29.0,160.0,339,1
3332,regular,47.0,web,7.0,304.38,43.48285714285714,27.089209238050067,3.0,4.0,35.0,160.0,197,1
3333,bargain_hunter,56.0,in_store,2.0,21.62,10.81,10.55003317530329,2.0,2.0,49.0,48.0,104,0
3334,bargain_hunter,71.0,web,1.0,29.53,29.53,0.0,1.0,1.0,54.0,0.0,110,1
3335,regular,61.0,web,1.0,20.9,20.9,0.0,1.0,1.0,26.0,0.0,42,1
3336,bargain_hunter,54.0,mobile_app,6.0,176.98,29.496666666666666,20.410209863366585,2.0,3.0,54.0,248.0,311,0
3337,bargain_hunter,45.0,mobile_app,11.0,265.76,24.16,15.14877420783609,3.0,4.0,33.0,224.0,264,0
3338,regular,27.0,web,1.0,31.81,31.81,0.0,1.0,1.0,4.0,0.0,47,0
3339,regular,37.0,web,7.0,439.2,62.74285714285714,52.02463766149192,2.0,3.0,6.0,81.0,95,0
3340,bargain_hunter,18.0,web,2.0,52.89,26.445,21.38998013089306,2.0,2.0,44.0,32.0,86,0
3341,loyal_vip,,in_store,14.0,1524.55,108.89642857142857,56.62932844480755,3.0,5.0,20.0,195.0,219,0
3342,bargain_hunter,41.0,mobile_app,0.0,0.0,0.0,0.0,0.0,0.0,3.0,0.0,3,0
3343,bargain_hunter,38.0,mobile_app,6.0,107.23,17.871666666666666,7.315212687725945,2.0,3.0,25.0,242.0,274,0
3344,one_off,44.0,mobile_app,1.0,83.29,83.29,0.0,1.0,1.0,82.0,0.0,109,1
3345,regular,40.0,web,4.0,136.81,34.2025,14.65698781014253,2.0,4.0,12.0,159.0,254,0
3346,regular,24.0,mobile_app,10.0,582.18,58.217999999999996,32.64583240374387,3.0,5.0,7.0,110.0,175,0
3347,one_off,52.0,web,1.0,47.43,47.43,0.0,1.0,1.0,183.0,0.0,264,1
3348,one_off,42.0,mobile_app,0.0,0.0,0.0,0.0,0.0,0.0,43.0,0.0,43,1
3349,bargain_hunter,35.0,web,1.0,65.85,65.85,0.0,1.0,1.0,16.0,0.0,29,1
3350,regular,37.0,web,20.0,1198.52,59.926,43.012175926064664,3.0,5.0,12.0,230.0,262,0
3351,loyal_vip,56.0,web,37.0,4160.41,112.44351351351351,66.81288299822523,3.0,5.0,6.0,328.0,335,0
3352,regular,,mobile_app,5.0,266.85,53.370000000000005,60.34519202057443,1.0,5.0,14.0,191.0,234,0
3353,one_off,39.0,web,2.0,68.16,34.08,7.3680526599638245,2.0,2.0,55.0,38.0,100,1
3354,bargain_hunter,38.0,web,10.0,133.43,13.343,7.608470498946114,3.0,4.0,11.0,244.0,265,0
3355,regular,57.0,mobile_app,10.0,528.68,52.867999999999995,36.977817915309416,3.0,5.0,11.0,182.0,200,0
3356,bargain_hunter,34.0,mobile_app,6.0,134.75,22.458333333333332,8.392295077430648,2.0,3.0,18.0,288.0,347,0
3357,regular,33.0,web,16.0,876.88,54.805,27.63016322789281,3.0,5.0,10.0,233.0,262,0
3358,regular,43.0,web,9.0,320.23,35.58111111111111,19.874566312528962,2.0,4.0,33.0,225.0,286,1
3359,regular,56.0,mobile_app,26.0,1692.3600000000001,65.09076923076924,46.96524373815828,3.0,5.0,6.0,246.0,258,0
3360,bargain_hunter,56.0,web,0.0,0.0,0.0,0.0,0.0,0.0,78.0,0.0,78,1
3361,regular,52.0,web,6.0,293.1,48.85,38.89551747952455,3.0,3.0,62.0,129.0,201,1
3362,bargain_hunter,39.0,web,3.0,77.07,25.689999999999998,16.119748757347303,3.0,3.0,52.0,72.0,170,0
3363,bargain_hunter,33.0,in_store,10.0,215.72000000000003,21.572000000000003,15.607663217506685,3.0,5.0,51.0,242.0,294,1
3364,regular,25.0,web,7.0,401.95,57.42142857142857,41.61133957171266,3.0,4.0,23.0,57.0,82,0
3365,bargain_hunter,50.0,web,2.0,78.25,39.125,27.31553495723633,1.0,2.0,40.0,107.0,183,0
3366,regular,60.0,mobile_app,8.0,437.26000000000005,54.657500000000006,17.926047090357486,3.0,5.0,5.0,136.0,177,0
3367,bargain_hunter,35.0,web,3.0,41.79,13.93,2.9959472625531984,2.0,2.0,2.0,50.0,64,1
3368,bargain_hunter,47.0,web,2.0,81.07,40.535,8.209509729575824,1.0,1.0,4.0,9.0,36,0
3369,regular,30.0,web,12.0,626.13,52.1775,31.198649191329366,3.0,4.0,2.0,171.0,201,0
3370,bargain_hunter,42.0,mobile_app,2.0,91.63,45.815,1.2798632739476528,2.0,1.0,74.0,2.0,95,1
3371,regular,75.0,mobile_app,8.0,531.07,66.38375,33.72455609683501,3.0,3.0,2.0,260.0,284,0
3372,loyal_vip,50.0,web,64.0,7886.4800000000005,123.22625000000001,93.65607463412618,3.0,5.0,6.0,341.0,361,0
3373,regular,30.0,mobile_app,12.0,875.16,72.92999999999999,66.74481457557037,3.0,5.0,2.0,163.0,172,0
3374,loyal_vip,44.0,mobile_app,20.0,2214.08,110.704,60.1930004148935,3.0,5.0,19.0,271.0,291,0
3375,one_off,51.0,web,1.0,70.98,70.98,0.0,1.0,1.0,121.0,0.0,164,1
3376,bargain_hunter,38.0,web,1.0,13.4,13.4,0.0,1.0,1.0,88.0,0.0,95,1
3377,one_off,31.0,web,2.0,56.480000000000004,28.240000000000002,2.8142849891224584,1.0,2.0,41.0,197.0,310,0
3378,bargain_hunter,39.0,mobile_app,18.0,508.7,28.26111111111111,21.49396656489468,3.0,5.0,6.0,208.0,218,0
3379,regular,36.0,in_store,0.0,0.0,0.0,0.0,0.0,0.0,33.0,0.0,33,1
3380,regular,50.0,in_store,11.0,579.1,52.64545454545455,37.61760315693608,2.0,4.0,31.0,231.0,268,1
3381,regular,46.0,web,2.0,254.62,127.31,60.08993426523282,1.0,2.0,5.0,1.0,19,0
3382,bargain_hunter,27.0,web,3.0,82.53,27.51,28.043081143126912,3.0,2.0,4.0,45.0,64,1
3383,bargain_hunter,36.0,in_store,0.0,0.0,0.0,0.0,0.0,0.0,42.0,0.0,42,1
3384,bargain_hunter,39.0,mobile_app,0.0,0.0,0.0,0.0,0.0,0.0,37.0,0.0,37,0
3385,regular,71.0,web,7.0,246.04,35.14857142857143,18.773926448287643,2.0,3.0,43.0,141.0,255,1
3386,loyal_vip,46.0,web,42.0,4289.02,102.11952380952383,77.98919418434717,3.0,5.0,12.0,336.0,357,0
3387,regular,38.0,mobile_app,4.0,121.43,30.3575,12.716274021898084,2.0,3.0,30.0,62.0,101,1
3388,regular,44.0,in_store,11.0,747.0799999999999,67.91636363636363,38.70323016822427,3.0,4.0,4.0,253.0,263,0
3389,bargain_hunter,42.0,in_store,3.0,52.739999999999995,17.58,10.571830494290003,2.0,2.0,164.0,81.0,266,1
3390,bargain_hunter,36.0,mobile_app,7.0,218.37,31.195714285714285,19.015820481152755,3.0,4.0,38.0,187.0,305,1
3391,loyal_vip,56.0,mobile_app,23.0,3153.55,137.1108695652174,125.37843362154156,3.0,5.0,9.0,183.0,201,0
3392,one_off,51.0,mobile_app,1.0,35.75,35.75,0.0,1.0,1.0,9.0,0.0,131,0
3393,bargain_hunter,39.0,mobile_app,6.0,94.17999999999999,15.696666666666665,11.048878072757734,3.0,3.0,17.0,190.0,241,0
3394,regular,38.0,web,13.0,533.0500000000001,41.00384615384616,24.297195839047472,3.0,5.0,43.0,254.0,305,0
3395,bargain_hunter,36.0,mobile_app,1.0,2.57,2.57,0.0,1.0,1.0,1.0,0.0,67,0
3396,loyal_vip,41.0,web,15.0,1885.83,125.722,82.7290045181944,3.0,5.0,6.0,215.0,228,0
3397,regular,34.0,mobile_app,2.0,30.9,15.45,3.309259735953042,2.0,2.0,2.0,2.0,6,1
3398,loyal_vip,47.0,web,45.0,5585.13,124.114,82.80797464891015,3.0,5.0,12.0,273.0,289,0
3399,regular,26.0,mobile_app,22.0,1451.81,65.99136363636363,55.51066335102649,3.0,5.0,1.0,284.0,294,0
3400,loyal_vip,43.0,mobile_app,20.0,2270.19,113.5095,82.854904341391,3.0,5.0,13.0,100.0,129,0
3401,bargain_hunter,37.0,in_store,6.0,130.53,21.755,19.9365902300268,3.0,4.0,37.0,116.0,181,1
3402,one_off,26.0,mobile_app,1.0,46.44,46.44,0.0,1.0,1.0,69.0,0.0,203,0
3403,bargain_hunter,34.0,web,1.0,26.21,26.21,0.0,1.0,1.0,103.0,0.0,183,1
3404,regular,27.0,web,9.0,474.84000000000003,52.760000000000005,28.59533266111797,3.0,4.0,14.0,98.0,116,1
3405,bargain_hunter,34.0,web,4.0,99.12,24.78,15.434603979370511,3.0,2.0,127.0,104.0,278,1
3406,regular,18.0,mobile_app,13.0,734.55,56.50384615384615,38.60274980241294,3.0,5.0,17.0,238.0,267,0
3407,loyal_vip,18.0,web,23.0,3136.2200000000003,136.35739130434783,79.86592686937,3.0,5.0,9.0,147.0,165,0
3408,regular,44.0,web,2.0,177.7,88.85,70.48440394867505,2.0,2.0,4.0,11.0,16,0
3409,loyal_vip,57.0,in_store,4.0,410.12,102.53,89.5914028613609,2.0,4.0,32.0,82.0,139,1
3410,regular,41.0,mobile_app,4.0,230.19,57.5475,27.722957243651578,2.0,4.0,11.0,76.0,88,0
3411,one_off,41.0,web,0.0,0.0,0.0,0.0,0.0,0.0,340.0,0.0,340,1
3412,regular,28.0,mobile_app,12.0,658.13,54.844166666666666,38.4514651472437,3.0,4.0,4.0,152.0,161,0
3413,loyal_vip,47.0,mobile_app,32.0,4341.88,135.68375,91.53625940294847,3.0,5.0,2.0,132.0,135,0
3414,bargain_hunter,56.0,mobile_app,3.0,95.98,31.993333333333336,13.487788303993112,3.0,3.0,33.0,299.0,350,0
3415,bargain_hunter,21.0,mobile_app,0.0,0.0,0.0,0.0,0.0,0.0,109.0,0.0,109,1
3416,regular,23.0,mobile_app,43.0,2230.77,51.87837209302325,37.36889589779387,3.0,5.0,6.0,294.0,305,0
3417,regular,48.0,in_store,6.0,262.76,43.79333333333333,26.256968344930204,3.0,4.0,20.0,47.0,96,0
3418,bargain_hunter,42.0,web,9.0,140.36,15.595555555555556,9.402708534128758,3.0,5.0,82.0,253.0,358,1
3419,one_off,41.0,mobile_app,2.0,68.86,34.43,2.3051681066681486,2.0,2.0,245.0,5.0,289,1
3420,bargain_hunter,34.0,web,3.0,60.5,20.166666666666668,6.945389357936195,3.0,2.0,40.0,196.0,237,1
3421,regular,34.0,web,11.0,997.65,90.69545454545454,67.62896677661672,3.0,4.0,4.0,227.0,238,1
3422,bargain_hunter,20.0,web,0.0,0.0,0.0,0.0,0.0,0.0,32.0,0.0,32,1
3423,bargain_hunter,57.0,mobile_app,7.0,282.46999999999997,40.35285714285714,20.13148091446637,2.0,4.0,13.0,199.0,260,0
3424,regular,25.0,mobile_app,14.0,813.53,58.10928571428571,32.74360970286609,3.0,4.0,17.0,273.0,358,0
3425,bargain_hunter,30.0,mobile_app,4.0,127.29,31.8225,8.396552367886873,2.0,3.0,92.0,105.0,239,1
3426,one_off,37.0,mobile_app,2.0,122.96000000000001,61.480000000000004,5.388153672641495,2.0,1.0,11.0,9.0,49,0
3427,loyal_vip,33.0,mobile_app,14.0,1509.09,107.79214285714285,83.1348694017111,3.0,5.0,31.0,135.0,173,0
3428,one_off,48.0,web,3.0,89.41,29.80333333333333,6.639535626332109,3.0,1.0,8.0,99.0,232,0
3429,regular,34.0,web,17.0,1051.15,61.832352941176474,51.39303862506718,3.0,5.0,32.0,285.0,334,0
3430,bargain_hunter,31.0,mobile_app,12.0,361.0,30.083333333333332,20.651966374936677,3.0,4.0,55.0,257.0,333,1
3431,bargain_hunter,28.0,mobile_app,13.0,320.54,24.65692307692308,19.600900653037765,3.0,4.0,24.0,279.0,322,0
3432,bargain_hunter,38.0,mobile_app,3.0,42.64,14.213333333333333,5.899867230144532,3.0,2.0,8.0,40.0,174,0
3433,regular,18.0,in_store,24.0,1479.37,61.64041666666666,52.08999507367382,3.0,5.0,2.0,342.0,346,0
3434,bargain_hunter,28.0,web,27.0,550.71,20.39666666666667,18.488352050371105,3.0,5.0,1.0,347.0,362,0
3435,bargain_hunter,39.0,web,5.0,175.85,35.17,21.46678364357362,3.0,3.0,9.0,132.0,259,1
3436,regular,38.0,web,2.0,39.53,19.765,1.3364318164425752,1.0,1.0,15.0,35.0,53,0
3437,loyal_vip,35.0,mobile_app,34.0,4203.04,123.61882352941177,76.02341057956906,3.0,5.0,3.0,313.0,325,0
3438,regular,49.0,web,0.0,0.0,0.0,0.0,0.0,0.0,41.0,0.0,41,1
3439,regular,43.0,mobile_app,0.0,0.0,0.0,0.0,0.0,0.0,14.0,0.0,14,0
3440,bargain_hunter,35.0,web,3.0,89.98,29.993333333333336,19.082917317153928,3.0,2.0,14.0,154.0,257,1
3441,bargain_hunter,36.0,mobile_app,1.0,23.02,23.02,0.0,1.0,1.0,34.0,0.0,90,1
3442,regular,50.0,web,7.0,544.12,77.73142857142857,28.100167513481377,3.0,3.0,47.0,181.0,230,0
3443,regular,57.0,mobile_app,1.0,19.81,19.81,0.0,1.0,1.0,5.0,0.0,9,1
3444,regular,37.0,web,6.0,229.53000000000003,38.255,18.37910199112024,2.0,4.0,31.0,75.0,106,0
3445,loyal_vip,19.0,web,43.0,5038.2300000000005,117.16813953488374,89.78256563328068,3.0,5.0,1.0,231.0,244,0
3446,bargain_hunter,45.0,web,2.0,42.33,21.165,1.0677312395916891,2.0,2.0,30.0,46.0,155,0
3447,regular,48.0,mobile_app,5.0,308.79,61.758,30.089383842146056,2.0,3.0,3.0,119.0,128,0
3448,bargain_hunter,18.0,mobile_app,0.0,0.0,0.0,0.0,0.0,0.0,66.0,0.0,66,1
3449,regular,33.0,mobile_app,1.0,32.31,32.31,0.0,1.0,1.0,1.0,0.0,18,0
3450,bargain_hunter,25.0,web,6.0,136.79999999999998,22.799999999999997,23.80544727578123,3.0,3.0,47.0,169.0,248,1
3451,bargain_hunter,34.0,mobile_app,2.0,46.04,23.02,16.786714985368636,1.0,2.0,8.0,1.0,65,0
3452,regular,51.0,web,6.0,334.56,55.76,44.2827352362069,2.0,4.0,34.0,109.0,154,0
3453,regular,50.0,mobile_app,15.0,1136.0900000000001,75.73933333333335,45.791011355421944,3.0,5.0,23.0,210.0,253,0
3454,bargain_hunter,21.0,web,0.0,0.0,0.0,0.0,0.0,0.0,7.0,0.0,7,0
3455,bargain_hunter,41.0,web,7.0,264.12,37.73142857142857,28.39214235698053,3.0,3.0,20.0,114.0,154,1
3456,one_off,25.0,mobile_app,3.0,102.8,34.266666666666666,13.778901746268943,2.0,3.0,65.0,197.0,307,1
3457,regular,,in_store,14.0,815.97,58.28357142857143,39.38798520578869,3.0,4.0,34.0,293.0,352,1
3458,bargain_hunter,30.0,web,6.0,160.29,26.715,19.991443919837305,3.0,3.0,43.0,234.0,279,0
3459,loyal_vip,24.0,web,27.0,3309.67,122.58037037037037,86.25314350933631,3.0,5.0,2.0,150.0,155,0
3460,regular,28.0,web,23.0,1225.6599999999999,53.2895652173913,31.719988747885896,3.0,5.0,15.0,264.0,292,0
3461,regular,52.0,web,5.0,277.52,55.504,48.13034728734045,3.0,4.0,23.0,99.0,149,1
3462,one_off,43.0,web,1.0,14.65,14.65,0.0,1.0,1.0,20.0,0.0,236,0
3463,bargain_hunter,49.0,web,4.0,180.64,45.16,14.905822128729879,2.0,3.0,31.0,41.0,146,1
3464,bargain_hunter,46.0,mobile_app,1.0,19.92,19.92,0.0,1.0,1.0,30.0,0.0,115,0
3465,regular,42.0,web,15.0,853.73,56.915333333333336,45.61076421614696,3.0,5.0,21.0,261.0,287,0
3466,regular,48.0,mobile_app,3.0,246.65,82.21666666666667,22.687142467338926,2.0,2.0,18.0,7.0,28,1
3467,loyal_vip,68.0,in_store,4.0,527.56,131.89,23.199678158687174,2.0,3.0,1.0,36.0,76,0
3468,loyal_vip,22.0,mobile_app,19.0,2438.12,128.32210526315788,76.50161447671454,3.0,5.0,13.0,249.0,302,0
3469,regular,53.0,web,3.0,67.78999999999999,22.596666666666664,15.37806663184073,2.0,2.0,25.0,8.0,38,1
3470,regular,42.0,web,4.0,109.18,27.295,17.22412552206933,3.0,4.0,7.0,34.0,63,0
3471,loyal_vip,36.0,mobile_app,89.0,10077.98,113.23573033707865,82.37393704497855,3.0,5.0,6.0,295.0,301,0
3472,bargain_hunter,45.0,web,5.0,160.3,32.06,18.28534522507027,3.0,4.0,83.0,186.0,341,0
3473,bargain_hunter,53.0,mobile_app,9.0,215.22,23.913333333333334,18.252559409573223,2.0,4.0,118.0,223.0,349,1
3474,bargain_hunter,18.0,web,1.0,27.75,27.75,0.0,1.0,1.0,51.0,0.0,89,1
3475,bargain_hunter,29.0,web,0.0,0.0,0.0,0.0,0.0,0.0,32.0,0.0,32,0
3476,one_off,27.0,web,4.0,148.8,37.2,36.74617258980858,1.0,3.0,159.0,170.0,337,1
3477,regular,21.0,web,15.0,640.89,42.726,28.28020251493462,3.0,5.0,2.0,80.0,92,0
3478,bargain_hunter,59.0,mobile_app,18.0,373.59999999999997,20.755555555555553,15.393826960724615,3.0,5.0,12.0,222.0,241,0
3479,loyal_vip,53.0,mobile_app,15.0,1593.24,106.216,57.660451388154385,3.0,5.0,13.0,95.0,130,0
3480,loyal_vip,53.0,in_store,11.0,1109.5,100.86363636363636,64.57327036363068,2.0,5.0,5.0,78.0,97,0
3481,regular,52.0,web,10.0,556.64,55.664,34.82515572271158,3.0,5.0,9.0,214.0,230,1
3482,bargain_hunter,41.0,mobile_app,4.0,163.17000000000002,40.792500000000004,11.56319268195424,3.0,4.0,10.0,109.0,175,1
3483,regular,49.0,in_store,16.0,802.51,50.156875,36.277577412455024,3.0,5.0,13.0,202.0,218,0
3484,loyal_vip,27.0,mobile_app,35.0,4434.09,126.68828571428571,94.16568419189515,3.0,5.0,2.0,312.0,315,0
3485,regular,54.0,web,6.0,350.2,58.36666666666667,23.83619488648863,3.0,4.0,6.0,170.0,198,0
3486,loyal_vip,39.0,in_store,28.0,3267.49,116.69607142857141,63.45244526352499,3.0,5.0,6.0,173.0,186,0
3487,bargain_hunter,18.0,web,8.0,148.43,18.55375,18.82440508450969,3.0,4.0,26.0,276.0,326,0
3488,bargain_hunter,45.0,web,2.0,38.04,19.02,7.764032457428294,2.0,1.0,58.0,12.0,96,1
3489,regular,31.0,mobile_app,7.0,287.28,41.04,16.304476890310422,3.0,4.0,41.0,203.0,255,1
3490,bargain_hunter,34.0,web,8.0,235.65,29.45625,17.558970794358732,3.0,4.0,48.0,114.0,171,1
3491,regular,18.0,mobile_app,11.0,587.79,53.43545454545454,33.26930187534339,3.0,5.0,1.0,159.0,161,0
3492,one_off,43.0,web,1.0,18.24,18.24,0.0,1.0,1.0,40.0,0.0,159,1
3493,regular,37.0,in_store,4.0,323.0,80.75,43.949728857715,2.0,4.0,24.0,37.0,82,1
3494,regular,62.0,mobile_app,1.0,56.34,56.34,0.0,1.0,1.0,12.0,0.0,79,1
3495,loyal_vip,26.0,mobile_app,6.0,1143.81,190.635,134.47945489925218,2.0,2.0,2.0,45.0,52,0
3496,bargain_hunter,57.0,web,1.0,11.4,11.4,0.0,1.0,1.0,175.0,0.0,200,1
3497,bargain_hunter,51.0,web,9.0,128.07,14.229999999999999,10.278383871017855,3.0,3.0,19.0,201.0,222,0
3498,regular,60.0,mobile_app,7.0,250.29999999999998,35.75714285714285,34.460042906863265,3.0,3.0,12.0,114.0,131,1
3499,one_off,55.0,in_store,1.0,3.82,3.82,0.0,1.0,1.0,27.0,0.0,165,0
3500,one_off,43.0,mobile_app,2.0,25.08,12.54,1.2020815280171322,2.0,2.0,30.0,118.0,345,0
3501,regular,45.0,web,2.0,77.57,38.785,13.75322689407835,2.0,2.0,4.0,2.0,15,0
3502,bargain_hunter,45.0,mobile_app,0.0,0.0,0.0,0.0,0.0,0.0,102.0,0.0,102,1
3503,loyal_vip,47.0,web,10.0,1355.9,135.59,78.83012706658117,3.0,4.0,5.0,47.0,56,0
3504,regular,60.0,in_store,8.0,603.08,75.385,44.400703018887306,3.0,4.0,30.0,215.0,267,0
3505,bargain_hunter,44.0,web,5.0,110.24,22.048,11.752541001842964,3.0,3.0,19.0,177.0,234,1
3506,one_off,24.0,mobile_app,2.0,86.97999999999999,43.489999999999995,2.5455844122715696,1.0,2.0,192.0,75.0,361,1
3507,one_off,48.0,in_store,1.0,86.05,86.05,0.0,1.0,1.0,96.0,0.0,117,1
3508,loyal_vip,37.0,web,13.0,2039.9299999999998,156.9176923076923,114.42494047437431,3.0,5.0,3.0,171.0,188,0
3509,loyal_vip,67.0,web,15.0,1762.62,117.508,100.47997179253471,2.0,5.0,7.0,81.0,88,0
3510,regular,44.0,mobile_app,8.0,546.73,68.34125,49.49868495727942,2.0,5.0,52.0,132.0,201,0
3511,bargain_hunter,18.0,in_store,5.0,85.96000000000001,17.192,8.393334855705449,3.0,4.0,15.0,290.0,312,1
3512,loyal_vip,33.0,web,5.0,661.7,132.34,100.73791118541223,2.0,3.0,4.0,19.0,36,1
3513,regular,22.0,mobile_app,8.0,334.87,41.85875,42.15768678849852,3.0,4.0,11.0,62.0,77,0
3514,bargain_hunter,25.0,mobile_app,2.0,91.45,45.725,34.81086683781374,2.0,2.0,32.0,56.0,146,1
3515,regular,37.0,mobile_app,21.0,1084.97,51.665238095238095,35.12014914818097,3.0,5.0,13.0,287.0,307,0
3516,one_off,22.0,mobile_app,0.0,0.0,0.0,0.0,0.0,0.0,274.0,0.0,274,1
3517,one_off,27.0,mobile_app,2.0,282.18,141.09,126.81253013799544,1.0,2.0,293.0,4.0,318,1
3518,regular,27.0,in_store,7.0,541.06,77.2942857142857,57.23791338414975,2.0,5.0,44.0,66.0,114,0
3519,regular,76.0,mobile_app,3.0,120.82,40.27333333333333,20.832000224014337,2.0,3.0,18.0,163.0,239,1
3520,bargain_hunter,54.0,web,18.0,449.90999999999997,24.994999999999997,15.838184777897483,3.0,5.0,8.0,220.0,240,0
3521,one_off,38.0,web,3.0,70.35,23.45,15.798110646529858,2.0,3.0,8.0,88.0,176,0
3522,regular,19.0,web,19.0,1287.8600000000001,67.7821052631579,59.74092153986871,3.0,5.0,15.0,259.0,276,1
3523,one_off,28.0,web,1.0,22.92,22.92,0.0,1.0,1.0,37.0,0.0,50,1
3524,regular,25.0,mobile_app,7.0,270.31,38.61571428571428,14.554735606373226,2.0,4.0,8.0,50.0,68,0
3525,regular,47.0,mobile_app,16.0,743.89,46.493125,38.64963487861172,3.0,5.0,3.0,191.0,228,0
3526,bargain_hunter,54.0,mobile_app,4.0,141.77,35.4425,34.015855494166246,2.0,2.0,22.0,63.0,91,1
3527,loyal_vip,45.0,mobile_app,16.0,2127.54,132.97125,122.39165684392052,3.0,5.0,1.0,58.0,65,0
3528,regular,26.0,mobile_app,0.0,0.0,0.0,0.0,0.0,0.0,35.0,0.0,35,0
3529,bargain_hunter,40.0,in_store,10.0,281.62,28.162,19.849913405912435,3.0,5.0,12.0,242.0,310,0
3530,bargain_hunter,35.0,mobile_app,3.0,43.03,14.343333333333334,12.157838349531275,2.0,3.0,25.0,49.0,190,1
3531,bargain_hunter,38.0,web,2.0,35.63,17.815,4.6739758236430795,2.0,2.0,5.0,178.0,217,0
3532,regular,49.0,web,2.0,146.0,73.0,5.727564927611032,2.0,1.0,3.0,49.0,57,0
3533,regular,57.0,web,4.0,263.61,65.9025,41.459342634280475,2.0,3.0,42.0,47.0,131,1
3534,bargain_hunter,18.0,web,0.0,0.0,0.0,0.0,0.0,0.0,31.0,0.0,31,1
3535,regular,33.0,mobile_app,20.0,1340.29,67.0145,35.89318458616959,3.0,5.0,21.0,242.0,265,0
3536,bargain_hunter,49.0,in_store,1.0,10.99,10.99,0.0,1.0,1.0,43.0,0.0,134,1
3537,bargain_hunter,66.0,in_store,7.0,167.03,23.861428571428572,10.14005165761238,2.0,4.0,19.0,150.0,201,1
3538,one_off,18.0,in_store,4.0,106.00999999999999,26.502499999999998,9.271405413060812,3.0,3.0,21.0,146.0,320,1
3539,regular,38.0,in_store,3.0,167.3,55.76666666666667,44.60725987250655,2.0,3.0,12.0,52.0,68,1
3540,bargain_hunter,54.0,mobile_app,0.0,0.0,0.0,0.0,0.0,0.0,43.0,0.0,43,1
3541,regular,36.0,mobile_app,4.0,192.65,48.1625,23.27512746116191,2.0,2.0,37.0,153.0,336,1
3542,regular,23.0,web,17.0,945.0699999999999,55.592352941176465,42.2109262409349,3.0,5.0,3.0,344.0,352,0
3543,regular,33.0,web,14.0,746.23,53.30214285714286,32.43943425916896,3.0,5.0,7.0,333.0,348,0
3544,loyal_vip,,web,13.0,1746.69,134.36076923076922,55.91431606507981,3.0,5.0,2.0,163.0,167,0
3545,loyal_vip,38.0,mobile_app,34.0,4308.57,126.72264705882353,91.04033293026491,3.0,5.0,2.0,242.0,249,0
3546,bargain_hunter,31.0,mobile_app,9.0,193.72,21.524444444444445,13.849593054591091,2.0,5.0,19.0,151.0,184,0
3547,regular,63.0,web,27.0,1331.66,49.320740740740746,39.325054151845535,3.0,5.0,20.0,345.0,365,0
3548,regular,37.0,mobile_app,15.0,703.88,46.925333333333334,31.584344645198303,3.0,5.0,6.0,224.0,242,0
3549,one_off,57.0,in_store,0.0,0.0,0.0,0.0,0.0,0.0,25.0,0.0,25,0
3550,one_off,39.0,mobile_app,0.0,0.0,0.0,0.0,0.0,0.0,17.0,0.0,17,1
3551,loyal_vip,23.0,mobile_app,24.0,3004.55,125.18958333333335,84.87318988166055,3.0,5.0,3.0,178.0,183,0
3552,regular,55.0,web,4.0,236.42999999999998,59.107499999999995,54.59942757636444,3.0,4.0,10.0,55.0,73,0
3553,regular,44.0,mobile_app,10.0,447.8,44.78,28.345551091250048,2.0,3.0,6.0,258.0,268,1
3554,loyal_vip,18.0,mobile_app,22.0,3049.99,138.63590909090908,65.77385742498892,3.0,5.0,4.0,243.0,254,0
3555,regular,48.0,mobile_app,0.0,0.0,0.0,0.0,0.0,0.0,41.0,0.0,41,1
3556,regular,23.0,mobile_app,9.0,520.76,57.86222222222222,45.65002184495035,3.0,5.0,11.0,128.0,171,0
3557,regular,30.0,web,1.0,155.74,155.74,0.0,1.0,1.0,21.0,0.0,22,0
3558,regular,46.0,mobile_app,2.0,136.04000000000002,68.02000000000001,2.531442276647844,2.0,2.0,44.0,28.0,137,0
3559,bargain_hunter,33.0,in_store,0.0,0.0,0.0,0.0,0.0,0.0,80.0,0.0,80,1
3560,regular,40.0,web,12.0,764.5,63.708333333333336,51.49040860964184,3.0,5.0,4.0,290.0,297,0
3561,regular,37.0,web,6.0,182.4,30.400000000000002,10.959392318919875,3.0,3.0,80.0,154.0,250,1
3562,one_off,25.0,web,1.0,43.14,43.14,0.0,1.0,1.0,68.0,0.0,350,1
3563,one_off,37.0,mobile_app,1.0,19.23,19.23,0.0,1.0,1.0,62.0,0.0,79,0
3564,loyal_vip,46.0,web,3.0,223.51999999999998,74.50666666666666,23.339118092450143,2.0,3.0,21.0,12.0,47,1
3565,bargain_hunter,70.0,in_store,8.0,178.15,22.26875,13.713280776052722,3.0,2.0,2.0,237.0,318,1
3566,regular,53.0,in_store,0.0,0.0,0.0,0.0,0.0,0.0,13.0,0.0,13,0
3567,bargain_hunter,59.0,web,6.0,124.14000000000001,20.69,14.459485468024099,3.0,3.0,36.0,162.0,318,1
3568,regular,41.0,web,0.0,0.0,0.0,0.0,0.0,0.0,2.0,0.0,2,1
3569,one_off,34.0,web,1.0,49.17,49.17,0.0,1.0,1.0,22.0,0.0,71,0
3570,regular,22.0,web,19.0,818.78,43.09368421052631,32.67265203848733,3.0,5.0,5.0,325.0,346,0
3571,bargain_hunter,69.0,web,1.0,17.96,17.96,0.0,1.0,1.0,97.0,0.0,148,1
3572,bargain_hunter,44.0,web,4.0,90.55000000000001,22.637500000000003,9.083154279580782,2.0,3.0,20.0,221.0,353,1
3573,regular,42.0,web,13.0,953.24,73.32615384615384,53.96946305372783,3.0,5.0,4.0,299.0,312,1
3574,bargain_hunter,40.0,mobile_app,0.0,0.0,0.0,0.0,0.0,0.0,86.0,0.0,86,1
3575,regular,22.0,mobile_app,6.0,399.93,66.655,63.94077376760466,2.0,3.0,14.0,89.0,121,0
3576,regular,53.0,mobile_app,1.0,37.19,37.19,0.0,1.0,1.0,3.0,0.0,19,0
3577,one_off,42.0,mobile_app,4.0,235.31,58.8275,25.09918109553909,2.0,3.0,38.0,71.0,216,1
3578,loyal_vip,37.0,mobile_app,18.0,1740.56,96.69777777777777,54.446733662690434,3.0,5.0,10.0,175.0,203,0
3579,regular,40.0,in_store,19.0,1247.44,65.65473684210527,43.49893017438233,3.0,5.0,7.0,331.0,342,0
3580,bargain_hunter,46.0,in_store,5.0,108.11,21.622,11.999219557954593,3.0,3.0,36.0,214.0,255,1
3581,bargain_hunter,41.0,mobile_app,0.0,0.0,0.0,0.0,0.0,0.0,16.0,0.0,16,1
3582,one_off,54.0,in_store,1.0,34.68,34.68,0.0,1.0,1.0,105.0,0.0,173,1
3583,bargain_hunter,43.0,mobile_app,3.0,56.08,18.69333333333333,10.780655515010825,2.0,2.0,22.0,24.0,118,1
3584,one_off,27.0,mobile_app,1.0,87.91,87.91,0.0,1.0,1.0,233.0,0.0,264,1
3585,bargain_hunter,48.0,mobile_app,1.0,6.89,6.89,0.0,1.0,1.0,20.0,0.0,126,1
3586,loyal_vip,,mobile_app,62.0,6654.15,107.32499999999999,70.31275675945834,3.0,5.0,3.0,334.0,339,0
3587,bargain_hunter,36.0,web,0.0,0.0,0.0,0.0,0.0,0.0,9.0,0.0,9,1
3588,loyal_vip,38.0,mobile_app,49.0,7132.23,145.5557142857143,111.61544880750155,3.0,5.0,3.0,360.0,365,0
3589,bargain_hunter,46.0,in_store,7.0,123.69999999999999,17.67142857142857,8.766356956325374,2.0,5.0,1.0,230.0,316,0
3590,regular,40.0,mobile_app,9.0,580.37,64.48555555555555,48.88074265779703,3.0,5.0,24.0,141.0,171,0
3591,regular,18.0,web,2.0,43.08,21.54,7.594326829943518,2.0,2.0,65.0,18.0,168,1
3592,one_off,18.0,mobile_app,1.0,35.04,35.04,0.0,1.0,1.0,66.0,0.0,157,1
3593,one_off,42.0,in_store,1.0,22.86,22.86,0.0,1.0,1.0,1.0,0.0,65,1
3594,regular,69.0,mobile_app,9.0,342.6,38.06666666666667,18.85021750537643,3.0,4.0,10.0,125.0,145,1
3595,regular,26.0,mobile_app,39.0,2043.31,52.3925641025641,34.67691927052441,3.0,5.0,13.0,344.0,359,0
3596,regular,23.0,web,18.0,879.61,48.867222222222225,30.80147338064042,3.0,5.0,2.0,276.0,278,1
3597,one_off,53.0,web,1.0,1.88,1.88,0.0,1.0,1.0,193.0,0.0,193,1
3598,bargain_hunter,62.0,web,7.0,210.1,30.014285714285712,16.472165266637795,3.0,4.0,39.0,179.0,296,0
3599,bargain_hunter,29.0,web,4.0,62.18000000000001,15.545000000000002,6.866452262024886,2.0,3.0,91.0,103.0,204,1
3600,one_off,,web,0.0,0.0,0.0,0.0,0.0,0.0,65.0,0.0,65,1
3601,loyal_vip,48.0,mobile_app,47.0,6297.09,133.98063829787233,89.00091370816409,3.0,5.0,5.0,261.0,271,0
3602,regular,65.0,web,3.0,245.46,81.82000000000001,54.76796782791927,2.0,2.0,32.0,8.0,44,1
3603,bargain_hunter,54.0,in_store,7.0,152.34,21.762857142857143,7.727827884310301,2.0,4.0,15.0,167.0,228,0
3604,bargain_hunter,25.0,mobile_app,2.0,51.08,25.54,10.309616869699862,2.0,2.0,118.0,7.0,180,1
3605,regular,26.0,mobile_app,2.0,149.2,74.6,14.212846301849616,1.0,2.0,21.0,11.0,51,0
3606,bargain_hunter,18.0,in_store,2.0,11.38,5.69,2.842569260369921,2.0,1.0,44.0,73.0,142,0
3607,regular,50.0,mobile_app,1.0,35.75,35.75,0.0,1.0,1.0,32.0,0.0,204,0
3608,regular,20.0,mobile_app,13.0,646.86,49.75846153846154,40.059509658788436,3.0,5.0,8.0,228.0,266,1
3609,bargain_hunter,37.0,web,4.0,164.5,41.125,17.70159409017542,2.0,2.0,5.0,75.0,126,1
3610,bargain_hunter,27.0,mobile_app,1.0,46.94,46.94,0.0,1.0,1.0,67.0,0.0,87,1
3611,bargain_hunter,36.0,mobile_app,4.0,123.28,30.82,21.327970680149885,2.0,4.0,31.0,168.0,263,1
3612,loyal_vip,36.0,mobile_app,54.0,6798.54,125.89888888888889,88.11822869832791,3.0,5.0,1.0,311.0,322,0
3613,regular,52.0,mobile_app,26.0,1496.45,57.55576923076923,37.22024472494258,3.0,5.0,9.0,189.0,216,0
3614,regular,18.0,mobile_app,6.0,310.59,51.76499999999999,38.255386418124175,3.0,3.0,8.0,88.0,100,0
3615,regular,26.0,web,39.0,2340.7,60.01794871794871,35.033016095308476,3.0,5.0,9.0,310.0,324,0
3616,regular,24.0,mobile_app,3.0,187.28,62.42666666666667,51.37453097920538,2.0,3.0,2.0,65.0,73,0
3617,regular,47.0,mobile_app,3.0,159.10000000000002,53.03333333333334,38.43967525010238,2.0,2.0,119.0,13.0,152,1
3618,bargain_hunter,30.0,mobile_app,8.0,183.97,22.99625,14.98078954385058,3.0,3.0,15.0,196.0,257,0
3619,regular,30.0,web,24.0,1288.34,53.68083333333333,42.50348302010766,3.0,5.0,3.0,295.0,337,0
3620,loyal_vip,40.0,web,21.0,3065.05,145.9547619047619,123.54296344264402,3.0,5.0,1.0,299.0,315,1
3621,bargain_hunter,38.0,web,0.0,0.0,0.0,0.0,0.0,0.0,106.0,0.0,106,1
3622,loyal_vip,47.0,mobile_app,16.0,2342.33,146.395625,79.09848881563204,3.0,5.0,13.0,136.0,152,0
3623,regular,42.0,web,10.0,518.68,51.867999999999995,35.19689184509841,3.0,5.0,11.0,227.0,248,0
3624,bargain_hunter,52.0,web,7.0,186.82,26.68857142857143,8.17566598423115,3.0,5.0,6.0,166.0,287,0
3625,regular,47.0,web,3.0,102.84,34.28,10.700224296714532,3.0,2.0,57.0,15.0,104,1
3626,regular,62.0,mobile_app,13.0,808.71,62.20846153846154,43.91394137897323,3.0,5.0,23.0,174.0,224,0
3627,one_off,27.0,in_store,0.0,0.0,0.0,0.0,0.0,0.0,307.0,0.0,307,1
3628,regular,31.0,mobile_app,5.0,321.2,64.24,56.9899578873331,3.0,3.0,22.0,32.0,59,0
3629,regular,48.0,mobile_app,21.0,1023.23,48.7252380952381,26.300385095858882,3.0,5.0,5.0,202.0,240,0
3630,bargain_hunter,49.0,web,2.0,38.74,19.37,16.631151493507595,2.0,2.0,146.0,170.0,334,1
3631,one_off,32.0,in_store,0.0,0.0,0.0,0.0,0.0,0.0,42.0,0.0,42,1
3632,regular,29.0,web,21.0,949.45,45.21190476190476,38.01723156925654,3.0,5.0,19.0,238.0,321,0
3633,bargain_hunter,56.0,mobile_app,6.0,128.39,21.39833333333333,11.79078863633246,2.0,4.0,1.0,103.0,186,0
3634,regular,29.0,mobile_app,5.0,368.91999999999996,73.78399999999999,42.134991159367765,2.0,4.0,25.0,81.0,111,1
3635,bargain_hunter,19.0,mobile_app,0.0,0.0,0.0,0.0,0.0,0.0,58.0,0.0,58,1
3636,one_off,69.0,mobile_app,1.0,23.46,23.46,0.0,1.0,1.0,59.0,0.0,142,1
3637,bargain_hunter,27.0,mobile_app,2.0,88.71000000000001,44.355000000000004,5.183092706097394,2.0,1.0,5.0,156.0,213,1
3638,regular,42.0,web,4.0,167.18,41.795,30.72565974339146,3.0,3.0,70.0,68.0,143,1
3639,bargain_hunter,36.0,in_store,6.0,63.97,10.661666666666667,8.478080954241157,3.0,4.0,42.0,220.0,274,1
3640,regular,25.0,web,25.0,1226.2,49.048,29.433054830694463,3.0,5.0,1.0,346.0,349,0
3641,loyal_vip,54.0,in_store,30.0,3600.76,120.02533333333334,62.49767723867732,3.0,5.0,9.0,212.0,231,0
3642,bargain_hunter,42.0,mobile_app,6.0,122.35000000000001,20.39166666666667,14.783300601241477,3.0,3.0,123.0,178.0,322,1
3643,regular,36.0,mobile_app,0.0,0.0,0.0,0.0,0.0,0.0,5.0,0.0,5,0
3644,bargain_hunter,18.0,web,2.0,35.81,17.905,13.07440438413926,1.0,2.0,23.0,68.0,118,1
3645,regular,48.0,in_store,4.0,167.93,41.9825,27.342372946277603,2.0,2.0,54.0,148.0,227,1
3646,bargain_hunter,41.0,in_store,7.0,223.43,31.91857142857143,20.24363474327295,2.0,4.0,27.0,184.0,217,0
3647,bargain_hunter,69.0,web,3.0,27.66,9.22,3.857862102253009,2.0,3.0,60.0,33.0,108,0
3648,loyal_vip,43.0,web,26.0,2227.38,85.66846153846154,70.54529601283463,3.0,5.0,20.0,253.0,292,0
3649,bargain_hunter,33.0,mobile_app,8.0,243.69,30.46125,20.694314220853723,3.0,3.0,28.0,256.0,340,1
3650,bargain_hunter,47.0,mobile_app,4.0,96.78999999999999,24.197499999999998,26.526807038666878,2.0,3.0,36.0,88.0,173,1
3651,bargain_hunter,35.0,mobile_app,0.0,0.0,0.0,0.0,0.0,0.0,51.0,0.0,51,0
3652,one_off,54.0,mobile_app,0.0,0.0,0.0,0.0,0.0,0.0,181.0,0.0,181,1
3653,loyal_vip,41.0,in_store,4.0,570.54,142.635,148.21167958925054,2.0,4.0,22.0,40.0,84,0
3654,loyal_vip,65.0,in_store,5.0,606.26,121.252,111.44208998399125,2.0,3.0,7.0,36.0,49,0
3655,one_off,38.0,mobile_app,3.0,116.83,38.943333333333335,11.9055547259812,3.0,3.0,9.0,82.0,252,1
3656,regular,38.0,web,6.0,237.28,39.54666666666667,29.23504928449184,2.0,4.0,51.0,114.0,168,1
3657,regular,38.0,mobile_app,7.0,427.15000000000003,61.02142857142858,36.11923560863907,3.0,4.0,49.0,162.0,240,0
3658,regular,59.0,mobile_app,10.0,562.73,56.273,50.73104091404218,3.0,5.0,47.0,283.0,336,0
3659,bargain_hunter,25.0,web,7.0,214.11,30.587142857142858,41.31473656146021,3.0,4.0,4.0,221.0,278,0
3660,one_off,51.0,web,3.0,184.99,61.663333333333334,43.02909054736497,2.0,3.0,111.0,111.0,263,1
3661,bargain_hunter,54.0,mobile_app,0.0,0.0,0.0,0.0,0.0,0.0,29.0,0.0,29,1
3662,regular,33.0,mobile_app,0.0,0.0,0.0,0.0,0.0,0.0,4.0,0.0,4,0
3663,loyal_vip,27.0,web,3.0,328.47,109.49000000000001,52.26439227619508,3.0,3.0,8.0,13.0,31,0
3664,bargain_hunter,40.0,web,12.0,196.0,16.333333333333332,9.626365625277026,3.0,5.0,2.0,211.0,233,0
3665,bargain_hunter,34.0,in_store,7.0,177.53,25.361428571428572,7.639200282253434,3.0,5.0,8.0,286.0,306,1
3666,regular,39.0,in_store,11.0,610.03,55.45727272727272,31.566663140379315,3.0,4.0,12.0,136.0,152,0
3667,regular,49.0,web,0.0,0.0,0.0,0.0,0.0,0.0,1.0,0.0,1,0
3668,bargain_hunter,22.0,web,0.0,0.0,0.0,0.0,0.0,0.0,6.0,0.0,6,1
3669,bargain_hunter,45.0,web,0.0,0.0,0.0,0.0,0.0,0.0,10.0,0.0,10,0
3670,loyal_vip,51.0,mobile_app,17.0,2008.85,118.16764705882352,57.10923606666129,3.0,5.0,7.0,135.0,178,0
3671,regular,29.0,in_store,17.0,1224.05,72.00294117647059,30.18449141626911,3.0,5.0,22.0,182.0,248,0
3672,regular,56.0,in_store,6.0,153.91,25.651666666666667,26.367190534197356,2.0,3.0,6.0,151.0,194,0
3673,regular,61.0,web,14.0,826.01,59.00071428571429,48.59111417094309,3.0,5.0,17.0,314.0,335,0
3674,regular,69.0,mobile_app,15.0,1055.19,70.346,61.79475403069653,3.0,5.0,18.0,336.0,356,0
3675,bargain_hunter,42.0,mobile_app,4.0,146.3,36.575,28.516293003591244,3.0,3.0,13.0,154.0,197,0
3676,bargain_hunter,34.0,mobile_app,2.0,41.379999999999995,20.689999999999998,0.9192388155425111,2.0,1.0,1.0,16.0,60,1
3677,bargain_hunter,45.0,web,10.0,211.25,21.125,15.827642661565942,3.0,3.0,25.0,240.0,296,0
3678,loyal_vip,18.0,in_store,28.0,4027.34,143.83357142857145,106.90707159558183,3.0,5.0,7.0,165.0,173,0
3679,one_off,40.0,in_store,2.0,123.75,61.875,22.56377738766273,1.0,2.0,51.0,27.0,99,1
3680,one_off,61.0,mobile_app,1.0,32.53,32.53,0.0,1.0,1.0,57.0,0.0,70,1
3681,bargain_hunter,32.0,mobile_app,6.0,169.63,28.271666666666665,21.561062512470635,3.0,4.0,27.0,98.0,125,1
3682,regular,60.0,web,27.0,1495.73,55.39740740740741,39.795568519486864,3.0,5.0,29.0,269.0,311,0
3683,bargain_hunter,,web,1.0,24.47,24.47,0.0,1.0,1.0,26.0,0.0,40,1
3684,one_off,39.0,web,1.0,3.18,3.18,0.0,1.0,1.0,123.0,0.0,137,1
3685,loyal_vip,25.0,mobile_app,11.0,1472.08,133.82545454545453,79.14955367702794,3.0,5.0,40.0,187.0,235,0
3686,regular,45.0,mobile_app,13.0,658.25,50.63461538461539,23.689764883941127,3.0,5.0,9.0,161.0,175,1
3687,regular,46.0,web,26.0,1701.26,65.43307692307692,40.037855763687524,3.0,5.0,1.0,300.0,313,0
3688,bargain_hunter,43.0,web,9.0,242.92,26.99111111111111,13.963208302933502,3.0,5.0,11.0,103.0,195,0
3689,regular,51.0,web,7.0,383.25,54.75,52.02482516389011,3.0,5.0,29.0,128.0,168,0
3690,regular,49.0,web,20.0,1223.22,61.161,51.25250585914903,3.0,4.0,11.0,248.0,308,0
3691,regular,31.0,mobile_app,4.0,204.12,51.03,31.563265568273085,2.0,3.0,3.0,46.0,51,0
3692,loyal_vip,65.0,in_store,0.0,0.0,0.0,0.0,0.0,0.0,9.0,0.0,9,0
3693,bargain_hunter,43.0,web,8.0,220.97,27.62125,19.59778955283332,3.0,5.0,8.0,150.0,270,0
3694,one_off,32.0,in_store,1.0,6.96,6.96,0.0,1.0,1.0,39.0,0.0,248,0
3695,regular,27.0,web,8.0,556.8,69.6,29.753239919616913,3.0,4.0,86.0,143.0,247,1
3696,regular,32.0,mobile_app,17.0,629.1800000000001,37.01058823529412,24.663346404783617,3.0,4.0,19.0,162.0,182,0
3697,loyal_vip,23.0,web,35.0,5290.73,151.16371428571426,106.6572303631568,3.0,5.0,2.0,260.0,264,0
3698,bargain_hunter,30.0,mobile_app,4.0,47.91,11.9775,8.595178396442197,2.0,3.0,12.0,198.0,219,0
3699,regular,27.0,web,10.0,487.46,48.745999999999995,27.603272833327413,3.0,3.0,4.0,74.0,82,0
3700,bargain_hunter,18.0,mobile_app,9.0,223.46,24.82888888888889,17.76444021384043,3.0,4.0,21.0,155.0,190,0
3701,one_off,40.0,web,0.0,0.0,0.0,0.0,0.0,0.0,60.0,0.0,60,1
3702,bargain_hunter,62.0,web,0.0,0.0,0.0,0.0,0.0,0.0,57.0,0.0,57,1
3703,one_off,33.0,mobile_app,1.0,12.65,12.65,0.0,1.0,1.0,79.0,0.0,133,1
3704,regular,59.0,mobile_app,16.0,767.01,47.938125,42.44190762579678,3.0,5.0,12.0,287.0,323,0
3705,regular,50.0,web,1.0,92.27,92.27,0.0,1.0,1.0,11.0,0.0,17,0
3706,bargain_hunter,23.0,web,2.0,66.54,33.27,27.08218971944477,2.0,1.0,31.0,14.0,153,0
3707,regular,77.0,mobile_app,19.0,1191.1200000000001,62.69052631578948,37.95307782478608,3.0,5.0,10.0,304.0,355,0
3708,loyal_vip,28.0,in_store,36.0,4027.77,111.8825,75.9796085566948,3.0,5.0,4.0,217.0,225,0
3709,bargain_hunter,44.0,mobile_app,6.0,202.6,33.766666666666666,26.726720462239037,2.0,2.0,17.0,110.0,232,0
3710,one_off,40.0,in_store,1.0,138.38,138.38,0.0,1.0,1.0,52.0,0.0,331,1
3711,regular,33.0,web,10.0,592.1700000000001,59.217000000000006,21.711548411949902,3.0,3.0,1.0,175.0,176,0
3712,loyal_vip,53.0,web,40.0,4286.63,107.16575,68.84134632272703,3.0,5.0,2.0,357.0,363,0
3713,regular,66.0,mobile_app,10.0,632.88,63.288,63.407930769300805,3.0,4.0,47.0,259.0,309,0
3714,regular,28.0,web,4.0,210.87,52.7175,39.27433375204049,3.0,4.0,24.0,49.0,103,1
3715,bargain_hunter,36.0,in_store,4.0,98.89,24.7225,14.580341502630635,3.0,3.0,66.0,271.0,349,1
3716,bargain_hunter,31.0,mobile_app,1.0,8.49,8.49,0.0,1.0,1.0,32.0,0.0,64,0
3717,loyal_vip,40.0,web,36.0,3116.57,86.57138888888889,89.32536853397337,3.0,5.0,22.0,309.0,336,0
3718,regular,52.0,web,12.0,713.11,59.42583333333334,39.46489774201726,3.0,5.0,10.0,116.0,129,1
3719,regular,50.0,in_store,5.0,264.95,52.989999999999995,29.828286072116178,3.0,3.0,9.0,73.0,129,0
3720,one_off,61.0,web,2.0,84.69,42.345,4.4759859249108445,1.0,2.0,56.0,142.0,201,1
3721,loyal_vip,36.0,mobile_app,9.0,1484.5,164.94444444444446,91.19246968789572,3.0,5.0,16.0,135.0,151,0
3722,regular,41.0,mobile_app,6.0,505.53999999999996,84.25666666666666,73.20896083586125,3.0,5.0,19.0,75.0,113,1
3723,loyal_vip,42.0,in_store,3.0,349.15999999999997,116.38666666666666,58.678626716491365,2.0,3.0,24.0,2.0,43,0
3724,one_off,42.0,web,0.0,0.0,0.0,0.0,0.0,0.0,61.0,0.0,61,1
3725,regular,63.0,web,5.0,165.71,33.142,8.883862898536876,3.0,3.0,21.0,62.0,86,0
3726,bargain_hunter,66.0,in_store,4.0,68.99,17.2475,16.689841970492107,3.0,2.0,50.0,223.0,358,1
3727,regular,31.0,web,22.0,1151.84,52.35636363636363,24.59617112003886,3.0,5.0,10.0,317.0,327,0
3728,loyal_vip,58.0,mobile_app,1.0,166.89,166.89,0.0,1.0,1.0,6.0,0.0,7,0
3729,regular,39.0,web,10.0,750.5,75.05,46.901014203675096,3.0,5.0,16.0,131.0,149,0
3730,one_off,59.0,mobile_app,0.0,0.0,0.0,0.0,0.0,0.0,30.0,0.0,30,1
3731,bargain_hunter,38.0,web,2.0,50.0,25.0,20.746512960013305,1.0,1.0,89.0,23.0,185,1
3732,bargain_hunter,69.0,mobile_app,3.0,39.85,13.283333333333333,8.189983719967538,2.0,3.0,39.0,49.0,98,1
3733,regular,38.0,mobile_app,10.0,470.73,47.073,36.49077906357532,3.0,4.0,5.0,287.0,333,0
3734,loyal_vip,63.0,mobile_app,37.0,4277.39,115.60513513513514,76.48140814827053,3.0,5.0,4.0,300.0,309,0
3735,bargain_hunter,44.0,mobile_app,1.0,14.95,14.95,0.0,1.0,1.0,46.0,0.0,63,1
3736,bargain_hunter,85.0,web,6.0,171.43,28.57166666666667,16.61800880571035,3.0,3.0,27.0,196.0,235,0
3737,regular,28.0,web,25.0,1300.65,52.026,34.27784136046687,3.0,5.0,3.0,261.0,267,0
3738,regular,33.0,web,2.0,140.3,70.15,28.057997077482206,2.0,1.0,48.0,7.0,61,1
3739,bargain_hunter,32.0,mobile_app,6.0,145.42000000000002,24.236666666666668,12.539497065937958,2.0,3.0,14.0,186.0,331,1
3740,regular,44.0,web,5.0,254.91,50.982,13.304443618580974,2.0,3.0,4.0,58.0,67,0
3741,regular,37.0,mobile_app,8.0,351.28,43.91,23.21032098011572,3.0,4.0,36.0,88.0,128,0
3742,bargain_hunter,43.0,web,2.0,17.299999999999997,8.649999999999999,0.19798989873223347,2.0,2.0,19.0,56.0,83,0
3743,bargain_hunter,18.0,in_store,0.0,0.0,0.0,0.0,0.0,0.0,29.0,0.0,29,0
3744,one_off,22.0,web,0.0,0.0,0.0,0.0,0.0,0.0,5.0,0.0,5,1
3745,bargain_hunter,19.0,mobile_app,15.0,369.26,24.61733333333333,18.68656487069431,3.0,5.0,3.0,243.0,270,1
3746,one_off,30.0,web,0.0,0.0,0.0,0.0,0.0,0.0,34.0,0.0,34,1
3747,bargain_hunter,36.0,web,10.0,289.22,28.922000000000004,12.465088848459926,3.0,4.0,13.0,252.0,265,0
3748,loyal_vip,41.0,web,11.0,718.85,65.35000000000001,51.26128558668813,3.0,4.0,4.0,51.0,68,0
3749,regular,52.0,web,1.0,53.93,53.93,0.0,1.0,1.0,6.0,0.0,8,0
3750,bargain_hunter,67.0,mobile_app,11.0,354.68,32.24363636363636,20.587082490108827,3.0,5.0,37.0,305.0,350,1
3751,regular,46.0,web,18.0,869.76,48.32,35.581038406961184,3.0,5.0,20.0,250.0,329,0
3752,one_off,47.0,mobile_app,3.0,130.51,43.50333333333333,17.552539227511595,3.0,3.0,110.0,109.0,282,1
3753,bargain_hunter,,in_store,0.0,0.0,0.0,0.0,0.0,0.0,97.0,0.0,97,1
3754,bargain_hunter,39.0,web,4.0,95.85,23.9625,18.729951726223607,2.0,2.0,3.0,117.0,196,1
3755,one_off,38.0,mobile_app,1.0,98.53,98.53,0.0,1.0,1.0,77.0,0.0,128,1
3756,bargain_hunter,18.0,mobile_app,2.0,20.89,10.445,4.758828637385465,2.0,2.0,4.0,86.0,94,0
3757,regular,51.0,web,11.0,650.94,59.17636363636364,28.142954099641802,3.0,4.0,15.0,161.0,218,0
3758,bargain_hunter,64.0,mobile_app,0.0,0.0,0.0,0.0,0.0,0.0,17.0,0.0,17,1
3759,bargain_hunter,34.0,web,0.0,0.0,0.0,0.0,0.0,0.0,148.0,0.0,148,1
3760,bargain_hunter,32.0,mobile_app,4.0,148.1,37.025,52.251977634025174,2.0,4.0,73.0,132.0,237,0
3761,bargain_hunter,35.0,mobile_app,1.0,9.52,9.52,0.0,1.0,1.0,10.0,0.0,179,0
3762,regular,48.0,web,5.0,223.69,44.738,35.30995851031265,3.0,4.0,7.0,71.0,81,0
3763,regular,48.0,mobile_app,10.0,539.06,53.90599999999999,25.208865371795955,3.0,4.0,16.0,215.0,258,1
3764,one_off,49.0,mobile_app,0.0,0.0,0.0,0.0,0.0,0.0,91.0,0.0,91,1
3765,bargain_hunter,41.0,mobile_app,1.0,7.33,7.33,0.0,1.0,1.0,1.0,0.0,10,1
3766,regular,25.0,web,7.0,373.98,53.425714285714285,40.68487018419454,2.0,4.0,7.0,142.0,168,1
3767,bargain_hunter,73.0,mobile_app,6.0,158.56,26.426666666666666,17.63596968319765,2.0,5.0,7.0,348.0,357,0
3768,regular,36.0,mobile_app,3.0,123.81,41.27,37.29464975033282,3.0,2.0,24.0,7.0,40,0
3769,regular,18.0,mobile_app,9.0,575.33,63.92555555555556,42.513410857960785,3.0,5.0,23.0,141.0,184,1
3770,bargain_hunter,55.0,web,0.0,0.0,0.0,0.0,0.0,0.0,11.0,0.0,11,0
3771,regular,43.0,web,9.0,533.36,59.26222222222222,47.45478262983031,3.0,4.0,28.0,225.0,272,0
3772,bargain_hunter,44.0,mobile_app,5.0,101.36,20.272,10.53900232469848,2.0,4.0,68.0,79.0,316,0
3773,regular,42.0,mobile_app,14.0,952.55,68.03928571428571,30.090147752349804,3.0,5.0,16.0,224.0,242,0
3774,bargain_hunter,,web,0.0,0.0,0.0,0.0,0.0,0.0,18.0,0.0,18,1
3775,regular,44.0,mobile_app,0.0,0.0,0.0,0.0,0.0,0.0,39.0,0.0,39,1
3776,bargain_hunter,41.0,web,1.0,43.9,43.9,0.0,1.0,1.0,56.0,0.0,87,1
3777,bargain_hunter,30.0,web,3.0,18.5,6.166666666666667,3.6158724166282936,1.0,2.0,41.0,55.0,187,1
3778,regular,41.0,web,32.0,1525.3799999999999,47.668124999999996,34.24282730992608,3.0,5.0,12.0,317.0,342,0
3779,regular,43.0,web,11.0,385.85,35.07727272727273,28.683004407108083,3.0,5.0,11.0,104.0,121,1
3780,regular,28.0,mobile_app,10.0,540.52,54.052,49.15885289322543,3.0,4.0,16.0,242.0,269,0
3781,regular,21.0,mobile_app,2.0,23.84,11.92,10.069200564096437,1.0,2.0,16.0,3.0,31,0
3782,regular,40.0,web,6.0,368.82,61.47,26.840450070742104,3.0,4.0,6.0,202.0,213,0
3783,bargain_hunter,26.0,web,0.0,0.0,0.0,0.0,0.0,0.0,20.0,0.0,20,1
3784,loyal_vip,54.0,in_store,9.0,1341.6399999999999,149.0711111111111,105.14898483157654,3.0,5.0,9.0,153.0,190,0
3785,regular,28.0,mobile_app,18.0,1222.85,67.9361111111111,34.03768674985193,3.0,5.0,12.0,275.0,318,0
3786,regular,45.0,mobile_app,10.0,812.32,81.232,37.28631676336211,3.0,4.0,54.0,180.0,255,0
3787,regular,43.0,mobile_app,16.0,723.59,45.224375,36.15648470537477,3.0,4.0,4.0,152.0,156,0
3788,regular,20.0,web,4.0,245.0,61.25,25.244018433416393,3.0,3.0,29.0,56.0,90,1
3789,bargain_hunter,43.0,mobile_app,2.0,73.58,36.79,1.1596551211459383,1.0,1.0,19.0,129.0,148,1
3790,loyal_vip,42.0,mobile_app,23.0,2818.87,122.5595652173913,90.94025828572897,3.0,5.0,5.0,304.0,312,0
3791,bargain_hunter,19.0,in_store,8.0,110.61,13.82625,6.981653380723754,3.0,4.0,3.0,298.0,321,0
3792,regular,33.0,web,2.0,58.25,29.125,2.156675682618968,2.0,1.0,35.0,35.0,110,1
3793,regular,42.0,mobile_app,2.0,98.97999999999999,49.489999999999995,5.1901637739092585,2.0,1.0,61.0,26.0,89,1
3794,bargain_hunter,45.0,in_store,0.0,0.0,0.0,0.0,0.0,0.0,42.0,0.0,42,1
3795,loyal_vip,38.0,mobile_app,5.0,691.88,138.376,88.18421247593018,2.0,3.0,10.0,31.0,41,0
3796,regular,30.0,mobile_app,6.0,447.51,74.585,39.9190469575615,2.0,4.0,32.0,35.0,79,0
3797,regular,33.0,web,17.0,813.25,47.838235294117645,28.9399013550699,3.0,5.0,1.0,233.0,265,0
3798,loyal_vip,42.0,web,5.0,563.0,112.6,70.69983769429743,3.0,3.0,2.0,26.0,35,0
3799,bargain_hunter,30.0,web,0.0,0.0,0.0,0.0,0.0,0.0,32.0,0.0,32,1
3800,bargain_hunter,59.0,web,0.0,0.0,0.0,0.0,0.0,0.0,12.0,0.0,12,1
3801,regular,60.0,mobile_app,13.0,610.59,46.96846153846154,36.67993794209442,3.0,4.0,5.0,231.0,269,0
3802,bargain_hunter,52.0,web,1.0,17.58,17.58,0.0,1.0,1.0,7.0,0.0,61,1
3803,regular,35.0,web,9.0,439.86,48.873333333333335,41.76057291273672,3.0,5.0,1.0,264.0,274,0
3804,bargain_hunter,30.0,in_store,5.0,85.47,17.094,17.227435386615152,3.0,4.0,9.0,240.0,269,1
3805,bargain_hunter,22.0,web,4.0,68.93,17.2325,13.150681541273821,3.0,3.0,8.0,41.0,233,1
3806,bargain_hunter,48.0,web,6.0,144.48,24.08,12.851227178756119,2.0,4.0,62.0,192.0,285,0
3807,bargain_hunter,37.0,web,11.0,327.90999999999997,29.81,17.910164153351584,3.0,5.0,8.0,326.0,366,0
3808,regular,43.0,in_store,6.0,480.91999999999996,80.15333333333332,28.86965026921294,2.0,3.0,6.0,208.0,237,0
3809,regular,57.0,in_store,11.0,622.38,56.58,55.93976474744955,3.0,4.0,8.0,210.0,250,0
3810,regular,65.0,web,5.0,172.76999999999998,34.553999999999995,13.677789660614026,3.0,4.0,37.0,69.0,127,0
3811,regular,38.0,in_store,9.0,488.82,54.31333333333333,50.090402773385634,3.0,5.0,2.0,68.0,101,0
3812,regular,29.0,in_store,3.0,333.84000000000003,111.28000000000002,4.049382669000299,2.0,3.0,34.0,49.0,98,1
3813,bargain_hunter,34.0,web,6.0,132.51,22.084999999999997,11.312215963284999,2.0,4.0,71.0,230.0,346,0
3814,one_off,39.0,mobile_app,4.0,146.07999999999998,36.519999999999996,12.830274094240282,1.0,3.0,2.0,91.0,216,0
3815,bargain_hunter,43.0,web,3.0,60.54,20.18,11.428836336215513,1.0,3.0,30.0,7.0,38,0
3816,loyal_vip,38.0,web,10.0,1015.87,101.587,65.9084442490743,2.0,5.0,1.0,191.0,200,0
3817,bargain_hunter,27.0,web,8.0,217.31,27.16375,22.686485553864756,2.0,4.0,48.0,189.0,346,1
3818,bargain_hunter,25.0,mobile_app,6.0,120.93,20.155,21.12249109361867,3.0,3.0,9.0,208.0,236,0
3819,regular,26.0,mobile_app,1.0,20.42,20.42,0.0,1.0,1.0,35.0,0.0,45,0
3820,regular,34.0,mobile_app,10.0,463.97,46.397000000000006,33.0664570053837,3.0,4.0,4.0,117.0,131,0
3821,bargain_hunter,42.0,web,4.0,156.23000000000002,39.057500000000005,11.362157585599665,2.0,3.0,10.0,223.0,276,1
3822,bargain_hunter,53.0,mobile_app,0.0,0.0,0.0,0.0,0.0,0.0,8.0,0.0,8,1
3823,bargain_hunter,51.0,web,1.0,37.31,37.31,0.0,1.0,1.0,6.0,0.0,267,0
3824,bargain_hunter,41.0,in_store,4.0,161.2,40.3,17.20220334724596,3.0,2.0,9.0,64.0,199,0
3825,one_off,57.0,web,0.0,0.0,0.0,0.0,0.0,0.0,72.0,0.0,72,1
3826,bargain_hunter,32.0,web,1.0,17.8,17.8,0.0,1.0,1.0,3.0,0.0,57,1
3827,regular,19.0,web,5.0,555.91,111.18199999999999,53.68444439500143,3.0,4.0,2.0,61.0,113,0
3828,regular,44.0,web,19.0,1053.1399999999999,55.42842105263157,33.89559824965115,3.0,5.0,22.0,233.0,270,0
3829,one_off,61.0,web,0.0,0.0,0.0,0.0,0.0,0.0,233.0,0.0,233,1
3830,regular,71.0,web,4.0,219.01999999999998,54.754999999999995,32.219329084676275,2.0,3.0,10.0,32.0,70,0
3831,one_off,31.0,mobile_app,0.0,0.0,0.0,0.0,0.0,0.0,113.0,0.0,113,1
3832,loyal_vip,36.0,mobile_app,8.0,1268.42,158.5525,134.32498818164848,3.0,4.0,1.0,107.0,115,0
3833,bargain_hunter,26.0,web,5.0,153.57999999999998,30.715999999999998,17.28026706969542,3.0,4.0,1.0,162.0,171,0
3834,bargain_hunter,26.0,mobile_app,5.0,165.8,33.160000000000004,15.295966788666878,3.0,3.0,66.0,155.0,231,1
3835,one_off,18.0,mobile_app,2.0,30.65,15.325,0.43133513652379546,2.0,2.0,100.0,68.0,168,1
3836,loyal_vip,59.0,mobile_app,14.0,1354.32,96.73714285714286,51.99533091886845,3.0,5.0,14.0,150.0,188,0
3837,regular,39.0,mobile_app,22.0,1424.75,64.76136363636364,47.602882395267436,3.0,5.0,12.0,172.0,191,0
3838,bargain_hunter,42.0,in_store,4.0,96.72000000000001,24.180000000000003,30.306557046289505,2.0,2.0,16.0,65.0,94,1
3839,regular,55.0,mobile_app,20.0,1556.11,77.8055,45.3105292137664,3.0,5.0,2.0,341.0,346,0
3840,regular,52.0,web,3.0,134.20999999999998,44.73666666666666,19.030260989627372,2.0,2.0,35.0,27.0,75,1
3841,bargain_hunter,53.0,mobile_app,13.0,201.13,15.471538461538461,8.46536753105838,3.0,5.0,61.0,267.0,342,1
3842,regular,52.0,web,2.0,125.94,62.97,47.913555493200455,1.0,2.0,10.0,65.0,76,0
3843,regular,41.0,web,22.0,1057.91,48.08681818181819,37.54386848504707,3.0,5.0,1.0,311.0,357,0
3844,regular,30.0,web,18.0,871.1700000000001,48.39833333333334,24.93136490211382,3.0,5.0,3.0,186.0,194,0
3845,regular,51.0,mobile_app,27.0,1482.23,54.89740740740741,33.08069976385168,3.0,5.0,11.0,304.0,328,0
3846,loyal_vip,32.0,web,18.0,2204.89,122.49388888888888,102.6235160608562,3.0,5.0,24.0,178.0,202,0
3847,bargain_hunter,45.0,mobile_app,0.0,0.0,0.0,0.0,0.0,0.0,36.0,0.0,36,1
3848,bargain_hunter,69.0,mobile_app,5.0,152.0,30.4,9.838633035132473,3.0,3.0,34.0,53.0,118,0
3849,bargain_hunter,37.0,web,4.0,96.97999999999999,24.244999999999997,8.598908845506696,2.0,2.0,17.0,108.0,125,1
3850,one_off,,web,1.0,48.94,48.94,0.0,1.0,1.0,41.0,0.0,138,0
3851,bargain_hunter,26.0,mobile_app,3.0,47.18,15.726666666666667,3.1817343278993815,2.0,2.0,27.0,152.0,354,1
3852,regular,49.0,in_store,12.0,554.14,46.178333333333335,27.698211242977514,3.0,4.0,14.0,180.0,197,0
3853,loyal_vip,24.0,in_store,12.0,2139.12,178.26,111.25483205032245,3.0,5.0,1.0,66.0,67,0
3854,bargain_hunter,18.0,mobile_app,12.0,290.9,24.241666666666664,11.097391858477653,3.0,5.0,12.0,330.0,359,0
3855,regular,55.0,web,17.0,956.01,56.235882352941175,33.59409231152546,2.0,5.0,14.0,326.0,344,1
3856,bargain_hunter,28.0,web,0.0,0.0,0.0,0.0,0.0,0.0,74.0,0.0,74,1
3857,one_off,45.0,web,2.0,175.57999999999998,87.78999999999999,11.992531008923836,2.0,2.0,18.0,135.0,166,0
3858,loyal_vip,41.0,web,21.0,2491.18,118.62761904761904,84.69045972863542,3.0,5.0,10.0,109.0,120,0
3859,loyal_vip,44.0,in_store,21.0,2125.79,101.22809523809524,66.39401190009892,3.0,5.0,20.0,256.0,290,0
3860,bargain_hunter,54.0,web,2.0,65.52,32.76,5.897270555095805,2.0,1.0,9.0,27.0,135,0
3861,bargain_hunter,35.0,web,7.0,106.4,15.200000000000001,8.570348106504582,3.0,5.0,5.0,209.0,237,0
3862,regular,26.0,web,5.0,272.35,54.470000000000006,14.69319570413462,3.0,4.0,22.0,228.0,263,0
3863,regular,,web,18.0,943.33,52.407222222222224,43.55550978930836,3.0,5.0,48.0,298.0,352,0
3864,regular,36.0,mobile_app,16.0,894.9,55.93125,46.85675232379356,3.0,5.0,5.0,202.0,228,0
3865,bargain_hunter,22.0,web,3.0,77.73,25.91,14.256623022300898,2.0,3.0,105.0,16.0,296,1
3866,regular,32.0,web,10.0,313.57,31.357,23.602780462385265,3.0,4.0,28.0,100.0,191,0
3867,bargain_hunter,38.0,mobile_app,2.0,28.56,14.28,5.1901637739092585,2.0,1.0,119.0,5.0,194,1
3868,loyal_vip,62.0,mobile_app,7.0,749.09,107.01285714285714,67.1342008503082,2.0,5.0,7.0,133.0,142,1
3869,bargain_hunter,46.0,in_store,5.0,164.7,32.94,21.967868581180102,3.0,3.0,43.0,208.0,258,1
3870,bargain_hunter,45.0,mobile_app,0.0,0.0,0.0,0.0,0.0,0.0,13.0,0.0,13,0
3871,regular,48.0,web,12.0,1114.96,92.91333333333334,59.68094675908389,3.0,4.0,43.0,171.0,217,1
3872,loyal_vip,59.0,in_store,0.0,0.0,0.0,0.0,0.0,0.0,7.0,0.0,7,1
3873,regular,54.0,in_store,19.0,1163.02,61.21157894736842,33.14100183947336,3.0,5.0,9.0,308.0,321,0
3874,regular,38.0,mobile_app,4.0,185.81,46.4525,31.405476565932467,3.0,3.0,1.0,23.0,24,0
3875,bargain_hunter,58.0,web,1.0,23.85,23.85,0.0,1.0,1.0,13.0,0.0,30,0
3876,loyal_vip,21.0,web,19.0,2170.02,114.21157894736842,56.78795179957315,3.0,5.0,2.0,216.0,224,0
3877,bargain_hunter,44.0,web,2.0,69.15,34.575,6.5548798615992965,1.0,2.0,11.0,26.0,49,0
3878,bargain_hunter,59.0,web,2.0,11.39,5.695,2.467802666341051,2.0,2.0,135.0,47.0,299,1
3879,loyal_vip,39.0,web,36.0,3747.49,104.09694444444443,96.24511225643602,3.0,5.0,8.0,319.0,344,0
3880,regular,55.0,in_store,0.0,0.0,0.0,0.0,0.0,0.0,30.0,0.0,30,0
3881,regular,31.0,mobile_app,14.0,483.07,34.505,20.835428684371685,2.0,5.0,13.0,166.0,183,0
3882,loyal_vip,20.0,mobile_app,24.0,3331.29,138.80375,80.29209825286561,3.0,5.0,15.0,127.0,147,0
3883,loyal_vip,23.0,mobile_app,40.0,5954.81,148.87025,97.51456736638812,3.0,5.0,10.0,230.0,263,0
3884,regular,36.0,in_store,22.0,1009.24,45.874545454545455,24.901578019852227,3.0,5.0,29.0,331.0,362,1
3885,loyal_vip,26.0,web,1.0,74.57,74.57,0.0,1.0,1.0,13.0,0.0,23,0
3886,regular,39.0,mobile_app,5.0,111.98,22.396,11.607981305980813,3.0,2.0,22.0,78.0,101,1
3887,one_off,37.0,in_store,0.0,0.0,0.0,0.0,0.0,0.0,125.0,0.0,125,1
3888,bargain_hunter,27.0,mobile_app,2.0,19.03,9.515,2.043538597629123,2.0,2.0,175.0,58.0,244,1
3889,regular,69.0,web,24.0,1246.56,51.94,34.82443769638736,3.0,4.0,3.0,243.0,259,1
3890,bargain_hunter,31.0,mobile_app,6.0,218.11,36.35166666666667,23.90887066899369,3.0,2.0,106.0,105.0,238,1
3891,bargain_hunter,49.0,mobile_app,10.0,225.71,22.571,16.93771429548732,2.0,3.0,8.0,198.0,215,0
3892,regular,59.0,mobile_app,6.0,238.86,39.81,22.959068796447294,3.0,5.0,24.0,62.0,98,0
3893,one_off,41.0,in_store,3.0,122.17,40.723333333333336,20.434209877882076,2.0,3.0,50.0,15.0,221,1
3894,bargain_hunter,46.0,mobile_app,0.0,0.0,0.0,0.0,0.0,0.0,98.0,0.0,98,0
3895,regular,18.0,web,7.0,431.16,61.59428571428572,26.388035708847834,3.0,3.0,7.0,122.0,136,0
3896,regular,30.0,web,7.0,222.73000000000002,31.81857142857143,19.638746929281943,2.0,3.0,98.0,231.0,342,1
3897,one_off,52.0,web,2.0,122.36,61.18,51.47737367038066,1.0,1.0,227.0,77.0,321,1
3898,regular,18.0,web,3.0,84.31,28.103333333333335,14.560083562031274,1.0,3.0,21.0,19.0,63,0
3899,bargain_hunter,21.0,web,0.0,0.0,0.0,0.0,0.0,0.0,31.0,0.0,31,0
3900,one_off,44.0,web,3.0,90.61000000000001,30.203333333333337,15.675753038796362,1.0,2.0,119.0,117.0,242,1
3901,bargain_hunter,60.0,web,0.0,0.0,0.0,0.0,0.0,0.0,38.0,0.0,38,0
3902,bargain_hunter,32.0,web,4.0,165.85999999999999,41.464999999999996,14.551319527795409,2.0,2.0,33.0,41.0,190,0
3903,bargain_hunter,51.0,web,7.0,197.14,28.162857142857142,19.98018578015539,3.0,4.0,79.0,140.0,219,1
3904,bargain_hunter,58.0,web,11.0,215.12,19.55636363636364,13.170253052031512,3.0,4.0,31.0,251.0,312,0
3905,loyal_vip,33.0,mobile_app,3.0,374.12,124.70666666666666,60.26698294533529,3.0,2.0,80.0,22.0,122,0
3906,one_off,67.0,web,4.0,73.5,18.375,17.451132723503463,3.0,4.0,17.0,177.0,219,1
3907,regular,,web,2.0,165.34,82.67,8.046875169902908,2.0,2.0,26.0,1.0,42,0
3908,bargain_hunter,34.0,mobile_app,4.0,159.95,39.9875,24.08817188995462,3.0,3.0,46.0,57.0,112,1
3909,bargain_hunter,40.0,web,5.0,106.26,21.252000000000002,12.516771548606295,3.0,3.0,58.0,271.0,364,1
3910,bargain_hunter,32.0,web,1.0,23.86,23.86,0.0,1.0,1.0,77.0,0.0,93,1
3911,bargain_hunter,18.0,web,5.0,240.24,48.048,22.79732155320006,3.0,2.0,14.0,121.0,143,0
3912,bargain_hunter,18.0,mobile_app,0.0,0.0,0.0,0.0,0.0,0.0,35.0,0.0,35,1
3913,regular,52.0,web,11.0,577.41,52.49181818181818,45.36606194462592,2.0,5.0,24.0,178.0,207,0
3914,bargain_hunter,22.0,mobile_app,8.0,196.49,24.56125,11.313652230191375,3.0,3.0,8.0,151.0,202,0
3915,regular,45.0,mobile_app,12.0,718.35,59.862500000000004,42.051036118464,3.0,5.0,56.0,249.0,307,0
3916,regular,29.0,in_store,25.0,1341.58,53.663199999999996,27.655670714460474,3.0,5.0,4.0,315.0,335,0
3917,regular,38.0,mobile_app,4.0,482.0,120.5,82.47976438698969,2.0,3.0,26.0,146.0,176,0
3918,bargain_hunter,29.0,web,3.0,91.67,30.55666666666667,33.306597444550434,2.0,3.0,30.0,31.0,106,1
3919,loyal_vip,66.0,mobile_app,52.0,6296.9400000000005,121.09500000000001,93.51102528054973,3.0,5.0,2.0,303.0,311,0
3920,bargain_hunter,38.0,mobile_app,10.0,297.59,29.758999999999997,21.789483421544848,3.0,5.0,11.0,256.0,274,1
3921,bargain_hunter,36.0,mobile_app,3.0,62.19,20.73,7.336893075410054,2.0,3.0,31.0,52.0,127,1
3922,regular,37.0,mobile_app,12.0,901.47,75.1225,41.884486849385695,3.0,5.0,42.0,134.0,179,0
3923,regular,39.0,web,14.0,709.85,50.70357142857143,33.31600045419222,3.0,5.0,6.0,314.0,364,0
3924,regular,49.0,web,21.0,1091.42,51.97238095238096,37.44936833976802,3.0,5.0,3.0,155.0,159,0
3925,loyal_vip,26.0,mobile_app,12.0,1214.15,101.17916666666667,96.24964863769004,3.0,4.0,4.0,55.0,74,1
3926,bargain_hunter,29.0,mobile_app,0.0,0.0,0.0,0.0,0.0,0.0,12.0,0.0,12,1
3927,regular,51.0,web,9.0,509.69,56.632222222222225,32.846196803350686,3.0,4.0,17.0,117.0,153,0
3928,loyal_vip,19.0,mobile_app,7.0,732.51,104.64428571428572,63.30987359992195,3.0,4.0,17.0,29.0,51,0
3929,loyal_vip,47.0,in_store,3.0,406.12,135.37333333333333,93.93488932943569,2.0,2.0,7.0,71.0,118,0
3930,regular,26.0,web,1.0,1.95,1.95,0.0,1.0,1.0,8.0,0.0,18,1
3931,bargain_hunter,26.0,web,2.0,30.0,15.0,2.0930360723121813,2.0,2.0,8.0,57.0,77,0
3932,regular,22.0,mobile_app,22.0,1118.3,50.83181818181818,33.39948996422146,3.0,5.0,3.0,207.0,210,0
3933,bargain_hunter,37.0,mobile_app,4.0,125.53999999999999,31.384999999999998,32.420253443385256,2.0,3.0,66.0,55.0,148,1
3934,regular,52.0,in_store,3.0,164.21,54.73666666666667,16.083163038822104,2.0,3.0,69.0,13.0,110,1
3935,bargain_hunter,48.0,mobile_app,4.0,30.94,7.735,2.030197034772734,2.0,2.0,133.0,133.0,301,1
3936,regular,31.0,web,14.0,918.58,65.61285714285715,32.659687790813415,3.0,5.0,12.0,114.0,129,0
3937,regular,22.0,web,31.0,1934.78,62.41225806451613,35.061594726013,3.0,5.0,2.0,308.0,323,0
3938,loyal_vip,45.0,in_store,22.0,3483.72,158.35090909090908,107.77546358756778,3.0,5.0,10.0,346.0,357,0
3939,bargain_hunter,34.0,web,4.0,83.42999999999999,20.857499999999998,10.10947204358368,3.0,3.0,55.0,119.0,194,0
3940,bargain_hunter,45.0,web,1.0,18.02,18.02,0.0,1.0,1.0,17.0,0.0,86,0
3941,bargain_hunter,25.0,web,2.0,47.42,23.71,7.551900423072327,2.0,1.0,116.0,28.0,211,1
3942,regular,40.0,in_store,12.0,648.5699999999999,54.04749999999999,39.06886114751281,3.0,5.0,21.0,259.0,295,0
3943,regular,39.0,web,32.0,1705.34,53.291875,40.76166489979557,3.0,5.0,6.0,297.0,325,0
3944,bargain_hunter,53.0,mobile_app,2.0,48.35,24.175,26.749849532287094,2.0,2.0,43.0,49.0,96,1
3945,regular,41.0,web,2.0,48.28,24.14,9.475230867899736,1.0,2.0,12.0,62.0,107,0
3946,bargain_hunter,35.0,web,1.0,12.12,12.12,0.0,1.0,1.0,13.0,0.0,62,1
3947,one_off,59.0,mobile_app,3.0,120.64,40.21333333333333,16.419184916838393,2.0,2.0,253.0,40.0,364,1
3948,bargain_hunter,39.0,mobile_app,3.0,60.2,20.066666666666666,11.47266461347726,2.0,1.0,1.0,74.0,114,0
3949,regular,51.0,web,9.0,433.06,48.117777777777775,29.39098194080022,2.0,3.0,9.0,182.0,204,0
3950,regular,30.0,web,27.0,1504.92,55.73777777777778,58.643814437627356,3.0,5.0,7.0,292.0,304,0
3951,bargain_hunter,52.0,web,1.0,22.33,22.33,0.0,1.0,1.0,9.0,0.0,29,1
3952,bargain_hunter,18.0,mobile_app,5.0,120.83,24.166,14.751390781889008,2.0,4.0,84.0,115.0,226,1
3953,one_off,39.0,mobile_app,0.0,0.0,0.0,0.0,0.0,0.0,64.0,0.0,64,1
3954,bargain_hunter,47.0,mobile_app,2.0,24.479999999999997,12.239999999999998,13.307749621930824,2.0,1.0,75.0,189.0,264,1
3955,one_off,27.0,web,0.0,0.0,0.0,0.0,0.0,0.0,230.0,0.0,230,1
3956,bargain_hunter,39.0,web,4.0,134.99,33.7475,22.39822965474429,2.0,2.0,30.0,58.0,152,0
3957,one_off,29.0,web,1.0,79.28,79.28,0.0,1.0,1.0,184.0,0.0,235,1
3958,bargain_hunter,48.0,mobile_app,3.0,58.2,19.400000000000002,14.986984353097856,2.0,2.0,22.0,130.0,198,1
3959,regular,67.0,mobile_app,17.0,1257.06,73.94470588235293,57.526720434686595,3.0,5.0,6.0,201.0,213,0
3960,bargain_hunter,34.0,mobile_app,1.0,8.46,8.46,0.0,1.0,1.0,33.0,0.0,36,1
3961,bargain_hunter,32.0,mobile_app,1.0,36.11,36.11,0.0,1.0,1.0,6.0,0.0,106,1
3962,loyal_vip,45.0,in_store,1.0,238.33,238.33,0.0,1.0,1.0,22.0,0.0,26,1
3963,bargain_hunter,41.0,mobile_app,13.0,355.62,27.355384615384615,13.804552157039003,3.0,5.0,23.0,314.0,350,1
3964,loyal_vip,27.0,web,17.0,2147.46,126.32117647058824,73.7563444628963,3.0,5.0,15.0,125.0,159,1
3965,one_off,45.0,web,0.0,0.0,0.0,0.0,0.0,0.0,148.0,0.0,148,1
3966,loyal_vip,50.0,web,6.0,580.46,96.74333333333334,56.946367282440995,3.0,5.0,1.0,35.0,48,0
3967,loyal_vip,21.0,mobile_app,20.0,2400.5099999999998,120.0255,68.60082088468498,2.0,5.0,18.0,233.0,268,0
3968,regular,18.0,web,2.0,99.25999999999999,49.629999999999995,7.198347032479056,2.0,2.0,5.0,0.0,46,0
3969,bargain_hunter,38.0,mobile_app,0.0,0.0,0.0,0.0,0.0,0.0,74.0,0.0,74,1
3970,one_off,42.0,mobile_app,1.0,22.47,22.47,0.0,1.0,1.0,196.0,0.0,238,1
3971,one_off,40.0,web,0.0,0.0,0.0,0.0,0.0,0.0,247.0,0.0,247,1
3972,regular,38.0,mobile_app,11.0,538.43,48.948181818181816,24.7439648472842,3.0,5.0,9.0,150.0,214,1
3973,bargain_hunter,60.0,mobile_app,5.0,131.56,26.312,16.71726413023375,3.0,3.0,236.0,102.0,354,1
3974,bargain_hunter,49.0,mobile_app,12.0,269.2,22.433333333333334,12.181727249773685,3.0,5.0,4.0,174.0,188,1
3975,loyal_vip,18.0,web,6.0,920.18,153.36333333333332,46.24610671901654,3.0,4.0,11.0,56.0,82,0
3976,one_off,50.0,web,0.0,0.0,0.0,0.0,0.0,0.0,263.0,0.0,263,1
3977,bargain_hunter,18.0,mobile_app,5.0,209.04,41.808,42.28709637702735,2.0,4.0,19.0,276.0,313,1
3978,bargain_hunter,18.0,mobile_app,2.0,112.03999999999999,56.019999999999996,67.76911390891871,1.0,2.0,18.0,81.0,180,0
3979,bargain_hunter,37.0,mobile_app,2.0,51.46,25.73,11.285424227737298,2.0,2.0,50.0,22.0,142,0
3980,bargain_hunter,38.0,mobile_app,5.0,129.52,25.904000000000003,17.700732470719963,2.0,4.0,11.0,98.0,111,1
3981,bargain_hunter,73.0,mobile_app,2.0,40.489999999999995,20.244999999999997,4.985102807365159,2.0,2.0,28.0,168.0,219,1
3982,regular,37.0,web,11.0,724.36,65.8509090909091,34.58102556447552,3.0,5.0,2.0,249.0,254,0
3983,one_off,43.0,web,2.0,27.37,13.685,3.7688791437242997,2.0,2.0,72.0,7.0,285,1
3984,loyal_vip,37.0,web,1.0,256.27,256.27,0.0,1.0,1.0,18.0,0.0,21,0
3985,loyal_vip,29.0,mobile_app,14.0,2102.55,150.18214285714288,121.88839196188842,3.0,5.0,20.0,69.0,94,0
3986,regular,35.0,mobile_app,0.0,0.0,0.0,0.0,0.0,0.0,2.0,0.0,2,1
3987,loyal_vip,37.0,web,34.0,5013.78,147.46411764705883,73.20173259738097,3.0,5.0,2.0,320.0,328,0
3988,one_off,60.0,web,0.0,0.0,0.0,0.0,0.0,0.0,160.0,0.0,160,1
3989,bargain_hunter,44.0,web,3.0,55.01,18.336666666666666,16.757345652976586,1.0,2.0,89.0,31.0,185,1
3990,bargain_hunter,34.0,mobile_app,1.0,23.16,23.16,0.0,1.0,1.0,20.0,0.0,42,0
3991,bargain_hunter,46.0,web,0.0,0.0,0.0,0.0,0.0,0.0,57.0,0.0,57,1
3992,loyal_vip,31.0,mobile_app,21.0,2705.14,128.81619047619046,84.23223097343384,3.0,5.0,1.0,121.0,128,0
3993,loyal_vip,42.0,mobile_app,18.0,1726.43,95.91277777777778,73.38299464858852,3.0,5.0,10.0,248.0,283,0
3994,regular,47.0,web,17.0,1064.23,62.60176470588235,46.645371854463505,3.0,5.0,1.0,329.0,335,0
3995,one_off,29.0,web,1.0,34.41,34.41,0.0,1.0,1.0,226.0,0.0,327,1
3996,regular,34.0,web,9.0,499.85,55.53888888888889,23.28979521402262,2.0,3.0,40.0,220.0,268,1
3997,regular,37.0,in_store,21.0,1063.23,50.63,32.589815740503965,3.0,5.0,1.0,331.0,336,0
3998,bargain_hunter,34.0,in_store,6.0,112.02000000000001,18.67,9.94745796673703,3.0,4.0,46.0,246.0,309,1
3999,bargain_hunter,53.0,in_store,0.0,0.0,0.0,0.0,0.0,0.0,204.0,0.0,204,1
4000,bargain_hunter,41.0,web,6.0,118.19,19.698333333333334,15.423349074266152,3.0,4.0,20.0,183.0,212,0
4001,regular,33.0,web,12.0,425.95,35.49583333333333,28.568039185054126,3.0,5.0,67.0,252.0,358,0
4002,loyal_vip,55.0,mobile_app,50.0,6819.56,136.3912,89.46341609249433,3.0,5.0,12.0,309.0,321,0
4003,regular,65.0,in_store,6.0,269.11,44.85166666666667,13.719761538258114,3.0,4.0,49.0,36.0,85,1
4004,regular,44.0,mobile_app,5.0,133.24,26.648000000000003,13.443493593556699,2.0,3.0,2.0,21.0,29,0
4005,bargain_hunter,44.0,web,7.0,215.02,30.717142857142857,16.777621716923722,3.0,3.0,4.0,170.0,231,0
4006,bargain_hunter,34.0,web,5.0,177.49,35.498000000000005,12.090958191971389,3.0,4.0,16.0,73.0,135,1
4007,regular,43.0,web,13.0,663.47,51.03615384615385,30.848028715641224,3.0,5.0,74.0,197.0,292,0
4008,bargain_hunter,35.0,web,4.0,123.59,30.8975,26.14056155351934,2.0,4.0,7.0,173.0,211,1
4009,loyal_vip,32.0,web,18.0,2118.34,117.68555555555557,73.46144416688912,3.0,5.0,12.0,141.0,156,0
4010,regular,36.0,web,0.0,0.0,0.0,0.0,0.0,0.0,50.0,0.0,50,1
4011,one_off,70.0,in_store,1.0,36.34,36.34,0.0,1.0,1.0,47.0,0.0,302,1
4012,loyal_vip,55.0,mobile_app,15.0,1687.6200000000001,112.50800000000001,69.72003055076783,3.0,5.0,1.0,161.0,241,0
4013,regular,33.0,mobile_app,2.0,128.55,64.275,45.78516408182895,2.0,2.0,30.0,10.0,116,1
4014,regular,46.0,web,12.0,815.15,67.92916666666666,50.24923345563381,3.0,5.0,11.0,195.0,210,1
4015,bargain_hunter,49.0,web,9.0,228.55,25.394444444444446,11.344214506865505,3.0,4.0,60.0,213.0,299,1
4016,regular,28.0,web,17.0,990.67,58.27470588235294,41.89459558189562,3.0,5.0,7.0,277.0,350,0
4017,one_off,58.0,web,0.0,0.0,0.0,0.0,0.0,0.0,309.0,0.0,309,1
4018,bargain_hunter,41.0,in_store,8.0,176.71,22.08875,15.92974525623594,3.0,5.0,79.0,135.0,264,1
4019,regular,42.0,mobile_app,15.0,989.73,65.982,51.505078556806964,3.0,5.0,23.0,212.0,266,0
4020,bargain_hunter,71.0,web,1.0,8.05,8.05,0.0,1.0,1.0,17.0,0.0,77,1
4021,one_off,38.0,mobile_app,3.0,79.03999999999999,26.346666666666664,19.310293455391434,2.0,3.0,42.0,122.0,174,0
4022,regular,18.0,web,7.0,288.14,41.16285714285714,22.034381251645286,3.0,4.0,7.0,104.0,174,1
4023,regular,26.0,mobile_app,6.0,349.93,58.321666666666665,63.06435741896262,3.0,3.0,47.0,225.0,316,0
4024,bargain_hunter,44.0,web,4.0,129.13,32.2825,9.294419024339284,3.0,2.0,3.0,63.0,74,1
4025,regular,32.0,web,8.0,489.06,61.1325,29.504129856198585,3.0,4.0,30.0,145.0,189,0
4026,bargain_hunter,40.0,mobile_app,6.0,195.29,32.54833333333333,36.19590718115332,3.0,5.0,12.0,112.0,188,1
4027,regular,55.0,web,14.0,1004.53,71.75214285714286,56.03039713180028,3.0,5.0,25.0,204.0,253,0
4028,loyal_vip,40.0,in_store,50.0,6080.64,121.61280000000001,93.70899053071541,3.0,5.0,11.0,219.0,230,0
4029,regular,28.0,mobile_app,14.0,499.08000000000004,35.64857142857143,27.093050445041854,3.0,5.0,4.0,242.0,267,0
4030,loyal_vip,29.0,web,25.0,3583.08,143.32319999999999,87.9314786126106,3.0,5.0,6.0,203.0,258,0
4031,regular,42.0,mobile_app,13.0,528.35,40.642307692307696,22.181782748404963,3.0,4.0,72.0,148.0,250,1
4032,regular,23.0,mobile_app,11.0,653.67,59.42454545454545,24.62733293056167,3.0,4.0,3.0,215.0,220,0
4033,regular,43.0,mobile_app,2.0,70.44,35.22,6.052834046956847,2.0,1.0,14.0,98.0,167,0
4034,loyal_vip,53.0,web,42.0,4367.22,103.98142857142858,87.13666167386438,3.0,5.0,3.0,328.0,331,0
4035,loyal_vip,33.0,mobile_app,0.0,0.0,0.0,0.0,0.0,0.0,9.0,0.0,9,0
4036,one_off,19.0,mobile_app,1.0,72.92,72.92,0.0,1.0,1.0,229.0,0.0,277,1
4037,bargain_hunter,27.0,web,2.0,32.2,16.1,6.901362184380703,2.0,2.0,60.0,85.0,157,1
4038,regular,50.0,in_store,15.0,1124.64,74.97600000000001,67.31515757984972,3.0,5.0,24.0,282.0,341,0
4039,regular,35.0,mobile_app,10.0,768.19,76.819,47.9568598846922,3.0,5.0,2.0,280.0,288,0
4040,bargain_hunter,54.0,in_store,9.0,198.12,22.013333333333335,14.174323617019615,3.0,2.0,12.0,229.0,268,0
4041,bargain_hunter,59.0,mobile_app,6.0,137.94,22.99,16.366877527494363,3.0,2.0,24.0,148.0,245,0
4042,one_off,40.0,mobile_app,1.0,14.23,14.23,0.0,1.0,1.0,71.0,0.0,266,1
4043,regular,34.0,in_store,11.0,535.03,48.6390909090909,29.61813176233284,3.0,4.0,2.0,96.0,105,0
4044,regular,48.0,mobile_app,15.0,1186.8,79.11999999999999,47.057234300370865,3.0,5.0,5.0,338.0,366,0
4045,bargain_hunter,45.0,web,5.0,177.52,35.504000000000005,24.07723468340997,3.0,3.0,32.0,103.0,317,1
4046,regular,41.0,mobile_app,8.0,337.41,42.17625,23.98312974780398,3.0,4.0,7.0,103.0,123,0
4047,bargain_hunter,46.0,mobile_app,4.0,76.77000000000001,19.192500000000003,14.0933468345883,2.0,1.0,119.0,181.0,323,1
4048,bargain_hunter,34.0,in_store,6.0,175.32999999999998,29.221666666666664,15.873660468419585,2.0,4.0,13.0,183.0,275,1
4049,bargain_hunter,56.0,web,0.0,0.0,0.0,0.0,0.0,0.0,4.0,0.0,4,1
4050,one_off,47.0,mobile_app,1.0,17.21,17.21,0.0,1.0,1.0,27.0,0.0,131,1
4051,regular,18.0,web,0.0,0.0,0.0,0.0,0.0,0.0,31.0,0.0,31,1
4052,loyal_vip,42.0,web,10.0,1185.55,118.55499999999999,66.91326529337978,2.0,5.0,6.0,51.0,85,1
4053,regular,50.0,web,5.0,234.38,46.876,44.49537593952881,2.0,3.0,7.0,137.0,168,1
4054,bargain_hunter,47.0,in_store,6.0,211.3,35.21666666666667,29.95338088875222,3.0,4.0,35.0,208.0,294,0
4055,loyal_vip,43.0,web,0.0,0.0,0.0,0.0,0.0,0.0,2.0,0.0,2,0
4056,bargain_hunter,49.0,mobile_app,8.0,181.53,22.69125,20.67898963924495,3.0,5.0,169.0,142.0,325,1
4057,regular,55.0,mobile_app,0.0,0.0,0.0,0.0,0.0,0.0,17.0,0.0,17,1
4058,regular,25.0,web,26.0,1562.21,60.085,36.97084648746902,3.0,5.0,11.0,299.0,328,0
4059,regular,28.0,web,6.0,384.99,64.165,50.243103705881865,3.0,5.0,10.0,226.0,279,1
4060,regular,42.0,mobile_app,24.0,1377.68,57.403333333333336,38.4993023840429,3.0,5.0,3.0,249.0,272,0
4061,loyal_vip,45.0,mobile_app,3.0,64.49000000000001,21.49666666666667,5.704930615996424,2.0,3.0,17.0,25.0,54,1
4062,bargain_hunter,48.0,mobile_app,6.0,122.53999999999999,20.423333333333332,16.471749957629477,2.0,4.0,66.0,172.0,299,1
4063,regular,31.0,web,11.0,740.4200000000001,67.31090909090909,35.17346427480394,3.0,5.0,11.0,249.0,264,0
4064,regular,18.0,mobile_app,15.0,751.56,50.104,32.008268529955096,3.0,5.0,13.0,213.0,233,0
4065,bargain_hunter,40.0,web,1.0,22.36,22.36,0.0,1.0,1.0,32.0,0.0,124,0
4066,bargain_hunter,38.0,mobile_app,4.0,67.32,16.83,4.46996644282706,3.0,4.0,2.0,5.0,43,0
4067,regular,,web,3.0,196.26999999999998,65.42333333333333,56.97662883440308,2.0,3.0,18.0,41.0,65,0
4068,regular,41.0,web,0.0,0.0,0.0,0.0,0.0,0.0,1.0,0.0,1,0
4069,regular,18.0,mobile_app,2.0,59.980000000000004,29.990000000000002,20.873792180626882,1.0,1.0,20.0,1.0,42,0
4070,regular,47.0,mobile_app,7.0,401.81,57.401428571428575,37.9711752204096,3.0,5.0,15.0,268.0,286,0
4071,one_off,38.0,web,0.0,0.0,0.0,0.0,0.0,0.0,69.0,0.0,69,1
4072,regular,39.0,in_store,19.0,1138.64,59.928421052631585,29.78374860056662,3.0,5.0,33.0,318.0,363,0
4073,bargain_hunter,23.0,mobile_app,7.0,204.82999999999998,29.26142857142857,15.161715413689649,3.0,4.0,23.0,196.0,303,1
4074,one_off,39.0,web,1.0,21.32,21.32,0.0,1.0,1.0,4.0,0.0,19,1
4075,bargain_hunter,43.0,web,1.0,17.31,17.31,0.0,1.0,1.0,6.0,0.0,67,1
4076,regular,49.0,mobile_app,11.0,366.76,33.341818181818184,24.03394342099599,3.0,5.0,25.0,170.0,206,0
4077,regular,31.0,web,3.0,135.4,45.13333333333333,20.16313550352061,2.0,3.0,25.0,12.0,53,0
4078,bargain_hunter,52.0,web,0.0,0.0,0.0,0.0,0.0,0.0,38.0,0.0,38,1
4079,bargain_hunter,43.0,web,3.0,75.53,25.176666666666666,6.464807292822682,2.0,3.0,88.0,37.0,154,1
4080,regular,47.0,web,14.0,655.24,46.80285714285714,32.15849078657656,3.0,5.0,11.0,236.0,298,0
4081,regular,48.0,in_store,5.0,280.61,56.122,40.94140410391417,3.0,3.0,4.0,52.0,64,0
4082,one_off,38.0,web,3.0,215.55,71.85000000000001,27.318835992772456,2.0,3.0,85.0,200.0,322,1
4083,regular,63.0,mobile_app,15.0,722.66,48.17733333333333,34.1186020620228,3.0,5.0,10.0,265.0,309,0
4084,regular,35.0,web,12.0,670.95,55.9125,42.0678195136896,3.0,5.0,4.0,175.0,184,1
4085,bargain_hunter,20.0,web,3.0,90.77,30.256666666666664,21.413048202750893,2.0,2.0,2.0,135.0,242,0
4086,regular,39.0,web,2.0,95.73,47.865,36.77662368951234,2.0,2.0,43.0,16.0,115,0
4087,bargain_hunter,41.0,mobile_app,2.0,19.44,9.72,7.5377582874485975,2.0,2.0,116.0,56.0,320,1
4088,bargain_hunter,48.0,web,7.0,95.74,13.677142857142856,4.711502641711786,3.0,4.0,22.0,225.0,319,0
4089,bargain_hunter,70.0,mobile_app,6.0,98.83,16.471666666666668,12.523621547566291,3.0,4.0,13.0,164.0,278,0
4090,regular,18.0,mobile_app,19.0,997.51,52.50052631578947,37.84737264823371,3.0,5.0,5.0,156.0,176,0
4091,loyal_vip,45.0,mobile_app,39.0,4574.86,117.30410256410255,83.7285669265165,3.0,5.0,12.0,335.0,351,0
4092,bargain_hunter,28.0,mobile_app,6.0,232.14,38.69,12.525117165120651,2.0,3.0,69.0,221.0,317,1
4093,loyal_vip,37.0,web,5.0,639.56,127.91199999999999,113.16679424636892,3.0,4.0,2.0,54.0,63,0
4094,regular,38.0,mobile_app,5.0,343.12,68.624,52.61225646177894,2.0,3.0,6.0,87.0,137,1
4095,regular,37.0,web,24.0,1672.67,69.69458333333334,43.087912254222026,3.0,5.0,15.0,248.0,264,0
4096,regular,42.0,mobile_app,1.0,65.06,65.06,0.0,1.0,1.0,73.0,0.0,75,0
4097,one_off,36.0,mobile_app,0.0,0.0,0.0,0.0,0.0,0.0,296.0,0.0,296,1
4098,bargain_hunter,56.0,web,5.0,155.72,31.144,20.315044425252925,3.0,4.0,2.0,164.0,287,0
4099,bargain_hunter,52.0,web,1.0,29.46,29.46,0.0,1.0,1.0,27.0,0.0,119,1
4100,regular,51.0,in_store,11.0,656.79,59.708181818181814,36.22408944837173,3.0,4.0,2.0,194.0,225,0
4101,regular,61.0,web,9.0,440.42,48.93555555555556,30.49967545364668,3.0,4.0,22.0,127.0,156,1
4102,bargain_hunter,24.0,mobile_app,6.0,65.19,10.865,9.961746332847468,2.0,4.0,7.0,259.0,280,1
4103,loyal_vip,23.0,in_store,46.0,7581.99,164.82586956521737,106.09428610807751,3.0,5.0,4.0,318.0,329,0
4104,regular,52.0,web,16.0,1024.78,64.04875,61.64840077677062,3.0,3.0,40.0,264.0,352,1
4105,loyal_vip,44.0,web,5.0,536.33,107.266,45.829643027193654,2.0,4.0,7.0,17.0,25,0
4106,loyal_vip,40.0,web,29.0,4364.4,150.49655172413793,120.0195341325695,3.0,5.0,6.0,310.0,325,0
4107,loyal_vip,39.0,mobile_app,23.0,2946.7,128.11739130434782,64.67889681252593,3.0,5.0,21.0,248.0,277,0
4108,bargain_hunter,38.0,mobile_app,1.0,28.22,28.22,0.0,1.0,1.0,23.0,0.0,28,0
4109,bargain_hunter,54.0,web,4.0,89.11,22.2775,6.54756634177921,2.0,2.0,3.0,92.0,229,1
4110,regular,49.0,web,16.0,740.05,46.253125,38.25839353984953,3.0,5.0,24.0,286.0,316,1
4111,loyal_vip,41.0,mobile_app,50.0,5496.0,109.92,92.47272125070292,3.0,5.0,1.0,181.0,184,0
4112,loyal_vip,18.0,web,48.0,5908.4,123.09166666666665,84.40894795598072,3.0,5.0,1.0,353.0,358,0
4113,regular,22.0,mobile_app,4.0,205.39,51.3475,51.194153556176055,3.0,2.0,2.0,37.0,44,0
4114,one_off,36.0,web,3.0,125.56,41.85333333333333,22.233542977522347,2.0,2.0,33.0,90.0,232,1
4115,regular,58.0,web,15.0,813.11,54.20733333333333,31.746437925417414,3.0,5.0,13.0,205.0,233,0
4116,regular,46.0,web,10.0,405.79,40.579,19.509674209934357,3.0,4.0,2.0,125.0,141,0
4117,regular,48.0,mobile_app,6.0,475.1,79.18333333333334,68.61065446901573,3.0,3.0,2.0,89.0,141,0
4118,loyal_vip,25.0,mobile_app,16.0,2008.0900000000001,125.50562500000001,78.31544811157417,3.0,5.0,9.0,223.0,238,0
4119,regular,38.0,mobile_app,3.0,222.35999999999999,74.11999999999999,17.976153648653543,2.0,2.0,9.0,25.0,47,0
4120,bargain_hunter,42.0,web,3.0,78.61,26.203333333333333,15.251748533638148,1.0,2.0,173.0,63.0,302,1
4121,regular,54.0,mobile_app,5.0,218.54,43.708,46.977004693786085,3.0,4.0,20.0,74.0,116,0
4122,regular,,mobile_app,12.0,589.41,49.1175,25.43661431337262,3.0,4.0,23.0,158.0,181,1
4123,bargain_hunter,43.0,in_store,11.0,244.01999999999998,22.183636363636364,15.725452154216281,3.0,5.0,8.0,295.0,313,0
4124,regular,52.0,web,21.0,1193.14,56.81619047619048,33.78578731895861,3.0,4.0,16.0,275.0,300,0
4125,bargain_hunter,47.0,web,5.0,129.51999999999998,25.903999999999996,23.016590320896793,3.0,5.0,10.0,86.0,126,0
4126,bargain_hunter,44.0,mobile_app,3.0,54.36,18.12,8.915340711380582,2.0,3.0,18.0,51.0,290,1
4127,bargain_hunter,40.0,web,4.0,127.21000000000001,31.802500000000002,15.651999606014137,2.0,4.0,71.0,98.0,175,1
4128,one_off,29.0,web,3.0,131.31,43.77,20.51929823361413,2.0,3.0,49.0,253.0,324,1
4129,bargain_hunter,18.0,in_store,0.0,0.0,0.0,0.0,0.0,0.0,54.0,0.0,54,0
4130,regular,24.0,in_store,6.0,463.88,77.31333333333333,59.826749758504064,2.0,4.0,10.0,62.0,135,0
4131,regular,60.0,web,18.0,1110.86,61.71444444444444,50.37956684565237,3.0,5.0,5.0,229.0,252,0
4132,one_off,18.0,mobile_app,1.0,40.13,40.13,0.0,1.0,1.0,136.0,0.0,196,1
4133,bargain_hunter,41.0,mobile_app,6.0,223.16000000000003,37.193333333333335,21.4112350570131,3.0,4.0,11.0,115.0,134,0
4134,bargain_hunter,55.0,mobile_app,0.0,0.0,0.0,0.0,0.0,0.0,41.0,0.0,41,0
4135,bargain_hunter,36.0,web,1.0,31.71,31.71,0.0,1.0,1.0,63.0,0.0,77,1
4136,bargain_hunter,46.0,mobile_app,4.0,105.36,26.34,18.20503776431128,3.0,2.0,18.0,137.0,197,0
4137,regular,37.0,web,10.0,717.4300000000001,71.74300000000001,45.201914917647265,3.0,5.0,22.0,246.0,269,0
4138,one_off,61.0,web,0.0,0.0,0.0,0.0,0.0,0.0,88.0,0.0,88,1
4139,regular,39.0,web,18.0,882.64,49.035555555555554,36.72707163455417,3.0,5.0,2.0,270.0,347,0
4140,bargain_hunter,26.0,web,0.0,0.0,0.0,0.0,0.0,0.0,80.0,0.0,80,0
4141,regular,61.0,in_store,5.0,276.96999999999997,55.39399999999999,58.40278529316902,3.0,3.0,11.0,54.0,72,1
4142,loyal_vip,50.0,web,14.0,1735.23,123.94500000000001,105.25643884927312,3.0,5.0,5.0,70.0,78,0
4143,regular,69.0,mobile_app,21.0,1032.92,49.18666666666667,31.113077047012453,3.0,5.0,17.0,311.0,334,0
4144,one_off,36.0,in_store,1.0,41.61,41.61,0.0,1.0,1.0,65.0,0.0,172,1
4145,bargain_hunter,24.0,web,0.0,0.0,0.0,0.0,0.0,0.0,5.0,0.0,5,0
4146,bargain_hunter,32.0,web,0.0,0.0,0.0,0.0,0.0,0.0,2.0,0.0,2,0
4147,regular,43.0,in_store,9.0,545.87,60.65222222222222,21.196763772907516,2.0,4.0,13.0,135.0,153,0
4148,bargain_hunter,36.0,web,6.0,184.74,30.790000000000003,23.163131912589023,2.0,5.0,49.0,94.0,246,0
4149,bargain_hunter,38.0,web,6.0,320.45,53.40833333333333,28.842189526224715,3.0,4.0,35.0,134.0,357,0
4150,bargain_hunter,44.0,web,4.0,123.46,30.865,18.096634125346807,2.0,3.0,5.0,106.0,198,1
4151,regular,24.0,in_store,8.0,323.0,40.375,24.00920002237238,3.0,4.0,70.0,118.0,192,0
4152,regular,59.0,in_store,10.0,348.74,34.874,31.226223381425214,3.0,4.0,3.0,233.0,241,0
4153,regular,74.0,mobile_app,0.0,0.0,0.0,0.0,0.0,0.0,8.0,0.0,8,0
4154,regular,,in_store,4.0,195.0,48.75,19.443314189372828,2.0,3.0,69.0,90.0,188,1
4155,bargain_hunter,18.0,in_store,6.0,140.18,23.363333333333333,12.966278828818494,2.0,3.0,22.0,181.0,227,1
4156,loyal_vip,49.0,web,39.0,4281.71,109.7874358974359,60.42306821239493,3.0,5.0,9.0,279.0,289,0
4157,regular,54.0,web,10.0,620.11,62.011,46.61963402544755,3.0,4.0,54.0,109.0,165,1
4158,bargain_hunter,32.0,mobile_app,2.0,58.43,29.215,8.789337290148785,1.0,2.0,34.0,13.0,187,1
4159,loyal_vip,47.0,web,22.0,2175.64,98.89272727272727,78.64344668498137,3.0,5.0,8.0,261.0,269,0
4160,bargain_hunter,42.0,mobile_app,5.0,128.41,25.682,19.800117928941738,3.0,4.0,22.0,325.0,347,0
4161,one_off,39.0,in_store,1.0,60.48,60.48,0.0,1.0,1.0,2.0,0.0,28,0
4162,bargain_hunter,34.0,web,7.0,184.15,26.307142857142857,10.653293253396209,3.0,4.0,71.0,185.0,289,1
4163,loyal_vip,31.0,web,1.0,158.82,158.82,0.0,1.0,1.0,5.0,0.0,8,1
4164,bargain_hunter,47.0,mobile_app,12.0,307.08,25.59,22.596895603358682,3.0,4.0,5.0,207.0,221,0
4165,bargain_hunter,54.0,web,4.0,95.97,23.9925,18.348212219904877,2.0,3.0,145.0,59.0,247,1
4166,bargain_hunter,33.0,mobile_app,2.0,60.28,30.14,29.712626945458723,2.0,2.0,15.0,42.0,61,0
4167,regular,43.0,web,30.0,1645.57,54.852333333333334,30.411646440063095,3.0,5.0,1.0,251.0,271,0
4168,bargain_hunter,40.0,mobile_app,7.0,243.65,34.80714285714286,21.622670752619587,3.0,5.0,4.0,180.0,211,0
4169,regular,46.0,web,1.0,23.17,23.17,0.0,1.0,1.0,33.0,0.0,51,1
4170,regular,25.0,web,9.0,438.45,48.71666666666667,35.29503399913364,3.0,4.0,39.0,179.0,254,1
4171,regular,56.0,mobile_app,13.0,609.61,46.893076923076926,35.63314360363008,3.0,5.0,6.0,217.0,228,0
4172,one_off,47.0,web,1.0,10.0,10.0,0.0,1.0,1.0,38.0,0.0,52,1
4173,bargain_hunter,19.0,mobile_app,0.0,0.0,0.0,0.0,0.0,0.0,6.0,0.0,6,1
4174,regular,41.0,mobile_app,10.0,658.09,65.809,39.09399341473203,2.0,5.0,46.0,263.0,317,1
4175,bargain_hunter,50.0,in_store,6.0,173.60999999999999,28.935,23.132167862091958,2.0,4.0,24.0,229.0,322,0
4176,regular,40.0,mobile_app,2.0,81.2,40.6,21.524330419318506,2.0,2.0,4.0,16.0,20,1
4177,loyal_vip,53.0,in_store,23.0,2876.08,125.04695652173913,79.10349362672024,3.0,5.0,5.0,95.0,105,0
4178,bargain_hunter,41.0,mobile_app,0.0,0.0,0.0,0.0,0.0,0.0,126.0,0.0,126,1
4179,loyal_vip,33.0,mobile_app,19.0,2335.36,122.91368421052633,101.46171419202233,3.0,5.0,8.0,220.0,274,0
4180,bargain_hunter,45.0,web,2.0,46.33,23.165,16.793786053180504,2.0,2.0,31.0,86.0,151,0
4181,bargain_hunter,32.0,web,1.0,42.98,42.98,0.0,1.0,1.0,70.0,0.0,189,1
4182,loyal_vip,66.0,web,10.0,1379.69,137.969,58.18050235641185,3.0,5.0,8.0,46.0,59,0
4183,regular,36.0,mobile_app,17.0,1112.41,65.43588235294118,41.9679041141596,3.0,5.0,17.0,168.0,220,0
4184,bargain_hunter,,mobile_app,1.0,7.87,7.87,0.0,1.0,1.0,39.0,0.0,55,1
4185,regular,32.0,in_store,7.0,516.01,73.71571428571428,26.891156450366633,3.0,4.0,4.0,207.0,289,0
4186,bargain_hunter,40.0,web,4.0,133.57,33.3925,3.588438611243985,2.0,2.0,47.0,122.0,185,0
4187,regular,45.0,web,2.0,204.20000000000002,102.10000000000001,49.511616818682064,2.0,2.0,80.0,23.0,120,0
4188,regular,40.0,in_store,5.0,269.06,53.812,44.86617122064239,2.0,2.0,43.0,61.0,124,1
4189,loyal_vip,33.0,web,22.0,2576.89,117.13136363636363,54.435335101161606,3.0,5.0,3.0,257.0,278,0
4190,regular,46.0,in_store,0.0,0.0,0.0,0.0,0.0,0.0,90.0,0.0,90,1
4191,one_off,45.0,in_store,0.0,0.0,0.0,0.0,0.0,0.0,93.0,0.0,93,1
4192,bargain_hunter,45.0,mobile_app,7.0,109.02,15.574285714285713,12.642957007945645,3.0,5.0,101.0,189.0,312,1
4193,one_off,26.0,web,0.0,0.0,0.0,0.0,0.0,0.0,100.0,0.0,100,1
4194,one_off,41.0,mobile_app,0.0,0.0,0.0,0.0,0.0,0.0,39.0,0.0,39,1
4195,bargain_hunter,18.0,web,8.0,196.31,24.53875,16.597503631140267,3.0,5.0,72.0,236.0,317,0
4196,bargain_hunter,44.0,mobile_app,2.0,44.67,22.335,15.082587642709058,1.0,2.0,1.0,8.0,30,0
4197,loyal_vip,36.0,web,8.0,644.37,80.54625,62.246256786481325,3.0,4.0,3.0,26.0,35,0
4198,one_off,40.0,web,1.0,92.14,92.14,0.0,1.0,1.0,34.0,0.0,50,0
4199,regular,31.0,mobile_app,12.0,899.6,74.96666666666667,57.16621782666805,3.0,4.0,1.0,197.0,202,0
4200,regular,26.0,mobile_app,5.0,401.2,80.24,55.56212873891712,3.0,3.0,3.0,63.0,92,0
4201,regular,52.0,web,12.0,521.56,43.46333333333333,29.67682699693585,3.0,5.0,7.0,120.0,134,0
4202,regular,32.0,mobile_app,1.0,4.98,4.98,0.0,1.0,1.0,47.0,0.0,97,1
4203,bargain_hunter,55.0,web,4.0,59.84,14.96,8.836145464322476,2.0,3.0,9.0,118.0,154,0
4204,regular,27.0,web,10.0,360.93,36.093,27.273562718011984,3.0,3.0,23.0,211.0,235,1
4205,loyal_vip,32.0,web,47.0,5651.19,120.23808510638297,82.23666577888102,3.0,5.0,2.0,206.0,228,0
4206,one_off,18.0,web,1.0,25.53,25.53,0.0,1.0,1.0,12.0,0.0,68,1
4207,regular,55.0,mobile_app,6.0,776.72,129.45333333333335,89.3305917738524,3.0,4.0,52.0,78.0,132,1
4208,regular,54.0,mobile_app,12.0,503.85,41.987500000000004,39.050410572861985,3.0,5.0,6.0,73.0,100,1
4209,bargain_hunter,28.0,mobile_app,6.0,79.91,13.318333333333333,9.136479445971881,2.0,4.0,90.0,109.0,213,1
4210,regular,51.0,web,10.0,596.1700000000001,59.617000000000004,51.79186445121795,3.0,3.0,8.0,160.0,174,0
4211,regular,53.0,mobile_app,3.0,86.46000000000001,28.820000000000004,26.32390738473299,2.0,2.0,21.0,102.0,130,1
4212,regular,68.0,in_store,12.0,507.09,42.2575,31.011696070705618,3.0,5.0,3.0,175.0,206,0
4213,bargain_hunter,40.0,web,15.0,535.89,35.726,23.04207077747757,3.0,4.0,13.0,211.0,251,0
4214,bargain_hunter,41.0,web,5.0,112.05,22.41,16.003640210902017,3.0,4.0,28.0,263.0,329,0
4215,bargain_hunter,51.0,in_store,0.0,0.0,0.0,0.0,0.0,0.0,226.0,0.0,226,1
4216,bargain_hunter,62.0,in_store,5.0,112.08,22.416,13.481757303853232,2.0,3.0,60.0,95.0,211,1
4217,loyal_vip,62.0,mobile_app,54.0,7677.8,142.18148148148148,93.38485316975867,3.0,5.0,7.0,296.0,310,0
4218,bargain_hunter,50.0,mobile_app,4.0,78.07,19.5175,5.844098875503961,3.0,4.0,91.0,264.0,362,1
4219,regular,61.0,web,0.0,0.0,0.0,0.0,0.0,0.0,26.0,0.0,26,1
4220,loyal_vip,47.0,web,25.0,3806.27,152.2508,76.81981943266116,3.0,5.0,4.0,248.0,256,0
4221,bargain_hunter,45.0,web,4.0,55.85,13.9625,12.300610757194134,2.0,2.0,63.0,202.0,267,1
4222,regular,53.0,mobile_app,23.0,1081.69,47.03,36.048843759039435,3.0,5.0,24.0,283.0,325,0
4223,regular,45.0,mobile_app,15.0,830.31,55.354,47.750802805517615,3.0,3.0,3.0,221.0,229,1
4224,regular,51.0,mobile_app,3.0,224.72,74.90666666666667,24.228809985910022,3.0,2.0,4.0,100.0,133,0
4225,regular,31.0,mobile_app,7.0,212.94,30.419999999999998,26.198888653274334,3.0,4.0,25.0,57.0,136,0
4226,regular,50.0,mobile_app,3.0,151.45,50.48333333333333,30.884585691463197,2.0,3.0,1.0,19.0,23,0
4227,one_off,18.0,web,3.0,207.18,69.06,64.2001892520575,2.0,2.0,27.0,288.0,328,0
4228,one_off,49.0,web,0.0,0.0,0.0,0.0,0.0,0.0,225.0,0.0,225,1
4229,bargain_hunter,31.0,web,3.0,69.56,23.186666666666667,4.328306058186428,2.0,1.0,8.0,214.0,292,1
4230,regular,54.0,in_store,15.0,1003.26,66.884,56.017101827413896,3.0,5.0,4.0,344.0,354,0
4231,bargain_hunter,43.0,in_store,2.0,31.769999999999996,15.884999999999998,3.910300499961608,1.0,2.0,232.0,21.0,333,1
4232,bargain_hunter,34.0,web,11.0,273.92,24.901818181818182,22.109424604987723,3.0,4.0,14.0,222.0,262,1
4233,regular,43.0,web,15.0,687.54,45.836,44.95643427649865,3.0,5.0,27.0,291.0,323,0
4234,regular,31.0,web,12.0,763.69,63.64083333333334,39.614200038584265,3.0,4.0,22.0,243.0,288,0
4235,bargain_hunter,48.0,in_store,0.0,0.0,0.0,0.0,0.0,0.0,50.0,0.0,50,1
4236,one_off,50.0,web,2.0,75.67,37.835,39.39291877990256,2.0,1.0,2.0,10.0,30,0
4237,bargain_hunter,36.0,mobile_app,0.0,0.0,0.0,0.0,0.0,0.0,199.0,0.0,199,1
4238,loyal_vip,75.0,web,15.0,1929.38,128.62533333333334,102.5648834269359,3.0,5.0,1.0,132.0,133,0
4239,regular,39.0,mobile_app,4.0,206.60999999999999,51.652499999999996,54.64616691345636,2.0,2.0,12.0,51.0,88,1
4240,one_off,45.0,web,5.0,91.19,18.238,13.147350303388132,2.0,3.0,43.0,232.0,292,1
4241,regular,32.0,web,9.0,430.32,47.81333333333333,25.950896419969773,3.0,5.0,8.0,207.0,217,0
4242,loyal_vip,42.0,web,5.0,606.85,121.37,63.14907481507548,3.0,5.0,9.0,18.0,49,0
4243,loyal_vip,18.0,mobile_app,19.0,2325.81,122.41105263157894,96.63005817691953,3.0,5.0,11.0,240.0,258,0
4244,regular,29.0,in_store,5.0,222.38,44.476,23.38411811465209,2.0,3.0,30.0,67.0,110,0
4245,loyal_vip,58.0,web,33.0,3561.02,107.90969696969697,86.93855356963506,3.0,5.0,2.0,187.0,201,0
4246,regular,40.0,mobile_app,15.0,908.51,60.56733333333333,36.32637480766098,3.0,5.0,5.0,227.0,262,0
4247,one_off,49.0,mobile_app,1.0,36.78,36.78,0.0,1.0,1.0,24.0,0.0,188,0
4248,bargain_hunter,45.0,web,2.0,53.55,26.775,28.291342315273766,2.0,2.0,48.0,17.0,72,1
4249,loyal_vip,45.0,mobile_app,18.0,1671.29,92.84944444444444,48.93179484478396,3.0,5.0,22.0,337.0,362,0
4250,regular,26.0,in_store,16.0,854.64,53.415,31.78507909905736,3.0,5.0,1.0,227.0,245,0
4251,one_off,52.0,in_store,1.0,51.12,51.12,0.0,1.0,1.0,167.0,0.0,197,1
4252,bargain_hunter,21.0,mobile_app,7.0,204.01,29.14428571428571,24.06133125794917,2.0,5.0,4.0,152.0,188,0
4253,bargain_hunter,61.0,web,1.0,12.74,12.74,0.0,1.0,1.0,2.0,0.0,2,0
4254,bargain_hunter,29.0,mobile_app,6.0,120.8,20.133333333333333,10.066146564930726,3.0,5.0,58.0,98.0,294,0
4255,regular,18.0,mobile_app,15.0,1185.41,79.02733333333335,46.62776617097626,3.0,5.0,8.0,282.0,302,0
4256,bargain_hunter,44.0,mobile_app,0.0,0.0,0.0,0.0,0.0,0.0,27.0,0.0,27,0
4257,regular,18.0,web,4.0,436.74,109.185,60.81918584350392,2.0,3.0,64.0,101.0,174,1
4258,bargain_hunter,,mobile_app,2.0,14.79,7.395,5.3810826048296265,2.0,2.0,58.0,20.0,134,1
4259,bargain_hunter,52.0,mobile_app,1.0,20.94,20.94,0.0,1.0,1.0,56.0,0.0,95,1
4260,bargain_hunter,59.0,mobile_app,7.0,239.19,34.17,22.555721373227385,3.0,4.0,7.0,220.0,285,0
4261,regular,36.0,in_store,2.0,35.42,17.71,11.73797256769669,2.0,2.0,28.0,27.0,58,1
4262,bargain_hunter,45.0,web,5.0,131.88,26.375999999999998,11.947842064573836,3.0,2.0,35.0,31.0,131,1
4263,one_off,41.0,mobile_app,0.0,0.0,0.0,0.0,0.0,0.0,114.0,0.0,114,1
4264,bargain_hunter,41.0,mobile_app,4.0,52.129999999999995,13.032499999999999,5.194685585608943,2.0,4.0,13.0,70.0,125,1
4265,one_off,32.0,in_store,1.0,38.65,38.65,0.0,1.0,1.0,23.0,0.0,175,1
4266,bargain_hunter,49.0,in_store,10.0,188.79,18.878999999999998,11.242452727645038,3.0,5.0,5.0,197.0,298,0
4267,one_off,48.0,mobile_app,3.0,86.72,28.906666666666666,16.566358481372223,3.0,3.0,30.0,174.0,240,0
4268,regular,43.0,web,1.0,53.03,53.03,0.0,1.0,1.0,4.0,0.0,54,1
4269,bargain_hunter,38.0,web,7.0,112.18,16.025714285714287,5.940740293776125,3.0,4.0,30.0,258.0,346,1
4270,regular,37.0,in_store,7.0,197.29000000000002,28.184285714285718,30.996826104803514,3.0,4.0,16.0,155.0,192,0
4271,one_off,28.0,web,0.0,0.0,0.0,0.0,0.0,0.0,24.0,0.0,24,0
4272,bargain_hunter,62.0,in_store,2.0,72.66,36.33,43.85476256918968,1.0,2.0,40.0,11.0,94,1
4273,loyal_vip,31.0,web,0.0,0.0,0.0,0.0,0.0,0.0,2.0,0.0,2,1
4274,bargain_hunter,31.0,web,0.0,0.0,0.0,0.0,0.0,0.0,20.0,0.0,20,1
4275,loyal_vip,49.0,web,42.0,4980.43,118.58166666666668,101.38930274831077,3.0,5.0,15.0,299.0,322,0
4276,regular,28.0,web,17.0,928.0500000000001,54.59117647058824,44.80249628680764,3.0,5.0,39.0,263.0,318,0
4277,regular,43.0,mobile_app,7.0,511.96,73.13714285714285,52.059258130930544,3.0,4.0,4.0,292.0,318,0
4278,bargain_hunter,43.0,in_store,4.0,158.12,39.53,25.10127088416043,3.0,3.0,76.0,77.0,165,1
4279,regular,42.0,web,5.0,219.46,43.892,35.098006638554274,3.0,3.0,72.0,37.0,137,1
4280,regular,32.0,in_store,2.0,170.36999999999998,85.18499999999999,70.64703850834795,2.0,2.0,5.0,15.0,28,0
4281,regular,33.0,web,6.0,274.58,45.76333333333333,30.709247250081965,2.0,3.0,24.0,86.0,116,0
4282,regular,59.0,in_store,12.0,728.33,60.69416666666667,61.145009973807106,3.0,4.0,8.0,190.0,202,0
4283,loyal_vip,23.0,web,11.0,1255.96,114.17818181818183,93.21216002412795,3.0,5.0,8.0,108.0,127,0
4284,regular,38.0,mobile_app,19.0,1040.8,54.77894736842105,38.42475878544065,3.0,5.0,22.0,245.0,270,0
4285,regular,36.0,in_store,0.0,0.0,0.0,0.0,0.0,0.0,6.0,0.0,6,0
4286,regular,42.0,in_store,14.0,682.52,48.75142857142857,34.622054300056256,3.0,5.0,11.0,331.0,351,0
4287,regular,61.0,mobile_app,7.0,442.84,63.262857142857136,19.639222416960838,2.0,4.0,89.0,183.0,312,1
4288,bargain_hunter,71.0,web,1.0,6.39,6.39,0.0,1.0,1.0,21.0,0.0,45,0
4289,bargain_hunter,40.0,web,0.0,0.0,0.0,0.0,0.0,0.0,86.0,0.0,86,1
4290,regular,23.0,web,2.0,86.66,43.33,39.357563440843236,2.0,2.0,4.0,38.0,76,1
4291,bargain_hunter,57.0,web,4.0,122.52,30.63,19.84297860705393,3.0,3.0,29.0,43.0,88,1
4292,one_off,48.0,web,2.0,60.519999999999996,30.259999999999998,22.92440184606787,2.0,2.0,7.0,15.0,153,1
4293,regular,53.0,mobile_app,15.0,675.66,45.044,27.42091844872138,3.0,5.0,7.0,49.0,57,0
4294,bargain_hunter,59.0,web,9.0,307.61,34.17888888888889,21.06687948204743,3.0,5.0,56.0,247.0,313,0
4295,bargain_hunter,40.0,mobile_app,0.0,0.0,0.0,0.0,0.0,0.0,41.0,0.0,41,1
4296,one_off,41.0,mobile_app,0.0,0.0,0.0,0.0,0.0,0.0,339.0,0.0,339,1
4297,one_off,58.0,web,1.0,21.76,21.76,0.0,1.0,1.0,126.0,0.0,265,1
4298,regular,39.0,web,8.0,220.59,27.57375,15.069757735752946,3.0,4.0,19.0,48.0,79,0
4299,regular,29.0,web,12.0,572.0799999999999,47.673333333333325,23.062384302083114,3.0,4.0,22.0,107.0,134,0
4300,regular,61.0,in_store,7.0,403.28999999999996,57.61285714285714,38.482839774929,2.0,4.0,3.0,198.0,235,1
4301,loyal_vip,37.0,web,9.0,730.53,81.17,50.6520922568851,3.0,5.0,3.0,36.0,60,1
4302,loyal_vip,37.0,web,11.0,1135.04,103.18545454545455,61.69859048043745,3.0,4.0,41.0,91.0,139,0
4303,loyal_vip,27.0,mobile_app,20.0,1988.43,99.42150000000001,57.00060999442762,3.0,5.0,7.0,176.0,187,0
4304,regular,59.0,web,2.0,104.84,52.42,5.091168824543144,1.0,1.0,79.0,58.0,197,1
4305,bargain_hunter,34.0,mobile_app,7.0,101.95,14.564285714285715,6.4227716165293645,2.0,5.0,7.0,171.0,183,0
4306,bargain_hunter,18.0,web,3.0,51.92,17.30666666666667,11.329895557035524,2.0,2.0,8.0,154.0,183,1
4307,bargain_hunter,64.0,in_store,0.0,0.0,0.0,0.0,0.0,0.0,8.0,0.0,8,1
4308,regular,55.0,web,1.0,115.28,115.28,0.0,1.0,1.0,20.0,0.0,22,1
4309,bargain_hunter,22.0,mobile_app,4.0,65.49000000000001,16.372500000000002,9.305802401369446,2.0,2.0,43.0,200.0,355,0
4310,bargain_hunter,36.0,web,1.0,11.64,11.64,0.0,1.0,1.0,14.0,0.0,76,0
4311,loyal_vip,52.0,web,35.0,3459.39,98.83971428571428,64.77114301572134,3.0,5.0,11.0,150.0,162,0
4312,bargain_hunter,22.0,in_store,0.0,0.0,0.0,0.0,0.0,0.0,52.0,0.0,52,1
4313,one_off,47.0,in_store,0.0,0.0,0.0,0.0,0.0,0.0,104.0,0.0,104,1
4314,bargain_hunter,45.0,mobile_app,2.0,50.72,25.36,10.42275395468971,1.0,2.0,90.0,7.0,167,1
4315,loyal_vip,29.0,in_store,17.0,2507.35,147.49117647058824,101.41325701568515,3.0,5.0,2.0,102.0,107,0
4316,one_off,,mobile_app,2.0,48.18,24.09,20.477812383162416,1.0,1.0,52.0,233.0,322,1
4317,bargain_hunter,59.0,mobile_app,4.0,53.59,13.3975,7.450849504139333,2.0,3.0,4.0,122.0,160,0
4318,bargain_hunter,57.0,in_store,0.0,0.0,0.0,0.0,0.0,0.0,238.0,0.0,238,1
4319,one_off,46.0,web,0.0,0.0,0.0,0.0,0.0,0.0,61.0,0.0,61,1
4320,loyal_vip,48.0,web,4.0,335.74,83.935,29.921615932298845,2.0,4.0,9.0,24.0,53,1
4321,regular,39.0,web,0.0,0.0,0.0,0.0,0.0,0.0,2.0,0.0,2,0
4322,bargain_hunter,45.0,web,4.0,98.96000000000001,24.740000000000002,22.010764033384515,2.0,3.0,36.0,38.0,123,0
4323,loyal_vip,32.0,web,71.0,7983.53,112.44408450704225,85.84075052223933,3.0,5.0,7.0,338.0,361,0
4324,bargain_hunter,39.0,mobile_app,6.0,127.39,21.231666666666666,13.915537239599002,3.0,3.0,10.0,280.0,344,0
4325,regular,45.0,web,5.0,265.39,53.077999999999996,18.751124499613347,2.0,4.0,17.0,69.0,126,0
4326,regular,43.0,web,6.0,280.71,46.785,46.325075175330255,3.0,3.0,47.0,267.0,337,0
4327,loyal_vip,47.0,mobile_app,0.0,0.0,0.0,0.0,0.0,0.0,10.0,0.0,10,0
4328,loyal_vip,41.0,mobile_app,6.0,721.42,120.23666666666666,70.30819629791868,2.0,4.0,2.0,42.0,53,0
4329,loyal_vip,47.0,web,38.0,3739.84,98.41684210526316,63.83054141071659,3.0,5.0,17.0,256.0,273,0
4330,loyal_vip,58.0,web,14.0,1540.61,110.04357142857143,55.34466711952858,3.0,4.0,17.0,187.0,218,0
4331,regular,47.0,web,19.0,1177.85,61.99210526315789,28.43027525152005,3.0,5.0,2.0,230.0,234,0
4332,regular,47.0,mobile_app,4.0,172.24,43.06,29.628750676777898,2.0,3.0,15.0,28.0,46,0
4333,one_off,32.0,mobile_app,3.0,133.86,44.620000000000005,14.024268251855426,3.0,3.0,80.0,111.0,235,1
4334,bargain_hunter,28.0,web,5.0,124.30000000000001,24.860000000000003,25.873641993349136,2.0,4.0,51.0,140.0,295,1
4335,bargain_hunter,36.0,in_store,10.0,223.64,22.363999999999997,14.362679415763619,3.0,5.0,3.0,333.0,340,1
4336,bargain_hunter,40.0,mobile_app,2.0,94.66,47.33,26.14880876827852,1.0,2.0,127.0,136.0,335,1
4337,bargain_hunter,44.0,in_store,1.0,40.07,40.07,0.0,1.0,1.0,13.0,0.0,47,1
4338,bargain_hunter,47.0,web,1.0,9.21,9.21,0.0,1.0,1.0,52.0,0.0,105,1
4339,one_off,42.0,web,0.0,0.0,0.0,0.0,0.0,0.0,124.0,0.0,124,1
4340,regular,46.0,web,2.0,61.74,30.87,40.68692418947394,1.0,2.0,177.0,9.0,207,1
4341,regular,31.0,mobile_app,29.0,1573.1499999999999,54.24655172413792,46.26693707450449,3.0,5.0,2.0,306.0,322,0
4342,bargain_hunter,30.0,mobile_app,5.0,141.18,28.236,20.54691047335341,3.0,3.0,64.0,236.0,324,1
4343,loyal_vip,42.0,web,6.0,676.5,112.75,64.49848277285288,2.0,3.0,12.0,36.0,89,0
4344,loyal_vip,34.0,mobile_app,8.0,1381.9,172.7375,153.9484091459585,2.0,4.0,6.0,152.0,169,0
4345,regular,48.0,web,15.0,637.21,42.48066666666667,28.023031208190847,3.0,5.0,6.0,228.0,238,0
4346,bargain_hunter,18.0,web,10.0,201.27,20.127000000000002,8.98068427237034,3.0,5.0,55.0,218.0,280,1
4347,regular,43.0,mobile_app,11.0,689.49,62.68090909090909,34.99993470123779,3.0,5.0,22.0,167.0,189,0
4348,bargain_hunter,74.0,web,5.0,75.32000000000001,15.064000000000002,11.747775534117087,2.0,4.0,20.0,136.0,167,0
4349,one_off,46.0,mobile_app,0.0,0.0,0.0,0.0,0.0,0.0,43.0,0.0,43,1
4350,regular,46.0,mobile_app,18.0,930.82,51.71222222222222,33.46204532188944,3.0,5.0,16.0,288.0,341,0
4351,bargain_hunter,37.0,mobile_app,3.0,89.08,29.69333333333333,27.431015900497258,2.0,3.0,22.0,185.0,209,1
4352,loyal_vip,41.0,mobile_app,11.0,1564.85,142.2590909090909,109.9379895627117,3.0,5.0,21.0,273.0,297,1
4353,regular,30.0,mobile_app,0.0,0.0,0.0,0.0,0.0,0.0,11.0,0.0,11,1
4354,bargain_hunter,55.0,mobile_app,1.0,11.11,11.11,0.0,1.0,1.0,44.0,0.0,93,1
4355,regular,35.0,mobile_app,7.0,386.53000000000003,55.21857142857143,31.328994785752617,2.0,4.0,5.0,159.0,192,0
4356,bargain_hunter,34.0,mobile_app,0.0,0.0,0.0,0.0,0.0,0.0,2.0,0.0,2,0
4357,loyal_vip,38.0,in_store,53.0,5811.94,109.65924528301886,75.42259100584408,3.0,5.0,1.0,270.0,275,0
4358,regular,44.0,in_store,15.0,1018.3,67.88666666666667,39.69941195438302,3.0,5.0,37.0,221.0,265,0
4359,one_off,28.0,web,1.0,6.57,6.57,0.0,1.0,1.0,54.0,0.0,85,1
4360,regular,34.0,in_store,13.0,874.8100000000001,67.29307692307692,39.71351855993443,2.0,4.0,2.0,240.0,258,0
4361,loyal_vip,37.0,web,16.0,1427.07,89.191875,66.23031040430055,3.0,5.0,8.0,162.0,180,0
4362,bargain_hunter,50.0,mobile_app,8.0,251.56,31.445,13.5939230120353,2.0,4.0,57.0,275.0,365,0
4363,regular,34.0,mobile_app,16.0,776.62,48.53875,50.27726959902789,3.0,5.0,2.0,297.0,306,0
4364,regular,62.0,web,1.0,26.58,26.58,0.0,1.0,1.0,14.0,0.0,92,0
4365,bargain_hunter,45.0,mobile_app,8.0,190.54,23.8175,12.949218123114617,3.0,4.0,7.0,245.0,272,0
4366,one_off,38.0,mobile_app,2.0,218.63,109.315,132.92900379525906,2.0,2.0,11.0,56.0,210,1
4367,regular,32.0,web,4.0,254.83999999999997,63.709999999999994,25.586122540679483,2.0,4.0,20.0,83.0,109,0
4368,regular,18.0,in_store,5.0,298.42,59.684000000000005,48.66452948503664,3.0,5.0,11.0,58.0,73,0
4369,bargain_hunter,48.0,web,10.0,212.27,21.227,13.755839204578622,3.0,4.0,1.0,236.0,322,0
4370,bargain_hunter,51.0,web,0.0,0.0,0.0,0.0,0.0,0.0,119.0,0.0,119,1
4371,bargain_hunter,36.0,web,0.0,0.0,0.0,0.0,0.0,0.0,21.0,0.0,21,0
4372,regular,40.0,web,3.0,158.7,52.9,45.58217524427723,2.0,2.0,28.0,86.0,128,0
4373,bargain_hunter,18.0,web,2.0,88.34,44.17,10.01263202160151,1.0,2.0,35.0,23.0,67,0
4374,regular,36.0,web,0.0,0.0,0.0,0.0,0.0,0.0,18.0,0.0,18,1
4375,regular,36.0,mobile_app,20.0,957.3199999999999,47.866,29.086786546109686,3.0,5.0,9.0,272.0,320,0
4376,regular,40.0,web,18.0,863.85,47.99166666666667,29.707156446177194,3.0,5.0,1.0,153.0,155,0
4377,one_off,34.0,in_store,0.0,0.0,0.0,0.0,0.0,0.0,133.0,0.0,133,1
4378,regular,28.0,in_store,19.0,943.72,49.66947368421053,29.963725193730173,3.0,5.0,25.0,277.0,303,0
4379,regular,28.0,mobile_app,12.0,615.47,51.28916666666667,52.55917019864086,3.0,5.0,3.0,174.0,193,0
4380,bargain_hunter,39.0,mobile_app,4.0,108.44,27.11,17.94058713271856,3.0,3.0,31.0,17.0,60,0
4381,regular,47.0,web,12.0,506.95,42.24583333333333,21.94559448782927,3.0,5.0,10.0,294.0,321,0
4382,one_off,43.0,web,1.0,35.06,35.06,0.0,1.0,1.0,222.0,0.0,279,1
4383,bargain_hunter,56.0,mobile_app,6.0,127.35,21.224999999999998,9.182301998954292,2.0,3.0,10.0,80.0,118,1
4384,regular,26.0,mobile_app,5.0,303.43,60.686,40.24206418661946,2.0,4.0,1.0,45.0,46,0
4385,loyal_vip,31.0,mobile_app,61.0,6533.1,107.10000000000001,65.65207130522744,3.0,5.0,17.0,314.0,331,0
4386,regular,18.0,mobile_app,18.0,1032.32,57.35111111111111,35.16081239255679,3.0,5.0,5.0,210.0,249,0
4387,regular,36.0,mobile_app,6.0,278.1,46.35,28.68640165653406,3.0,5.0,2.0,31.0,41,0
4388,loyal_vip,37.0,web,21.0,2833.79,134.94238095238094,127.80514296790882,3.0,5.0,8.0,124.0,168,0
4389,regular,31.0,web,15.0,911.9599999999999,60.79733333333333,39.021526745167336,3.0,5.0,6.0,259.0,269,0
4390,regular,28.0,in_store,20.0,1249.59,62.479499999999994,55.12106889909653,3.0,5.0,6.0,198.0,205,0
4391,regular,18.0,web,16.0,806.48,50.405,37.101741019346605,3.0,4.0,3.0,200.0,235,0
4392,regular,37.0,in_store,10.0,494.76,49.476,42.151637690604616,3.0,4.0,1.0,161.0,181,1
4393,regular,27.0,web,3.0,106.88,35.626666666666665,3.393115579129798,2.0,3.0,7.0,109.0,230,0
4394,loyal_vip,45.0,mobile_app,18.0,2557.35,142.075,75.03971217256351,3.0,5.0,11.0,136.0,175,0
4395,bargain_hunter,39.0,web,0.0,0.0,0.0,0.0,0.0,0.0,144.0,0.0,144,1
4396,regular,,mobile_app,5.0,309.94,61.988,36.63397494130278,2.0,4.0,7.0,11.0,40,0
4397,regular,59.0,mobile_app,3.0,257.71999999999997,85.90666666666665,113.64732391628645,3.0,1.0,186.0,39.0,235,1
4398,regular,56.0,web,4.0,368.22,92.055,25.59978190011261,3.0,3.0,69.0,83.0,152,1
4399,one_off,33.0,web,1.0,33.65,33.65,0.0,1.0,1.0,252.0,0.0,324,1
4400,regular,27.0,web,9.0,519.97,57.77444444444445,36.36003029121095,2.0,5.0,85.0,208.0,327,0
4401,bargain_hunter,37.0,web,2.0,58.74,29.37,18.809040379562166,2.0,2.0,37.0,22.0,177,1
4402,regular,39.0,in_store,34.0,1947.86,57.29,40.37775685306019,3.0,5.0,2.0,322.0,337,0
4403,regular,59.0,mobile_app,30.0,1836.3600000000001,61.212,28.30645136652628,3.0,5.0,6.0,341.0,359,0
4404,bargain_hunter,49.0,in_store,7.0,206.0,29.428571428571427,17.429570111902194,3.0,5.0,32.0,241.0,301,1
4405,regular,26.0,web,4.0,206.24,51.56,13.237177443347452,2.0,3.0,23.0,61.0,101,0
4406,bargain_hunter,37.0,web,9.0,248.27,27.58555555555556,20.15978863425353,3.0,5.0,28.0,250.0,355,1
4407,regular,32.0,web,20.0,1421.78,71.089,61.28650885283335,3.0,5.0,5.0,279.0,286,0
4408,loyal_vip,49.0,mobile_app,27.0,2934.39,108.68111111111111,70.57547309486563,3.0,5.0,11.0,206.0,217,0
4409,loyal_vip,29.0,web,7.0,1102.7,157.52857142857144,96.48811471343183,3.0,4.0,78.0,144.0,226,1
4410,bargain_hunter,49.0,mobile_app,3.0,59.63,19.87666666666667,11.826091211103241,2.0,3.0,81.0,148.0,279,1
4411,one_off,49.0,web,0.0,0.0,0.0,0.0,0.0,0.0,133.0,0.0,133,1
4412,bargain_hunter,19.0,web,15.0,342.29,22.819333333333336,15.756383951849335,3.0,5.0,17.0,309.0,335,0
4413,loyal_vip,55.0,web,17.0,1900.17,111.77470588235295,126.47787450368776,3.0,5.0,29.0,280.0,311,0
4414,one_off,54.0,mobile_app,0.0,0.0,0.0,0.0,0.0,0.0,326.0,0.0,326,1
4415,bargain_hunter,27.0,mobile_app,4.0,92.25,23.0625,11.05104633055169,3.0,1.0,5.0,79.0,219,1
4416,bargain_hunter,57.0,web,2.0,30.089999999999996,15.044999999999998,2.142533546995239,2.0,2.0,18.0,1.0,20,0
4417,regular,47.0,in_store,17.0,1018.13,59.89,39.08990007022274,3.0,5.0,1.0,256.0,273,0
4418,regular,48.0,in_store,3.0,90.6,30.2,8.754159011578437,3.0,2.0,22.0,36.0,62,0
4419,regular,42.0,mobile_app,1.0,64.03,64.03,0.0,1.0,1.0,21.0,0.0,50,1
4420,regular,51.0,mobile_app,12.0,567.66,47.305,37.758896001773245,3.0,5.0,6.0,274.0,332,0
4421,one_off,47.0,web,0.0,0.0,0.0,0.0,0.0,0.0,165.0,0.0,165,1
4422,regular,44.0,mobile_app,26.0,1459.84,56.1476923076923,41.24771986984903,3.0,5.0,6.0,281.0,291,0
4423,loyal_vip,77.0,mobile_app,22.0,1942.95,88.31590909090909,60.99347706412789,3.0,5.0,5.0,112.0,117,0
4424,bargain_hunter,42.0,in_store,0.0,0.0,0.0,0.0,0.0,0.0,44.0,0.0,44,1
4425,regular,36.0,mobile_app,3.0,200.89000000000001,66.96333333333334,32.7541910804302,1.0,3.0,47.0,23.0,72,1
4426,regular,41.0,mobile_app,4.0,188.15,47.0375,9.215875342762255,3.0,3.0,2.0,13.0,45,0
4427,regular,35.0,web,14.0,732.74,52.33857142857143,44.96941932830881,3.0,5.0,9.0,291.0,319,0
4428,bargain_hunter,40.0,mobile_app,7.0,156.38,22.34,15.803716862392426,3.0,5.0,55.0,67.0,224,1
4429,regular,33.0,mobile_app,12.0,828.49,69.04083333333334,39.82869738776377,3.0,5.0,7.0,170.0,186,0
4430,loyal_vip,64.0,mobile_app,11.0,1319.85,119.98636363636363,54.81591014892068,3.0,4.0,14.0,117.0,140,0
4431,regular,29.0,mobile_app,7.0,342.59,48.94142857142857,37.51207069223249,3.0,5.0,75.0,135.0,258,1
4432,bargain_hunter,18.0,web,2.0,32.2,16.1,10.663170260293137,2.0,2.0,19.0,44.0,90,0
4433,loyal_vip,25.0,mobile_app,34.0,3537.26,104.03705882352942,68.18431377987754,3.0,5.0,5.0,156.0,161,0
4434,regular,54.0,web,2.0,86.93,43.465,38.34640074374647,2.0,2.0,9.0,8.0,20,1
4435,regular,23.0,web,3.0,317.59000000000003,105.86333333333334,26.25568954214177,2.0,2.0,65.0,32.0,117,1
4436,bargain_hunter,33.0,web,2.0,15.100000000000001,7.550000000000001,6.943788591251897,1.0,2.0,66.0,117.0,337,1
4437,regular,18.0,mobile_app,8.0,455.29999999999995,56.912499999999994,31.943453051558823,2.0,5.0,28.0,119.0,195,0
4438,regular,48.0,web,10.0,553.71,55.371,46.41358097463381,3.0,4.0,12.0,121.0,146,0
4439,regular,58.0,mobile_app,9.0,441.48,49.053333333333335,40.28759579572849,3.0,5.0,10.0,261.0,294,0
4440,regular,39.0,mobile_app,2.0,40.41,20.205,9.821713190681143,2.0,2.0,21.0,5.0,26,0
4441,regular,26.0,web,1.0,3.91,3.91,0.0,1.0,1.0,97.0,0.0,126,1
4442,bargain_hunter,46.0,mobile_app,3.0,27.770000000000003,9.256666666666668,3.9265421598823225,2.0,2.0,27.0,173.0,201,1
4443,loyal_vip,50.0,in_store,23.0,3065.91,133.30043478260868,118.29878322890195,3.0,5.0,6.0,201.0,213,0
4444,bargain_hunter,36.0,in_store,0.0,0.0,0.0,0.0,0.0,0.0,154.0,0.0,154,1
4445,bargain_hunter,37.0,web,1.0,14.17,14.17,0.0,1.0,1.0,10.0,0.0,174,0
4446,regular,54.0,web,13.0,654.66,50.35846153846153,30.43011442802284,3.0,4.0,3.0,334.0,351,0
4447,one_off,20.0,in_store,2.0,130.95,65.475,72.4006633256906,1.0,1.0,45.0,99.0,262,1
4448,regular,43.0,mobile_app,7.0,295.82,42.26,20.85906517560171,3.0,5.0,11.0,142.0,153,1
4449,regular,30.0,mobile_app,5.0,346.55,69.31,33.029642747084026,3.0,4.0,32.0,100.0,183,1
4450,regular,28.0,mobile_app,14.0,400.18,28.584285714285716,16.215015222975236,3.0,4.0,8.0,223.0,240,1
4451,regular,48.0,web,12.0,873.76,72.81333333333333,59.616006748238846,3.0,5.0,4.0,168.0,205,0
4452,bargain_hunter,52.0,web,3.0,64.59,21.53,16.328658854909055,1.0,3.0,8.0,118.0,155,0
4453,regular,46.0,mobile_app,3.0,81.4,27.133333333333336,13.66167754462582,2.0,3.0,46.0,110.0,186,0
4454,bargain_hunter,26.0,web,4.0,131.76,32.94,21.182598203871652,3.0,3.0,31.0,131.0,363,1
4455,regular,28.0,mobile_app,1.0,66.01,66.01,0.0,1.0,1.0,1.0,0.0,28,0
4456,regular,30.0,mobile_app,15.0,868.0,57.86666666666667,41.69281792667254,3.0,5.0,3.0,190.0,194,1
4457,regular,44.0,web,5.0,586.84,117.36800000000001,61.326136923827185,2.0,3.0,11.0,34.0,46,0
4458,loyal_vip,26.0,mobile_app,15.0,1684.39,112.29266666666668,76.65940474095854,3.0,5.0,1.0,152.0,163,0
4459,regular,19.0,web,12.0,532.5,44.375,21.584816001490072,3.0,5.0,8.0,238.0,248,1
4460,bargain_hunter,49.0,web,6.0,118.92999999999999,19.821666666666665,10.997340436063014,3.0,4.0,47.0,168.0,245,0
4461,bargain_hunter,38.0,mobile_app,0.0,0.0,0.0,0.0,0.0,0.0,94.0,0.0,94,1
4462,regular,34.0,mobile_app,29.0,1530.18,52.7648275862069,39.46075814027052,3.0,5.0,3.0,339.0,345,0
4463,bargain_hunter,52.0,mobile_app,3.0,67.93,22.643333333333334,12.239776686416027,2.0,2.0,69.0,89.0,219,1
4464,regular,39.0,in_store,7.0,360.55,51.50714285714286,17.71952098137881,3.0,3.0,15.0,55.0,76,0
4465,regular,62.0,mobile_app,11.0,556.3100000000001,50.57363636363637,37.87709235744668,3.0,5.0,9.0,255.0,292,0
4466,regular,23.0,web,5.0,380.39,76.078,70.70637573797713,2.0,3.0,4.0,56.0,70,0
4467,bargain_hunter,38.0,web,1.0,8.92,8.92,0.0,1.0,1.0,88.0,0.0,156,1
4468,loyal_vip,37.0,web,37.0,4084.77,110.39918918918919,120.42713228749987,3.0,5.0,3.0,308.0,324,0
4469,loyal_vip,18.0,web,18.0,2188.36,121.57555555555557,70.5813542468566,3.0,5.0,6.0,268.0,274,0
4470,bargain_hunter,56.0,web,6.0,179.17,29.861666666666665,32.82525333743316,3.0,5.0,2.0,287.0,294,0
4471,regular,45.0,mobile_app,19.0,1158.02,60.94842105263158,36.03052506219289,3.0,5.0,17.0,330.0,352,1
4472,regular,62.0,mobile_app,12.0,711.59,59.29916666666667,39.48797733219415,3.0,5.0,4.0,170.0,205,0
4473,regular,26.0,web,17.0,1075.76,63.28,43.77733274766749,3.0,5.0,10.0,227.0,237,0
4474,regular,44.0,web,3.0,370.56,123.52,84.82117247480137,2.0,3.0,6.0,14.0,24,0
4475,regular,37.0,mobile_app,23.0,1147.54,49.89304347826087,28.184737880759414,3.0,5.0,5.0,222.0,227,0
4476,regular,46.0,mobile_app,0.0,0.0,0.0,0.0,0.0,0.0,22.0,0.0,22,1
4477,loyal_vip,56.0,in_store,20.0,2399.98,119.999,98.0913247894398,3.0,5.0,5.0,281.0,301,0
4478,bargain_hunter,23.0,mobile_app,3.0,74.83,24.94333333333333,1.742766000739437,2.0,2.0,21.0,156.0,203,0
4479,loyal_vip,33.0,web,0.0,0.0,0.0,0.0,0.0,0.0,2.0,0.0,2,0
4480,regular,36.0,in_store,8.0,445.56,55.695,44.75320196046631,3.0,5.0,40.0,97.0,144,0
4481,regular,36.0,web,22.0,1211.84,55.08363636363636,34.220615973061584,3.0,5.0,46.0,236.0,298,0
4482,loyal_vip,43.0,web,39.0,4279.84,109.73948717948718,74.65739382245856,3.0,5.0,6.0,283.0,310,0
4483,bargain_hunter,32.0,web,1.0,69.24,69.24,0.0,1.0,1.0,205.0,0.0,233,1
4484,regular,30.0,web,2.0,70.63,35.315,5.084097756731275,1.0,2.0,9.0,13.0,46,1
4485,one_off,50.0,mobile_app,1.0,37.92,37.92,0.0,1.0,1.0,4.0,0.0,12,0
4486,one_off,47.0,mobile_app,0.0,0.0,0.0,0.0,0.0,0.0,14.0,0.0,14,1
4487,regular,54.0,web,5.0,353.67,70.73400000000001,24.857287261485315,3.0,3.0,5.0,90.0,106,0
4488,regular,34.0,web,0.0,0.0,0.0,0.0,0.0,0.0,16.0,0.0,16,0
4489,bargain_hunter,54.0,web,6.0,141.94,23.656666666666666,20.342689759878528,2.0,3.0,19.0,132.0,364,1
4490,loyal_vip,46.0,web,37.0,4234.8,114.45405405405405,72.50430410440241,3.0,5.0,7.0,268.0,275,0
4491,bargain_hunter,53.0,web,0.0,0.0,0.0,0.0,0.0,0.0,157.0,0.0,157,1
4492,regular,43.0,mobile_app,9.0,601.94,66.88222222222223,54.349972579978775,2.0,5.0,13.0,244.0,279,0
4493,one_off,54.0,mobile_app,1.0,71.33,71.33,0.0,1.0,1.0,66.0,0.0,103,1
4494,regular,31.0,mobile_app,5.0,275.26,55.052,22.391965523374676,3.0,3.0,46.0,29.0,82,1
4495,loyal_vip,55.0,web,32.0,4094.35,127.9484375,85.60528454856703,3.0,5.0,10.0,270.0,285,0
4496,loyal_vip,54.0,mobile_app,3.0,340.57,113.52333333333333,54.8273037211692,2.0,2.0,3.0,9.0,13,1
4497,bargain_hunter,49.0,web,0.0,0.0,0.0,0.0,0.0,0.0,28.0,0.0,28,1
4498,loyal_vip,54.0,mobile_app,23.0,2578.56,112.11130434782608,83.07396098463038,3.0,5.0,2.0,286.0,293,0
4499,one_off,36.0,web,2.0,62.32,31.16,8.82469262920811,2.0,2.0,70.0,61.0,364,1
4500,regular,30.0,web,5.0,218.01999999999998,43.604,42.61162787315218,3.0,4.0,22.0,172.0,281,1
4501,regular,28.0,web,9.0,344.42,38.26888888888889,31.272269043213207,3.0,4.0,3.0,178.0,238,0
4502,regular,19.0,web,24.0,1377.39,57.39125000000001,34.55761330734517,3.0,5.0,4.0,248.0,259,0
4503,bargain_hunter,40.0,web,2.0,90.87,45.435,31.487464966236963,1.0,2.0,109.0,73.0,217,1
4504,bargain_hunter,57.0,mobile_app,2.0,53.370000000000005,26.685000000000002,2.001112190757932,2.0,2.0,1.0,65.0,241,0
4505,regular,44.0,web,20.0,1025.3799999999999,51.26899999999999,30.805881512942847,3.0,5.0,32.0,235.0,281,0
4506,bargain_hunter,49.0,mobile_app,13.0,318.16,24.473846153846157,14.943585880716817,3.0,5.0,7.0,213.0,237,1
4507,loyal_vip,64.0,web,28.0,2941.25,105.04464285714286,73.81459017084595,3.0,5.0,8.0,226.0,262,0
4508,regular,43.0,web,8.0,396.04,49.505,32.99019897744523,3.0,4.0,3.0,205.0,214,0
4509,one_off,18.0,mobile_app,0.0,0.0,0.0,0.0,0.0,0.0,27.0,0.0,27,0
4510,one_off,51.0,web,2.0,98.64,49.32,15.37250142299554,2.0,2.0,149.0,72.0,273,1
4511,regular,35.0,web,1.0,35.15,35.15,0.0,1.0,1.0,7.0,0.0,253,0
4512,regular,50.0,in_store,0.0,0.0,0.0,0.0,0.0,0.0,19.0,0.0,19,1
4513,regular,56.0,mobile_app,7.0,467.87,66.83857142857143,39.055115084783885,3.0,4.0,53.0,105.0,185,1
4514,bargain_hunter,37.0,mobile_app,2.0,60.35,30.175,20.796010434696363,2.0,2.0,148.0,14.0,173,1
4515,bargain_hunter,31.0,web,5.0,165.69,33.138,17.45445845622258,2.0,4.0,7.0,141.0,197,1
4516,regular,31.0,web,6.0,318.57,53.095,25.779019182273014,3.0,4.0,5.0,73.0,82,0
4517,regular,52.0,mobile_app,12.0,710.6899999999999,59.22416666666666,43.49629732587138,3.0,5.0,8.0,158.0,172,0
4518,one_off,57.0,web,2.0,34.5,17.25,0.8202438661763928,1.0,2.0,165.0,16.0,237,1
4519,regular,37.0,mobile_app,9.0,481.90000000000003,53.54444444444445,28.108610385036428,3.0,5.0,6.0,196.0,203,0
4520,bargain_hunter,37.0,web,7.0,228.64,32.66285714285714,12.938662623169,3.0,4.0,39.0,285.0,343,0
4521,bargain_hunter,52.0,mobile_app,0.0,0.0,0.0,0.0,0.0,0.0,1.0,0.0,1,1
4522,bargain_hunter,19.0,mobile_app,10.0,292.26,29.226,15.993919816952662,3.0,4.0,10.0,274.0,309,0
4523,regular,42.0,mobile_app,5.0,295.92,59.184000000000005,34.982402433223484,3.0,3.0,13.0,26.0,43,1
4524,regular,40.0,mobile_app,18.0,766.36,42.57555555555555,25.798772023266856,3.0,5.0,1.0,340.0,363,0
4525,bargain_hunter,30.0,mobile_app,1.0,7.63,7.63,0.0,1.0,1.0,74.0,0.0,144,1
4526,one_off,46.0,web,3.0,90.36999999999999,30.12333333333333,7.031822902586023,2.0,3.0,13.0,56.0,258,0
4527,bargain_hunter,58.0,mobile_app,4.0,76.85,19.2125,5.238539077516427,2.0,4.0,2.0,185.0,228,0
4528,loyal_vip,47.0,mobile_app,22.0,2127.83,96.71954545454545,49.63164500092492,3.0,4.0,2.0,224.0,234,0
4529,regular,37.0,in_store,3.0,100.36,33.45333333333333,12.820040301548719,3.0,1.0,23.0,5.0,47,0
4530,bargain_hunter,34.0,mobile_app,2.0,14.64,7.32,1.3152186130069783,2.0,1.0,1.0,47.0,75,0
4531,regular,49.0,web,0.0,0.0,0.0,0.0,0.0,0.0,6.0,0.0,6,0
4532,regular,35.0,web,6.0,162.02,27.003333333333334,19.00493585010659,3.0,4.0,4.0,31.0,45,1
4533,regular,32.0,web,1.0,39.05,39.05,0.0,1.0,1.0,89.0,0.0,92,1
4534,loyal_vip,38.0,in_store,2.0,252.38,126.19,61.27787365762621,2.0,2.0,6.0,2.0,9,0
4535,bargain_hunter,22.0,web,0.0,0.0,0.0,0.0,0.0,0.0,76.0,0.0,76,1
4536,loyal_vip,36.0,mobile_app,1.0,98.04,98.04,0.0,1.0,1.0,19.0,0.0,31,0
4537,regular,27.0,mobile_app,22.0,1273.8999999999999,57.90454545454545,41.116828871524326,3.0,5.0,9.0,178.0,192,0
4538,regular,56.0,mobile_app,10.0,499.65,49.964999999999996,26.729860643108488,3.0,5.0,13.0,108.0,130,0
4539,loyal_vip,50.0,mobile_app,17.0,2353.5099999999998,138.44176470588235,90.36776507937539,3.0,5.0,3.0,209.0,218,0
4540,regular,55.0,mobile_app,11.0,601.02,54.63818181818181,38.85700009475302,3.0,5.0,24.0,216.0,264,0
4541,regular,56.0,web,15.0,827.77,55.184666666666665,28.556293993910813,3.0,5.0,19.0,279.0,302,0
4542,regular,49.0,web,4.0,195.32,48.83,24.13487656207644,3.0,1.0,122.0,159.0,301,1
4543,bargain_hunter,66.0,mobile_app,25.0,768.4,30.736,18.57655152784463,3.0,5.0,11.0,245.0,256,0
4544,one_off,56.0,web,0.0,0.0,0.0,0.0,0.0,0.0,124.0,0.0,124,1
4545,regular,38.0,mobile_app,10.0,504.78,50.477999999999994,42.759793108323926,3.0,5.0,40.0,321.0,362,0
4546,regular,37.0,mobile_app,9.0,451.02,50.11333333333333,32.2099146226748,3.0,4.0,29.0,155.0,204,0
4547,regular,36.0,mobile_app,6.0,280.73,46.788333333333334,23.026478164640523,3.0,3.0,12.0,116.0,137,0
4548,regular,30.0,mobile_app,0.0,0.0,0.0,0.0,0.0,0.0,44.0,0.0,44,0
4549,bargain_hunter,54.0,web,4.0,72.46000000000001,18.115000000000002,8.632205202998053,3.0,3.0,98.0,152.0,254,1
4550,loyal_vip,45.0,web,6.0,606.05,101.00833333333333,62.51049077288281,3.0,4.0,39.0,50.0,95,0
4551,loyal_vip,36.0,web,41.0,4762.81,116.16609756097562,72.6182139644748,3.0,5.0,24.0,277.0,313,0
4552,regular,30.0,mobile_app,11.0,543.24,49.38545454545454,34.06731200539202,3.0,5.0,8.0,269.0,279,0
4553,regular,47.0,mobile_app,15.0,730.34,48.68933333333334,34.46753699739316,3.0,5.0,23.0,204.0,241,0
4554,regular,52.0,web,0.0,0.0,0.0,0.0,0.0,0.0,76.0,0.0,76,1
4555,regular,18.0,web,14.0,510.85,36.489285714285714,20.922515462933788,3.0,4.0,11.0,230.0,241,1
4556,bargain_hunter,26.0,mobile_app,7.0,175.8,25.114285714285717,17.8627264223045,2.0,4.0,84.0,182.0,333,1
4557,regular,37.0,mobile_app,8.0,429.66,53.7075,49.338993489646995,3.0,4.0,17.0,107.0,124,0
4558,regular,25.0,web,3.0,112.1,37.36666666666667,7.400171169191515,1.0,2.0,11.0,20.0,34,0
4559,bargain_hunter,35.0,mobile_app,5.0,166.62,33.324,13.445037374436712,3.0,4.0,38.0,287.0,364,1
4560,bargain_hunter,31.0,web,0.0,0.0,0.0,0.0,0.0,0.0,26.0,0.0,26,0
4561,bargain_hunter,38.0,mobile_app,6.0,204.69,34.115,32.10475276341495,2.0,5.0,10.0,186.0,247,1
4562,regular,44.0,web,11.0,645.4,58.67272727272727,39.431490230755685,2.0,4.0,9.0,104.0,114,0
4563,bargain_hunter,47.0,web,7.0,221.56,31.65142857142857,17.721007710785365,3.0,4.0,42.0,153.0,228,1
4564,loyal_vip,18.0,mobile_app,34.0,3846.4,113.12941176470588,72.69523926478752,3.0,5.0,24.0,173.0,202,0
4565,regular,39.0,web,8.0,624.42,78.0525,45.13559626281678,3.0,5.0,30.0,127.0,178,1
4566,regular,55.0,mobile_app,12.0,807.74,67.31166666666667,30.86435273413278,3.0,4.0,16.0,242.0,273,0
4567,regular,31.0,web,20.0,1014.21,50.7105,44.03990719850158,3.0,5.0,1.0,113.0,142,0
4568,regular,33.0,web,5.0,402.28999999999996,80.458,44.06732088520925,2.0,4.0,9.0,124.0,146,1
4569,regular,47.0,mobile_app,17.0,711.76,41.868235294117646,27.261064092239256,3.0,5.0,48.0,148.0,209,1
4570,regular,48.0,mobile_app,0.0,0.0,0.0,0.0,0.0,0.0,31.0,0.0,31,1
4571,regular,28.0,mobile_app,9.0,570.09,63.343333333333334,33.9684522756042,3.0,5.0,22.0,80.0,108,1
4572,regular,49.0,web,7.0,451.99,64.57000000000001,39.482051618425295,3.0,4.0,24.0,231.0,274,0
4573,one_off,47.0,web,0.0,0.0,0.0,0.0,0.0,0.0,232.0,0.0,232,1
4574,regular,56.0,mobile_app,6.0,323.56,53.92666666666667,43.46492593651422,3.0,5.0,6.0,117.0,148,0
4575,regular,41.0,web,3.0,182.86,60.95333333333334,34.887253164061704,2.0,2.0,9.0,78.0,92,1
4576,bargain_hunter,43.0,web,6.0,161.85,26.974999999999998,18.292733803343886,3.0,4.0,53.0,79.0,135,1
4577,bargain_hunter,23.0,in_store,7.0,211.73,30.247142857142855,28.682986661251366,3.0,3.0,45.0,299.0,362,1
4578,loyal_vip,33.0,web,31.0,3272.45,105.56290322580645,76.50544940039886,3.0,5.0,18.0,250.0,271,0
4579,bargain_hunter,41.0,in_store,1.0,13.07,13.07,0.0,1.0,1.0,191.0,0.0,228,1
4580,regular,44.0,mobile_app,9.0,631.34,70.14888888888889,40.54565526799526,2.0,4.0,7.0,98.0,111,1
4581,one_off,34.0,web,1.0,23.96,23.96,0.0,1.0,1.0,249.0,0.0,325,1
4582,regular,28.0,web,7.0,288.49,41.212857142857146,38.994758072628905,3.0,4.0,3.0,86.0,90,0
4583,regular,41.0,mobile_app,35.0,2019.18,57.69085714285715,43.7964579800312,3.0,5.0,7.0,227.0,244,0
4584,bargain_hunter,35.0,in_store,6.0,206.81,34.468333333333334,8.878300325325037,3.0,4.0,11.0,140.0,203,1
4585,one_off,54.0,mobile_app,1.0,15.73,15.73,0.0,1.0,1.0,41.0,0.0,46,1
4586,bargain_hunter,48.0,mobile_app,3.0,155.57,51.85666666666666,25.154912707726368,2.0,3.0,61.0,32.0,105,1
4587,bargain_hunter,31.0,web,2.0,76.64,38.32,21.467761876823584,1.0,1.0,86.0,58.0,197,1
4588,bargain_hunter,38.0,mobile_app,7.0,102.09,14.584285714285715,5.565719052506026,3.0,5.0,18.0,282.0,337,0
4589,regular,35.0,web,8.0,484.15,60.51875,37.218874028220824,2.0,4.0,22.0,107.0,142,0
4590,regular,48.0,mobile_app,5.0,185.0,37.0,16.643217837906224,2.0,4.0,18.0,110.0,142,0
4591,regular,42.0,mobile_app,7.0,472.04,67.43428571428572,38.52734390756036,3.0,5.0,35.0,104.0,175,1
4592,bargain_hunter,38.0,in_store,1.0,26.04,26.04,0.0,1.0,1.0,44.0,0.0,148,1
4593,regular,54.0,web,22.0,1189.84,54.08363636363636,31.452145591957038,3.0,5.0,14.0,324.0,347,0
4594,bargain_hunter,60.0,web,1.0,24.07,24.07,0.0,1.0,1.0,42.0,0.0,62,1
4595,loyal_vip,49.0,mobile_app,24.0,2669.68,111.23666666666666,64.74561053892357,3.0,5.0,21.0,209.0,232,0
4596,bargain_hunter,34.0,mobile_app,2.0,44.58,22.29,10.776307345282985,2.0,2.0,5.0,0.0,89,1
4597,bargain_hunter,50.0,mobile_app,6.0,132.26999999999998,22.044999999999998,12.664351148005965,3.0,4.0,78.0,110.0,216,1
4598,loyal_vip,32.0,web,22.0,2296.44,104.38363636363637,56.084231341748854,3.0,5.0,1.0,185.0,213,0
4599,regular,22.0,web,4.0,156.02,39.005,18.156711339520346,2.0,3.0,6.0,21.0,53,1
4600,loyal_vip,54.0,web,8.0,1130.1,141.2625,78.15446203329843,3.0,4.0,1.0,52.0,58,0
4601,loyal_vip,33.0,web,21.0,2183.21,103.96238095238095,69.29213987926495,3.0,5.0,2.0,202.0,212,0
4602,bargain_hunter,63.0,mobile_app,6.0,142.0,23.666666666666668,17.857430572920244,2.0,4.0,35.0,182.0,225,1
4603,bargain_hunter,62.0,web,2.0,17.04,8.52,5.953839097590731,2.0,1.0,64.0,5.0,100,1
4604,bargain_hunter,59.0,mobile_app,0.0,0.0,0.0,0.0,0.0,0.0,10.0,0.0,10,0
4605,loyal_vip,47.0,in_store,52.0,6783.31,130.44826923076923,75.22888920790672,3.0,5.0,4.0,313.0,318,0
4606,loyal_vip,37.0,web,6.0,828.07,138.01166666666668,95.86646826010994,2.0,4.0,73.0,101.0,178,1
4607,bargain_hunter,20.0,in_store,3.0,43.21,14.403333333333334,8.785137069695233,3.0,3.0,29.0,70.0,158,1
4608,loyal_vip,50.0,mobile_app,0.0,0.0,0.0,0.0,0.0,0.0,5.0,0.0,5,0
4609,bargain_hunter,42.0,web,8.0,136.26,17.0325,10.89644207987176,3.0,4.0,75.0,128.0,303,0
4610,loyal_vip,18.0,web,36.0,4701.13,130.58694444444444,102.04604271236572,3.0,5.0,2.0,264.0,267,0
4611,bargain_hunter,40.0,web,11.0,241.32,21.938181818181818,10.984742890192576,3.0,4.0,36.0,231.0,280,1
4612,loyal_vip,34.0,mobile_app,14.0,1210.4099999999999,86.45785714285714,99.35973361621757,3.0,5.0,13.0,164.0,181,0
4613,regular,40.0,mobile_app,5.0,213.16,42.632,17.533092140292883,3.0,4.0,75.0,80.0,156,1
4614,loyal_vip,66.0,mobile_app,48.0,5821.34,121.27791666666667,68.31354617725577,3.0,5.0,1.0,347.0,351,0
4615,loyal_vip,54.0,web,30.0,2992.64,99.75466666666667,77.01571450632358,3.0,5.0,2.0,202.0,224,0
4616,bargain_hunter,,mobile_app,0.0,0.0,0.0,0.0,0.0,0.0,15.0,0.0,15,1
4617,bargain_hunter,45.0,web,2.0,26.83,13.415,8.53477884892163,2.0,2.0,40.0,45.0,147,1
4618,bargain_hunter,41.0,web,0.0,0.0,0.0,0.0,0.0,0.0,21.0,0.0,21,0
4619,bargain_hunter,53.0,in_store,8.0,195.65,24.45625,16.99630542836547,3.0,4.0,10.0,244.0,256,1
4620,regular,18.0,web,7.0,312.76,44.68,31.49626538707936,3.0,4.0,15.0,136.0,155,0
4621,loyal_vip,40.0,web,0.0,0.0,0.0,0.0,0.0,0.0,13.0,0.0,13,0
4622,regular,40.0,web,2.0,165.89,82.945,11.094505396816935,1.0,1.0,2.0,32.0,48,0
4623,one_off,28.0,mobile_app,0.0,0.0,0.0,0.0,0.0,0.0,104.0,0.0,104,1
4624,regular,43.0,mobile_app,11.0,493.31,44.846363636363634,36.77051326068954,3.0,5.0,8.0,99.0,107,0
4625,regular,53.0,mobile_app,6.0,216.39,36.065,26.411567730825826,3.0,4.0,2.0,85.0,102,0
4626,regular,36.0,mobile_app,2.0,160.07,80.035,34.92400392280359,2.0,1.0,7.0,217.0,316,0
4627,loyal_vip,46.0,in_store,20.0,2064.82,103.24100000000001,87.12201310442971,3.0,5.0,2.0,118.0,124,0
4628,loyal_vip,57.0,mobile_app,16.0,1390.5,86.90625,60.53632241610542,3.0,5.0,29.0,183.0,217,0
4629,regular,,web,0.0,0.0,0.0,0.0,0.0,0.0,30.0,0.0,30,1
4630,regular,67.0,web,12.0,655.98,54.665,21.336721866303645,3.0,5.0,21.0,201.0,227,0
4631,bargain_hunter,42.0,in_store,0.0,0.0,0.0,0.0,0.0,0.0,74.0,0.0,74,0
4632,bargain_hunter,62.0,mobile_app,2.0,69.4,34.7,4.582051942088824,2.0,1.0,9.0,30.0,56,0
4633,bargain_hunter,35.0,web,7.0,246.42000000000002,35.20285714285715,23.256765119197546,2.0,4.0,16.0,61.0,197,1
4634,bargain_hunter,31.0,mobile_app,2.0,41.99,20.995,22.026376233960956,2.0,1.0,14.0,9.0,33,0
4635,bargain_hunter,57.0,mobile_app,2.0,65.87,32.935,30.511657608199524,2.0,2.0,39.0,11.0,62,1
4636,bargain_hunter,,web,5.0,93.82,18.764,18.7611788009176,3.0,3.0,56.0,273.0,341,0
4637,bargain_hunter,30.0,web,2.0,95.78999999999999,47.894999999999996,20.85257897719129,2.0,2.0,18.0,36.0,129,0
4638,loyal_vip,24.0,mobile_app,7.0,605.71,86.53,58.12317036546899,3.0,4.0,8.0,60.0,73,1
4639,regular,50.0,web,13.0,929.88,71.52923076923076,55.18941632558706,3.0,5.0,2.0,76.0,78,0
4640,one_off,57.0,in_store,1.0,70.68,70.68,0.0,1.0,1.0,212.0,0.0,343,1
4641,loyal_vip,63.0,web,91.0,10544.24,115.87076923076923,92.01540272307999,3.0,5.0,2.0,334.0,341,0
4642,loyal_vip,28.0,web,70.0,9373.7,133.91,114.28961519765912,3.0,5.0,5.0,347.0,352,0
4643,regular,46.0,in_store,4.0,135.72,33.93,30.414472432270355,3.0,3.0,24.0,44.0,121,1
4644,regular,34.0,web,4.0,150.2,37.55,33.54939939849893,3.0,3.0,63.0,198.0,264,1
4645,bargain_hunter,63.0,web,4.0,74.39,18.5975,9.076035753565538,3.0,3.0,46.0,79.0,138,1
4646,one_off,36.0,web,0.0,0.0,0.0,0.0,0.0,0.0,241.0,0.0,241,1
4647,regular,43.0,mobile_app,13.0,617.34,47.48769230769231,34.03255283642564,3.0,4.0,5.0,191.0,230,0
4648,bargain_hunter,30.0,web,0.0,0.0,0.0,0.0,0.0,0.0,175.0,0.0,175,1
4649,regular,42.0,web,16.0,794.31,49.644375,34.839969760559015,3.0,5.0,13.0,257.0,270,1
4650,bargain_hunter,36.0,web,2.0,31.75,15.875,1.6192745289171933,2.0,2.0,8.0,21.0,115,1
4651,bargain_hunter,39.0,web,3.0,126.75,42.25,54.832388239069076,2.0,2.0,250.0,71.0,328,1
4652,bargain_hunter,43.0,web,14.0,302.48,21.60571428571429,15.394791683845902,3.0,5.0,12.0,336.0,365,0
4653,bargain_hunter,26.0,mobile_app,3.0,71.21000000000001,23.736666666666668,10.45158999068244,3.0,3.0,68.0,23.0,95,1
4654,bargain_hunter,42.0,web,5.0,86.0,17.2,6.0646887801436264,3.0,3.0,9.0,128.0,169,0
4655,regular,34.0,mobile_app,4.0,152.24,38.06,26.13061422929052,2.0,3.0,21.0,22.0,104,1
4656,regular,40.0,web,7.0,310.13,44.30428571428571,34.802488348365195,2.0,4.0,11.0,125.0,152,1
4657,bargain_hunter,59.0,mobile_app,0.0,0.0,0.0,0.0,0.0,0.0,94.0,0.0,94,1
4658,bargain_hunter,35.0,web,5.0,190.15,38.03,34.33307224819824,3.0,3.0,29.0,207.0,279,0
4659,bargain_hunter,77.0,web,7.0,135.25,19.321428571428573,15.090309725749421,3.0,4.0,20.0,198.0,225,0
4660,one_off,43.0,mobile_app,4.0,133.86,33.465,23.067865816614535,2.0,3.0,81.0,144.0,249,1
4661,bargain_hunter,54.0,web,10.0,275.57,27.557,22.02027401686404,3.0,3.0,1.0,257.0,271,0
4662,regular,60.0,web,5.0,237.67000000000002,47.534000000000006,23.23946169772441,3.0,3.0,17.0,73.0,95,0
4663,bargain_hunter,18.0,web,1.0,27.13,27.13,0.0,1.0,1.0,98.0,0.0,120,1
4664,bargain_hunter,51.0,web,1.0,13.24,13.24,0.0,1.0,1.0,45.0,0.0,96,1
4665,regular,36.0,mobile_app,24.0,1197.99,49.91625,33.298824605512664,3.0,5.0,30.0,302.0,337,0
4666,regular,49.0,mobile_app,8.0,426.65,53.33125,35.26506909413742,3.0,4.0,12.0,124.0,143,1
4667,bargain_hunter,50.0,mobile_app,2.0,78.5,39.25,5.133595231414339,2.0,2.0,50.0,121.0,173,1
4668,bargain_hunter,34.0,mobile_app,2.0,35.35,17.675,2.3688077169749353,2.0,2.0,10.0,101.0,143,1
4669,bargain_hunter,49.0,web,15.0,379.09,25.272666666666666,18.186885960834,3.0,5.0,20.0,281.0,318,0
4670,bargain_hunter,36.0,web,5.0,115.81,23.162,15.001052296422406,3.0,4.0,64.0,109.0,194,1
4671,regular,48.0,mobile_app,8.0,460.68,57.585,44.128416176945606,3.0,4.0,30.0,25.0,61,0
4672,bargain_hunter,52.0,in_store,0.0,0.0,0.0,0.0,0.0,0.0,28.0,0.0,28,1
4673,regular,62.0,web,8.0,438.05,54.75625,56.20586114263987,3.0,3.0,4.0,123.0,130,1
4674,bargain_hunter,63.0,in_store,2.0,31.240000000000002,15.620000000000001,8.18829652614022,2.0,2.0,90.0,29.0,149,1
4675,loyal_vip,38.0,web,23.0,2710.13,117.83173913043478,93.68929329787971,3.0,4.0,20.0,256.0,301,0
4676,regular,28.0,in_store,25.0,1270.91,50.836400000000005,28.45617798768251,3.0,5.0,10.0,320.0,350,1
4677,one_off,20.0,web,0.0,0.0,0.0,0.0,0.0,0.0,117.0,0.0,117,1
4678,loyal_vip,82.0,in_store,33.0,4320.18,130.91454545454548,89.85999130908138,3.0,5.0,3.0,341.0,363,0
4679,bargain_hunter,35.0,web,8.0,180.45,22.55625,19.80652413257525,3.0,4.0,66.0,257.0,329,1
4680,bargain_hunter,40.0,web,5.0,202.48999999999998,40.498,24.78646445138959,3.0,3.0,13.0,272.0,361,1
4681,loyal_vip,50.0,mobile_app,15.0,1769.08,117.93866666666666,82.54731265563203,3.0,5.0,18.0,137.0,159,0
4682,regular,68.0,web,13.0,749.9,57.684615384615384,43.81610674462543,3.0,4.0,7.0,266.0,294,0
4683,bargain_hunter,43.0,web,4.0,63.08,15.77,8.601247971467087,3.0,3.0,15.0,54.0,252,0
4684,regular,75.0,mobile_app,3.0,215.87,71.95666666666666,62.576228979807766,2.0,2.0,17.0,4.0,55,1
4685,regular,,web,14.0,808.45,57.746428571428574,50.398654378731315,3.0,5.0,12.0,124.0,161,0
4686,bargain_hunter,50.0,mobile_app,4.0,106.81,26.7025,6.946847606408726,2.0,3.0,7.0,24.0,38,0
4687,regular,30.0,web,9.0,456.29,50.69888888888889,29.79719174873886,3.0,3.0,6.0,138.0,149,1
4688,bargain_hunter,56.0,mobile_app,4.0,100.32000000000001,25.080000000000002,13.850677480421911,2.0,2.0,25.0,151.0,285,0
4689,bargain_hunter,31.0,web,9.0,241.57,26.84111111111111,11.976503501068711,3.0,4.0,55.0,258.0,342,0
4690,regular,19.0,web,30.0,1651.07,55.035666666666664,49.171739969307524,3.0,5.0,8.0,325.0,335,0
4691,bargain_hunter,29.0,mobile_app,13.0,303.92,23.37846153846154,13.90517760054017,3.0,4.0,18.0,221.0,241,1
4692,bargain_hunter,42.0,mobile_app,0.0,0.0,0.0,0.0,0.0,0.0,34.0,0.0,34,1
4693,regular,52.0,mobile_app,29.0,1582.04,54.55310344827586,35.47304963967598,3.0,5.0,7.0,352.0,360,0
4694,bargain_hunter,43.0,mobile_app,2.0,67.22,33.61,11.752114703320423,2.0,1.0,17.0,143.0,192,0
4695,bargain_hunter,27.0,web,9.0,265.69,29.52111111111111,13.265114440181478,3.0,4.0,1.0,126.0,133,1
4696,loyal_vip,28.0,web,50.0,6458.97,129.17940000000002,71.41372155379712,3.0,5.0,4.0,259.0,271,0
4697,bargain_hunter,32.0,mobile_app,4.0,128.27,32.0675,22.565899605378025,2.0,3.0,206.0,121.0,352,1
4698,loyal_vip,36.0,web,85.0,9763.58,114.86564705882353,82.29448978323809,3.0,5.0,1.0,292.0,304,0
4699,one_off,30.0,mobile_app,0.0,0.0,0.0,0.0,0.0,0.0,130.0,0.0,130,1
4700,regular,27.0,mobile_app,1.0,38.1,38.1,0.0,1.0,1.0,4.0,0.0,16,0
4701,one_off,32.0,mobile_app,5.0,290.67,58.134,29.08414396195975,3.0,4.0,44.0,285.0,344,0
4702,bargain_hunter,45.0,web,7.0,65.57,9.367142857142856,10.905632664340196,3.0,4.0,13.0,233.0,286,0
4703,bargain_hunter,45.0,web,1.0,12.57,12.57,0.0,1.0,1.0,46.0,0.0,268,1
4704,regular,56.0,web,9.0,488.40999999999997,54.26777777777777,32.69081437413948,3.0,3.0,24.0,65.0,119,0
4705,regular,47.0,web,0.0,0.0,0.0,0.0,0.0,0.0,13.0,0.0,13,1
4706,bargain_hunter,53.0,mobile_app,3.0,78.25,26.083333333333332,15.59429489695938,2.0,3.0,25.0,53.0,198,0
4707,bargain_hunter,42.0,web,4.0,99.17,24.7925,17.081435097789647,3.0,4.0,53.0,27.0,122,1
4708,loyal_vip,31.0,in_store,8.0,920.08,115.01,73.6214334086403,3.0,3.0,15.0,39.0,63,0
4709,regular,48.0,web,30.0,1557.85,51.92833333333333,36.5471123519269,3.0,5.0,3.0,274.0,277,0
4710,loyal_vip,30.0,in_store,13.0,1154.51,88.80846153846154,73.04841269621056,3.0,5.0,12.0,196.0,213,0
4711,one_off,53.0,mobile_app,0.0,0.0,0.0,0.0,0.0,0.0,113.0,0.0,113,1
4712,regular,35.0,mobile_app,5.0,195.84,39.168,24.824896172995363,2.0,3.0,11.0,189.0,247,0
4713,regular,18.0,mobile_app,12.0,923.3199999999999,76.94333333333333,49.801865305215095,3.0,5.0,18.0,131.0,190,0
4714,regular,18.0,mobile_app,9.0,365.14,40.57111111111111,28.91455059500512,3.0,5.0,10.0,189.0,209,0
4715,regular,26.0,web,4.0,173.07999999999998,43.269999999999996,22.81241913227676,3.0,3.0,3.0,101.0,154,1
4716,regular,28.0,mobile_app,6.0,299.43,49.905,39.88326904856221,3.0,3.0,3.0,108.0,130,1
4717,bargain_hunter,19.0,web,4.0,109.91,27.4775,4.531919203457476,3.0,4.0,20.0,208.0,309,1
4718,bargain_hunter,36.0,mobile_app,4.0,127.02000000000001,31.755000000000003,29.65777076360708,2.0,2.0,30.0,147.0,248,0
4719,regular,39.0,mobile_app,3.0,190.82999999999998,63.60999999999999,18.43137542344575,1.0,2.0,7.0,119.0,140,0
4720,loyal_vip,31.0,mobile_app,13.0,1371.44,105.49538461538462,62.91747486660399,3.0,5.0,3.0,86.0,92,0
4721,bargain_hunter,60.0,mobile_app,9.0,205.35,22.816666666666666,12.785092881946536,3.0,5.0,9.0,216.0,230,0
4722,regular,36.0,in_store,0.0,0.0,0.0,0.0,0.0,0.0,1.0,0.0,1,1
4723,bargain_hunter,49.0,web,5.0,122.03999999999999,24.407999999999998,10.36978881173575,2.0,4.0,51.0,212.0,310,1
4724,bargain_hunter,53.0,mobile_app,2.0,27.18,13.59,10.974297244015219,1.0,2.0,88.0,55.0,250,1
4725,bargain_hunter,,in_store,4.0,91.77000000000001,22.942500000000003,11.961277454073763,3.0,4.0,8.0,236.0,318,0
4726,bargain_hunter,61.0,web,5.0,178.92000000000002,35.784000000000006,14.727998166757082,3.0,4.0,7.0,161.0,343,0
4727,bargain_hunter,18.0,mobile_app,0.0,0.0,0.0,0.0,0.0,0.0,45.0,0.0,45,1
4728,one_off,44.0,mobile_app,0.0,0.0,0.0,0.0,0.0,0.0,67.0,0.0,67,1
4729,bargain_hunter,40.0,web,5.0,106.01,21.202,10.002358221939465,2.0,3.0,135.0,101.0,338,1
4730,bargain_hunter,39.0,mobile_app,2.0,22.86,11.43,9.772215715998087,2.0,2.0,9.0,32.0,83,1
4731,bargain_hunter,44.0,web,1.0,36.6,36.6,0.0,1.0,1.0,40.0,0.0,64,1
4732,one_off,33.0,web,0.0,0.0,0.0,0.0,0.0,0.0,3.0,0.0,3,1
4733,bargain_hunter,24.0,web,1.0,12.19,12.19,0.0,1.0,1.0,37.0,0.0,41,1
4734,bargain_hunter,44.0,web,3.0,109.31,36.43666666666667,28.774746451243203,2.0,3.0,30.0,41.0,183,1
4735,bargain_hunter,57.0,mobile_app,0.0,0.0,0.0,0.0,0.0,0.0,5.0,0.0,5,1
4736,regular,18.0,mobile_app,25.0,1465.28,58.6112,44.52997027471123,3.0,5.0,1.0,273.0,286,0
4737,regular,23.0,in_store,27.0,1605.46,59.461481481481485,36.74126193382623,3.0,5.0,14.0,161.0,179,0
4738,regular,37.0,mobile_app,9.0,396.9,44.099999999999994,23.708884410701405,3.0,4.0,16.0,150.0,181,0
4739,bargain_hunter,18.0,web,2.0,27.93,13.965,14.743176387739517,2.0,2.0,115.0,21.0,173,1
4740,bargain_hunter,46.0,mobile_app,0.0,0.0,0.0,0.0,0.0,0.0,7.0,0.0,7,1
4741,regular,,web,2.0,114.57,57.285,16.327095577597376,2.0,2.0,24.0,21.0,62,0
4742,loyal_vip,36.0,web,32.0,4221.7,131.928125,101.90640330754806,3.0,5.0,1.0,229.0,241,0
4743,regular,29.0,web,11.0,554.35,50.39545454545455,40.543505611536936,3.0,5.0,3.0,43.0,55,0
4744,bargain_hunter,47.0,mobile_app,5.0,99.36,19.872,12.660350311109088,3.0,3.0,8.0,120.0,161,1
4745,bargain_hunter,19.0,web,2.0,35.72,17.86,8.216580797387685,2.0,2.0,28.0,30.0,110,1
4746,regular,34.0,mobile_app,6.0,392.62,65.43666666666667,61.68228908419877,2.0,4.0,52.0,181.0,249,1
4747,one_off,34.0,web,0.0,0.0,0.0,0.0,0.0,0.0,14.0,0.0,14,0
4748,regular,52.0,web,4.0,161.41,40.3525,29.045075744435575,2.0,2.0,7.0,63.0,179,0
4749,regular,72.0,web,14.0,636.37,45.455,32.12248308009157,3.0,5.0,12.0,166.0,187,0
4750,bargain_hunter,45.0,in_store,7.0,165.07,23.58142857142857,11.65724299676876,3.0,4.0,8.0,126.0,149,1
4751,loyal_vip,44.0,mobile_app,25.0,3067.39,122.6956,84.33643034893048,3.0,5.0,11.0,236.0,251,0
4752,bargain_hunter,37.0,web,2.0,16.439999999999998,8.219999999999999,0.791959594928932,2.0,2.0,87.0,34.0,301,1
4753,loyal_vip,20.0,mobile_app,16.0,2029.31,126.831875,85.73398114468188,3.0,5.0,1.0,214.0,223,0
4754,regular,55.0,mobile_app,23.0,1450.3899999999999,63.06043478260869,45.008852106937695,3.0,4.0,4.0,238.0,244,0
4755,bargain_hunter,52.0,web,1.0,14.14,14.14,0.0,1.0,1.0,97.0,0.0,101,1
4756,regular,31.0,in_store,7.0,391.36,55.90857142857143,36.01178438075117,3.0,5.0,55.0,142.0,219,0
4757,bargain_hunter,46.0,in_store,2.0,68.82,34.41,4.836610383315986,2.0,2.0,70.0,18.0,124,1
4758,one_off,38.0,web,1.0,34.39,34.39,0.0,1.0,1.0,212.0,0.0,342,1
4759,regular,18.0,mobile_app,27.0,1489.05,55.15,48.955107378715226,3.0,5.0,15.0,252.0,275,0
4760,loyal_vip,41.0,web,12.0,2109.2,175.76666666666665,94.35686874196217,3.0,4.0,12.0,138.0,160,0
4761,regular,45.0,web,8.0,524.71,65.58875,31.053540142102044,3.0,4.0,5.0,331.0,336,1
4762,bargain_hunter,39.0,mobile_app,5.0,94.46,18.892,12.94330212890049,2.0,4.0,54.0,173.0,245,1
4763,bargain_hunter,40.0,web,3.0,75.55000000000001,25.183333333333337,7.531615585870891,2.0,1.0,25.0,20.0,63,1
4764,regular,50.0,web,56.0,3205.18,57.23535714285714,35.776030673891434,3.0,5.0,4.0,341.0,348,0
4765,regular,47.0,web,6.0,246.17000000000002,41.028333333333336,23.474930812819593,2.0,4.0,3.0,67.0,107,0
4766,bargain_hunter,43.0,web,1.0,9.88,9.88,0.0,1.0,1.0,48.0,0.0,48,1
4767,regular,48.0,web,13.0,754.44,58.033846153846156,41.29866655201301,3.0,5.0,10.0,120.0,140,0
4768,loyal_vip,,in_store,16.0,1966.22,122.88875,69.89487657666093,3.0,5.0,8.0,219.0,229,1
4769,regular,40.0,in_store,20.0,942.0799999999999,47.104,38.238484252056026,3.0,5.0,16.0,270.0,319,0
4770,loyal_vip,30.0,web,10.0,1046.34,104.63399999999999,62.44592224032283,3.0,4.0,38.0,287.0,325,0
4771,regular,26.0,in_store,5.0,397.65999999999997,79.532,42.63075908308459,2.0,3.0,10.0,72.0,90,0
4772,regular,53.0,web,17.0,681.6899999999999,40.09941176470588,26.224641196446388,3.0,5.0,6.0,330.0,338,1
4773,regular,29.0,mobile_app,6.0,170.99,28.498333333333335,14.400067245213357,2.0,3.0,16.0,136.0,154,0
4774,bargain_hunter,33.0,mobile_app,3.0,53.37,17.79,3.7273046561825347,2.0,3.0,22.0,45.0,304,1
4775,loyal_vip,40.0,mobile_app,35.0,4167.88,119.08228571428572,96.04866092356562,3.0,5.0,2.0,202.0,207,0
4776,regular,31.0,in_store,19.0,1245.37,65.54578947368421,38.495029739173894,3.0,5.0,7.0,259.0,286,0
4777,loyal_vip,21.0,mobile_app,8.0,717.55,89.69375,61.29701855660333,2.0,4.0,4.0,71.0,79,0
4778,regular,42.0,web,1.0,121.11,121.11,0.0,1.0,1.0,46.0,0.0,49,0
4779,loyal_vip,43.0,mobile_app,13.0,1199.53,92.27153846153846,75.21619427203979,3.0,5.0,24.0,108.0,172,0
4780,regular,39.0,mobile_app,5.0,244.56,48.912,11.696754678114784,3.0,3.0,43.0,175.0,243,1
4781,bargain_hunter,45.0,mobile_app,0.0,0.0,0.0,0.0,0.0,0.0,31.0,0.0,31,1
4782,regular,40.0,mobile_app,13.0,761.78,58.598461538461535,45.12568094521379,3.0,4.0,1.0,75.0,77,0
4783,bargain_hunter,44.0,mobile_app,18.0,589.9,32.77222222222222,22.82267282268319,3.0,5.0,29.0,325.0,355,0
4784,regular,21.0,web,14.0,750.66,53.61857142857143,25.270784243147975,3.0,5.0,5.0,280.0,288,0
4785,regular,36.0,web,7.0,287.44,41.06285714285714,21.392119821938884,3.0,4.0,14.0,149.0,211,0
4786,regular,55.0,mobile_app,11.0,484.34000000000003,44.03090909090909,36.92539924077882,3.0,5.0,18.0,119.0,150,0
4787,bargain_hunter,43.0,web,11.0,250.4,22.763636363636365,13.162392846840024,3.0,4.0,62.0,129.0,191,0
4788,regular,33.0,mobile_app,38.0,1639.65,43.14868421052632,26.701252037761606,3.0,5.0,8.0,336.0,351,0
4789,bargain_hunter,59.0,mobile_app,1.0,11.84,11.84,0.0,1.0,1.0,64.0,0.0,122,1
4790,regular,44.0,mobile_app,2.0,70.71000000000001,35.355000000000004,28.630753570243307,2.0,2.0,3.0,3.0,20,1
4791,loyal_vip,41.0,mobile_app,76.0,8373.08,110.17210526315789,77.19529879149877,3.0,5.0,2.0,340.0,348,0
4792,one_off,18.0,mobile_app,2.0,64.14999999999999,32.074999999999996,41.3303913603537,2.0,1.0,112.0,15.0,223,0
4793,regular,79.0,web,30.0,1625.22,54.174,33.57309345499653,3.0,5.0,1.0,316.0,317,0
4794,regular,45.0,web,12.0,571.33,47.61083333333334,38.32436572643223,3.0,4.0,3.0,152.0,164,0
4795,bargain_hunter,41.0,mobile_app,3.0,54.870000000000005,18.290000000000003,5.352018310880485,2.0,2.0,18.0,117.0,180,1
4796,regular,42.0,web,13.0,796.75,61.28846153846154,50.13751786273327,3.0,5.0,3.0,210.0,253,0
4797,bargain_hunter,54.0,web,8.0,197.57,24.69625,18.649503200966432,3.0,4.0,7.0,288.0,332,0
4798,loyal_vip,,mobile_app,49.0,5087.69,103.8304081632653,71.77663361542713,3.0,5.0,2.0,323.0,353,0
4799,regular,69.0,web,15.0,702.54,46.836,22.244097387204288,3.0,5.0,2.0,168.0,170,0
4800,bargain_hunter,63.0,web,8.0,180.71,22.58875,14.445776879173275,3.0,5.0,10.0,239.0,303,1
4801,regular,35.0,mobile_app,8.0,419.64,52.455,25.323883701247045,3.0,3.0,6.0,51.0,75,0
4802,bargain_hunter,21.0,mobile_app,5.0,134.45,26.889999999999997,12.91738557139176,3.0,3.0,9.0,224.0,322,0
4803,regular,50.0,mobile_app,9.0,532.95,59.21666666666667,30.118123281506097,3.0,3.0,14.0,187.0,230,1
4804,regular,44.0,web,26.0,1770.2,68.08461538461539,51.00600978165372,3.0,5.0,4.0,331.0,348,0
4805,regular,22.0,mobile_app,7.0,380.22,54.31714285714286,42.69418060043848,2.0,4.0,18.0,152.0,221,0
4806,bargain_hunter,40.0,mobile_app,2.0,24.380000000000003,12.190000000000001,7.452905473706212,2.0,2.0,62.0,124.0,269,1
4807,bargain_hunter,42.0,web,3.0,125.86,41.95333333333333,46.362715983140305,2.0,2.0,62.0,107.0,242,1
4808,regular,50.0,mobile_app,6.0,362.24,60.373333333333335,38.20528898813183,3.0,3.0,11.0,118.0,136,0
4809,regular,26.0,in_store,19.0,1306.93,68.78578947368422,37.99285302904416,3.0,5.0,11.0,248.0,259,0
4810,bargain_hunter,53.0,web,1.0,49.73,49.73,0.0,1.0,1.0,19.0,0.0,49,1
4811,bargain_hunter,48.0,mobile_app,1.0,25.43,25.43,0.0,1.0,1.0,165.0,0.0,203,1
4812,regular,44.0,web,3.0,91.74000000000001,30.580000000000002,13.57945875210054,2.0,2.0,3.0,26.0,30,0
4813,regular,23.0,in_store,0.0,0.0,0.0,0.0,0.0,0.0,42.0,0.0,42,1
4814,bargain_hunter,28.0,web,4.0,83.37,20.8425,5.962585429157388,2.0,3.0,2.0,105.0,145,0
4815,bargain_hunter,54.0,web,6.0,121.25999999999999,20.209999999999997,13.23453059235574,2.0,3.0,11.0,187.0,215,1
4816,one_off,35.0,web,0.0,0.0,0.0,0.0,0.0,0.0,112.0,0.0,112,1
4817,regular,36.0,mobile_app,3.0,94.69,31.563333333333333,11.29805440477843,2.0,2.0,6.0,47.0,70,1
4818,regular,33.0,in_store,22.0,999.61,45.43681818181818,28.590805446167586,3.0,5.0,7.0,299.0,308,0
4819,loyal_vip,47.0,mobile_app,16.0,1781.76,111.36,57.926873210971785,3.0,5.0,1.0,287.0,302,0
4820,loyal_vip,28.0,web,20.0,2001.76,100.088,66.4908332106963,3.0,5.0,10.0,260.0,283,0
4821,one_off,27.0,mobile_app,0.0,0.0,0.0,0.0,0.0,0.0,20.0,0.0,20,1
4822,regular,53.0,web,6.0,104.16,17.36,12.168311304367588,3.0,2.0,9.0,171.0,182,0
4823,one_off,28.0,web,0.0,0.0,0.0,0.0,0.0,0.0,102.0,0.0,102,1
4824,bargain_hunter,40.0,mobile_app,4.0,154.57999999999998,38.644999999999996,14.532917807515462,3.0,3.0,12.0,100.0,124,1
4825,regular,54.0,in_store,15.0,791.02,52.73466666666666,36.05690935702827,3.0,5.0,41.0,81.0,147,1
4826,bargain_hunter,46.0,mobile_app,0.0,0.0,0.0,0.0,0.0,0.0,4.0,0.0,4,0
4827,bargain_hunter,60.0,in_store,3.0,53.410000000000004,17.803333333333335,17.514078146831864,2.0,3.0,34.0,12.0,58,1
4828,bargain_hunter,34.0,mobile_app,2.0,38.94,19.47,0.5656854249492372,2.0,1.0,22.0,19.0,83,0
4829,regular,44.0,mobile_app,5.0,176.5,35.3,19.72356965663163,2.0,4.0,34.0,52.0,86,1
4830,loyal_vip,66.0,in_store,21.0,2359.79,112.37095238095237,91.19256586502883,3.0,5.0,5.0,142.0,149,1
4831,regular,49.0,mobile_app,10.0,444.33000000000004,44.43300000000001,22.83272848347302,3.0,5.0,15.0,176.0,208,0
4832,loyal_vip,34.0,in_store,6.0,849.72,141.62,183.11428628045383,2.0,4.0,6.0,23.0,41,0
4833,loyal_vip,47.0,mobile_app,8.0,1155.0,144.375,87.85545124968465,3.0,5.0,6.0,94.0,124,0
4834,regular,60.0,in_store,17.0,741.34,43.60823529411765,36.754767247816666,3.0,5.0,8.0,257.0,308,0
4835,regular,65.0,mobile_app,9.0,267.81,29.756666666666668,17.616040985420078,3.0,4.0,22.0,172.0,294,0
4836,loyal_vip,26.0,web,26.0,2921.52,112.36615384615385,66.19909909217334,3.0,5.0,21.0,286.0,314,0
4837,bargain_hunter,64.0,web,1.0,34.06,34.06,0.0,1.0,1.0,147.0,0.0,238,1
4838,bargain_hunter,36.0,web,1.0,32.09,32.09,0.0,1.0,1.0,20.0,0.0,60,0
4839,bargain_hunter,60.0,in_store,5.0,122.12,24.424,6.874956727136541,3.0,3.0,16.0,294.0,312,1
4840,one_off,35.0,web,1.0,45.67,45.67,0.0,1.0,1.0,13.0,0.0,261,1
4841,loyal_vip,20.0,mobile_app,22.0,2936.7400000000002,133.48818181818183,77.73879571000286,3.0,5.0,2.0,91.0,95,0
4842,one_off,36.0,in_store,2.0,80.98,40.49,1.2586500705120554,1.0,1.0,65.0,71.0,294,1
4843,regular,,web,18.0,633.54,35.196666666666665,18.753467757755537,3.0,5.0,8.0,228.0,274,0
4844,bargain_hunter,50.0,in_store,2.0,72.92,36.46,8.04687516990291,2.0,2.0,14.0,57.0,114,1
4845,regular,29.0,web,0.0,0.0,0.0,0.0,0.0,0.0,28.0,0.0,28,1
4846,bargain_hunter,55.0,web,0.0,0.0,0.0,0.0,0.0,0.0,12.0,0.0,12,1
4847,bargain_hunter,46.0,web,3.0,94.69999999999999,31.566666666666663,34.7914721351847,1.0,3.0,31.0,128.0,183,1
4848,regular,52.0,web,10.0,541.63,54.163,33.9387991832357,3.0,5.0,29.0,188.0,244,1
4849,bargain_hunter,34.0,web,6.0,190.72,31.786666666666665,20.425165523605106,3.0,4.0,1.0,144.0,152,0
4850,bargain_hunter,53.0,web,2.0,41.32,20.66,6.010407640085654,1.0,2.0,51.0,4.0,147,1
4851,regular,52.0,mobile_app,22.0,1248.75,56.76136363636363,37.55953753651274,3.0,5.0,6.0,311.0,320,0
4852,loyal_vip,58.0,mobile_app,17.0,1898.8,111.69411764705882,56.579573065155714,3.0,5.0,12.0,153.0,192,0
4853,regular,59.0,in_store,25.0,1577.6100000000001,63.104400000000005,41.14426044217265,3.0,5.0,4.0,315.0,350,0
4854,regular,28.0,web,4.0,383.53,95.8825,81.36839450917046,2.0,3.0,25.0,21.0,50,0
4855,bargain_hunter,33.0,mobile_app,0.0,0.0,0.0,0.0,0.0,0.0,21.0,0.0,21,1
4856,loyal_vip,36.0,mobile_app,13.0,1670.79,128.5223076923077,65.94569459712618,3.0,4.0,6.0,138.0,162,0
4857,loyal_vip,64.0,in_store,1.0,33.82,33.82,0.0,1.0,1.0,20.0,0.0,23,0
4858,loyal_vip,42.0,web,14.0,1708.6299999999999,122.04499999999999,73.55620224332912,3.0,4.0,2.0,144.0,161,0
4859,bargain_hunter,18.0,web,0.0,0.0,0.0,0.0,0.0,0.0,142.0,0.0,142,1
4860,one_off,40.0,mobile_app,0.0,0.0,0.0,0.0,0.0,0.0,28.0,0.0,28,1
4861,regular,26.0,mobile_app,7.0,477.26,68.17999999999999,40.76995544106796,3.0,4.0,19.0,111.0,152,1
4862,regular,48.0,mobile_app,19.0,885.97,46.63,29.314523704130007,3.0,5.0,2.0,268.0,294,0
4863,loyal_vip,39.0,mobile_app,35.0,4649.01,132.82885714285715,75.58045774387126,3.0,5.0,8.0,283.0,308,0
4864,regular,47.0,mobile_app,11.0,818.04,74.36727272727272,44.75753145357975,3.0,5.0,16.0,209.0,228,0
4865,bargain_hunter,41.0,web,0.0,0.0,0.0,0.0,0.0,0.0,14.0,0.0,14,0
4866,one_off,18.0,mobile_app,2.0,46.9,23.45,30.730860710367356,2.0,2.0,17.0,168.0,364,0
4867,one_off,,mobile_app,4.0,66.83,16.7075,8.03331552556809,2.0,4.0,22.0,155.0,302,0
4868,bargain_hunter,33.0,web,12.0,374.68,31.223333333333333,26.79256590695986,3.0,5.0,2.0,230.0,340,0
4869,bargain_hunter,59.0,web,5.0,106.19,21.238,8.304804031402545,3.0,3.0,35.0,156.0,242,1
4870,bargain_hunter,59.0,web,0.0,0.0,0.0,0.0,0.0,0.0,136.0,0.0,136,1
4871,regular,60.0,in_store,6.0,304.6,50.76666666666667,45.225897300845965,2.0,4.0,5.0,39.0,48,0
4872,bargain_hunter,29.0,web,1.0,31.75,31.75,0.0,1.0,1.0,6.0,0.0,53,1
4873,bargain_hunter,21.0,web,4.0,101.07,25.2675,6.731257311973743,3.0,2.0,9.0,160.0,196,1
4874,regular,48.0,web,9.0,620.57,68.95222222222223,43.7592018259525,3.0,5.0,17.0,141.0,162,0
4875,regular,38.0,web,9.0,452.36,50.26222222222222,34.23822015590829,2.0,4.0,9.0,113.0,132,0
4876,one_off,61.0,mobile_app,2.0,86.9,43.45,37.08067960542255,2.0,2.0,120.0,135.0,258,1
4877,one_off,29.0,web,0.0,0.0,0.0,0.0,0.0,0.0,86.0,0.0,86,1
4878,bargain_hunter,35.0,web,5.0,75.43,15.086000000000002,10.04084309209142,3.0,2.0,23.0,169.0,192,1
4879,regular,62.0,web,4.0,107.85,26.9625,19.214148216006524,2.0,3.0,40.0,41.0,97,1
4880,one_off,25.0,web,0.0,0.0,0.0,0.0,0.0,0.0,86.0,0.0,86,1
4881,one_off,44.0,mobile_app,1.0,34.8,34.8,0.0,1.0,1.0,103.0,0.0,208,1
4882,bargain_hunter,70.0,in_store,0.0,0.0,0.0,0.0,0.0,0.0,28.0,0.0,28,1
4883,regular,41.0,mobile_app,19.0,977.65,51.455263157894734,31.648862252399297,3.0,5.0,4.0,280.0,304,1
4884,bargain_hunter,32.0,web,0.0,0.0,0.0,0.0,0.0,0.0,2.0,0.0,2,1
4885,regular,58.0,mobile_app,1.0,28.1,28.1,0.0,1.0,1.0,30.0,0.0,41,1
4886,regular,54.0,web,3.0,271.33000000000004,90.44333333333334,57.234683831863116,2.0,3.0,1.0,20.0,54,0
4887,bargain_hunter,70.0,mobile_app,6.0,132.81,22.135,19.966837255809942,3.0,4.0,22.0,293.0,321,0
4888,bargain_hunter,52.0,mobile_app,6.0,184.91000000000003,30.81833333333334,25.37085289592501,3.0,4.0,5.0,252.0,278,1
4889,one_off,46.0,in_store,0.0,0.0,0.0,0.0,0.0,0.0,205.0,0.0,205,1
4890,regular,45.0,mobile_app,4.0,408.84999999999997,102.21249999999999,64.16990331663798,2.0,4.0,23.0,56.0,100,0
4891,loyal_vip,23.0,mobile_app,5.0,664.0,132.8,89.28572114285687,2.0,4.0,8.0,29.0,39,0
4892,bargain_hunter,44.0,in_store,0.0,0.0,0.0,0.0,0.0,0.0,42.0,0.0,42,1
4893,regular,28.0,mobile_app,3.0,315.40999999999997,105.13666666666666,63.50175299417594,3.0,2.0,72.0,7.0,92,1
4894,regular,31.0,in_store,8.0,408.90999999999997,51.113749999999996,29.205738642308926,3.0,4.0,11.0,259.0,273,0
4895,loyal_vip,45.0,web,3.0,555.37,185.12333333333333,169.1149932245315,2.0,2.0,15.0,26.0,42,1
4896,bargain_hunter,67.0,web,0.0,0.0,0.0,0.0,0.0,0.0,152.0,0.0,152,1
4897,bargain_hunter,43.0,in_store,1.0,33.43,33.43,0.0,1.0,1.0,5.0,0.0,6,0
4898,bargain_hunter,46.0,mobile_app,5.0,139.82999999999998,27.965999999999998,8.93850826480571,3.0,3.0,85.0,176.0,308,1
4899,bargain_hunter,43.0,web,6.0,130.34,21.723333333333333,15.922922679793013,3.0,3.0,11.0,318.0,355,0
4900,regular,35.0,web,5.0,234.31,46.862,26.95650515181818,2.0,4.0,10.0,72.0,107,1
4901,bargain_hunter,43.0,web,1.0,10.72,10.72,0.0,1.0,1.0,51.0,0.0,58,1
4902,bargain_hunter,43.0,mobile_app,11.0,392.14,35.64909090909091,18.54469220803918,3.0,5.0,25.0,289.0,333,1
4903,bargain_hunter,45.0,mobile_app,3.0,100.18,33.39333333333334,28.75771954333885,2.0,2.0,7.0,84.0,96,0
4904,loyal_vip,61.0,mobile_app,22.0,2732.02,124.18272727272728,77.27546848970267,3.0,5.0,8.0,159.0,177,0
4905,regular,42.0,web,8.0,554.78,69.3475,47.32732516361829,3.0,4.0,46.0,55.0,106,1
4906,regular,52.0,in_store,9.0,456.02,50.66888888888889,32.84256820212316,2.0,4.0,22.0,83.0,135,0
4907,regular,37.0,web,28.0,1735.59,61.98535714285714,41.45581462876338,3.0,5.0,9.0,331.0,366,0
4908,loyal_vip,31.0,web,64.0,8648.53,135.13328125,93.2498697910438,3.0,5.0,3.0,241.0,246,0
4909,regular,33.0,web,16.0,940.77,58.798125,34.11791850211068,3.0,4.0,1.0,126.0,169,0
4910,regular,29.0,web,14.0,621.65,44.403571428571425,31.560695762814973,3.0,5.0,29.0,216.0,300,0
4911,loyal_vip,34.0,web,5.0,596.61,119.322,95.7032696411152,3.0,3.0,5.0,15.0,31,0
4912,regular,49.0,mobile_app,2.0,86.18,43.09,8.683271272970801,2.0,2.0,13.0,4.0,35,0
4913,regular,53.0,in_store,6.0,253.75,42.291666666666664,24.613595768734537,3.0,3.0,119.0,95.0,246,1
4914,regular,28.0,mobile_app,10.0,742.91,74.291,37.704014655088265,3.0,5.0,7.0,298.0,310,0
4915,bargain_hunter,40.0,web,4.0,67.22,16.805,9.979493975147237,2.0,4.0,12.0,78.0,145,0
4916,regular,40.0,mobile_app,3.0,87.42,29.14,22.732679120596412,2.0,2.0,34.0,46.0,80,0
4917,bargain_hunter,28.0,mobile_app,6.0,164.08,27.346666666666668,20.268535878712765,2.0,4.0,5.0,152.0,174,0
4918,loyal_vip,36.0,mobile_app,25.0,2932.01,117.28040000000001,79.15377057138001,3.0,5.0,24.0,285.0,310,0
4919,one_off,69.0,mobile_app,1.0,62.76,62.76,0.0,1.0,1.0,173.0,0.0,187,1
4920,regular,38.0,mobile_app,5.0,386.86,77.372,48.127561438327625,3.0,4.0,19.0,118.0,155,1
4921,bargain_hunter,56.0,mobile_app,6.0,211.59,35.265,39.048146562929205,2.0,4.0,12.0,168.0,220,0
4922,bargain_hunter,50.0,in_store,7.0,120.03999999999999,17.148571428571426,7.955676021079601,2.0,4.0,7.0,113.0,144,0
4923,bargain_hunter,56.0,mobile_app,3.0,82.47999999999999,27.49333333333333,4.332682002332199,3.0,3.0,134.0,76.0,213,1
4924,regular,20.0,web,5.0,349.45,69.89,43.2304637958003,3.0,4.0,31.0,122.0,165,0
4925,bargain_hunter,43.0,web,2.0,47.65,23.825,9.213601358860716,2.0,2.0,130.0,55.0,202,1
4926,bargain_hunter,38.0,web,3.0,81.55,27.183333333333334,12.05949556711778,3.0,3.0,21.0,18.0,58,1
4927,regular,31.0,web,14.0,674.75,48.19642857142857,42.873388304696356,3.0,5.0,1.0,259.0,262,0
4928,bargain_hunter,26.0,in_store,2.0,40.370000000000005,20.185000000000002,15.69069947452949,2.0,2.0,11.0,30.0,63,0
4929,loyal_vip,34.0,mobile_app,29.0,3759.59,129.6410344827586,81.54708930361419,3.0,5.0,5.0,231.0,263,0
4930,bargain_hunter,47.0,in_store,3.0,91.92,30.64,10.412295616241405,2.0,2.0,89.0,98.0,187,1
4931,bargain_hunter,24.0,web,1.0,2.71,2.71,0.0,1.0,1.0,94.0,0.0,112,1
4932,loyal_vip,56.0,web,15.0,1701.36,113.42399999999999,68.61591264838958,3.0,5.0,15.0,157.0,174,0
4933,regular,42.0,web,7.0,241.0,34.42857142857143,14.880561625345809,2.0,5.0,7.0,134.0,146,1
4934,bargain_hunter,31.0,mobile_app,1.0,8.21,8.21,0.0,1.0,1.0,9.0,0.0,10,0
4935,bargain_hunter,50.0,web,1.0,30.16,30.16,0.0,1.0,1.0,32.0,0.0,71,1
4936,one_off,54.0,mobile_app,0.0,0.0,0.0,0.0,0.0,0.0,112.0,0.0,112,1
4937,regular,45.0,mobile_app,4.0,233.75,58.4375,32.172482418986576,2.0,3.0,3.0,76.0,129,0
4938,bargain_hunter,47.0,web,0.0,0.0,0.0,0.0,0.0,0.0,32.0,0.0,32,0
4939,loyal_vip,46.0,in_store,27.0,3624.31,134.2337037037037,86.05070424545985,3.0,5.0,8.0,231.0,244,0
4940,loyal_vip,36.0,mobile_app,38.0,5107.84,134.41684210526316,95.38109074045684,3.0,5.0,7.0,295.0,303,0
4941,loyal_vip,37.0,web,30.0,3194.9,106.49666666666667,85.68247293242705,3.0,5.0,1.0,205.0,215,0
4942,regular,34.0,mobile_app,34.0,1542.77,45.37558823529412,35.646617179055866,3.0,5.0,16.0,324.0,357,0
4943,regular,23.0,mobile_app,0.0,0.0,0.0,0.0,0.0,0.0,30.0,0.0,30,1
4944,bargain_hunter,39.0,in_store,3.0,93.9,31.3,21.241909047917517,2.0,3.0,110.0,24.0,207,1
4945,loyal_vip,19.0,mobile_app,99.0,12181.6,123.04646464646466,83.58152977187237,3.0,5.0,6.0,349.0,358,0
4946,bargain_hunter,23.0,web,2.0,56.510000000000005,28.255000000000003,8.365073221436857,1.0,2.0,69.0,24.0,126,1
4947,bargain_hunter,44.0,web,3.0,62.2,20.733333333333334,10.693953120026912,2.0,3.0,5.0,144.0,184,0
4948,bargain_hunter,54.0,mobile_app,1.0,22.75,22.75,0.0,1.0,1.0,11.0,0.0,17,1
4949,bargain_hunter,38.0,in_store,3.0,68.18,22.72666666666667,17.2256562526173,3.0,2.0,53.0,31.0,104,1
4950,bargain_hunter,52.0,in_store,0.0,0.0,0.0,0.0,0.0,0.0,31.0,0.0,31,1
4951,bargain_hunter,45.0,web,6.0,114.82,19.136666666666667,18.261749824884433,3.0,4.0,32.0,160.0,298,0
4952,regular,42.0,in_store,13.0,636.47,48.95923076923077,20.986624494956487,2.0,5.0,14.0,188.0,218,0
4953,bargain_hunter,56.0,web,7.0,146.78,20.96857142857143,5.771052557293828,2.0,4.0,16.0,135.0,151,0
4954,regular,33.0,mobile_app,2.0,42.32,21.16,15.245222202381964,1.0,2.0,36.0,1.0,102,1
4955,loyal_vip,18.0,web,26.0,2708.41,104.16961538461538,60.37685957257262,3.0,5.0,1.0,226.0,235,0
4956,bargain_hunter,41.0,in_store,1.0,8.11,8.11,0.0,1.0,1.0,26.0,0.0,41,1
4957,loyal_vip,28.0,web,62.0,7178.66,115.78483870967742,87.03212408131095,3.0,5.0,1.0,258.0,267,0
4958,regular,38.0,in_store,24.0,1144.7,47.69583333333333,21.06436593678624,3.0,5.0,2.0,239.0,249,0
4959,bargain_hunter,54.0,mobile_app,1.0,57.62,57.62,0.0,1.0,1.0,35.0,0.0,106,1
4960,regular,48.0,mobile_app,13.0,647.48,49.80615384615385,31.409763486974754,2.0,5.0,1.0,170.0,200,0
4961,bargain_hunter,33.0,mobile_app,4.0,139.89000000000001,34.972500000000004,18.320440997239487,3.0,3.0,42.0,115.0,184,1
4962,regular,44.0,mobile_app,18.0,1181.11,65.61722222222221,43.331591627893566,3.0,5.0,4.0,252.0,288,0
4963,loyal_vip,41.0,mobile_app,42.0,5112.14,121.71761904761905,107.86993402873449,3.0,5.0,4.0,254.0,276,0
4964,bargain_hunter,60.0,web,1.0,6.4,6.4,0.0,1.0,1.0,7.0,0.0,30,0
4965,regular,43.0,in_store,7.0,343.79,49.112857142857145,46.99468151265833,2.0,4.0,7.0,159.0,169,0
4966,bargain_hunter,31.0,mobile_app,2.0,57.16,28.58,2.7294321753800768,1.0,1.0,6.0,8.0,59,0
4967,bargain_hunter,,web,1.0,26.06,26.06,0.0,1.0,1.0,36.0,0.0,36,0
4968,bargain_hunter,24.0,mobile_app,2.0,37.5,18.75,12.940054095713819,2.0,1.0,234.0,95.0,364,1
4969,bargain_hunter,51.0,web,3.0,47.85,15.950000000000001,12.157084354400112,2.0,2.0,150.0,126.0,310,1
4970,loyal_vip,24.0,mobile_app,16.0,1852.57,115.785625,66.32849211500289,3.0,5.0,22.0,223.0,250,0
4971,one_off,27.0,mobile_app,0.0,0.0,0.0,0.0,0.0,0.0,58.0,0.0,58,1
4972,loyal_vip,45.0,in_store,4.0,590.74,147.685,106.39301809799365,2.0,4.0,18.0,47.0,74,0
4973,regular,52.0,web,1.0,60.86,60.86,0.0,1.0,1.0,122.0,0.0,128,1
4974,bargain_hunter,34.0,web,7.0,184.06,26.294285714285714,16.884885605320573,3.0,4.0,69.0,235.0,304,0
4975,one_off,31.0,mobile_app,1.0,13.59,13.59,0.0,1.0,1.0,50.0,0.0,94,1
4976,one_off,24.0,in_store,0.0,0.0,0.0,0.0,0.0,0.0,95.0,0.0,95,1
4977,one_off,37.0,web,0.0,0.0,0.0,0.0,0.0,0.0,84.0,0.0,84,0
4978,bargain_hunter,53.0,web,3.0,69.84,23.28,2.5746650267559077,2.0,2.0,55.0,38.0,175,1
4979,bargain_hunter,39.0,web,5.0,87.76,17.552,8.710285299575439,2.0,4.0,125.0,132.0,265,1
4980,regular,25.0,web,6.0,263.18,43.86333333333334,25.89830316191906,3.0,3.0,4.0,125.0,182,0
4981,loyal_vip,32.0,web,27.0,2910.68,107.80296296296295,65.41569217848944,3.0,5.0,1.0,307.0,308,0
4982,bargain_hunter,45.0,in_store,1.0,28.23,28.23,0.0,1.0,1.0,12.0,0.0,130,0
4983,bargain_hunter,28.0,web,3.0,60.150000000000006,20.05,13.472575848738058,3.0,2.0,33.0,8.0,98,0
4984,one_off,40.0,mobile_app,0.0,0.0,0.0,0.0,0.0,0.0,38.0,0.0,38,1
4985,one_off,32.0,mobile_app,1.0,10.35,10.35,0.0,1.0,1.0,126.0,0.0,199,1
4986,bargain_hunter,41.0,web,4.0,111.84,27.96,26.569058445241655,3.0,3.0,34.0,164.0,247,1
4987,regular,33.0,mobile_app,2.0,33.6,16.8,12.119810229537425,1.0,2.0,83.0,69.0,161,0
4988,bargain_hunter,27.0,mobile_app,6.0,202.72,33.78666666666667,16.43539189270115,3.0,4.0,56.0,107.0,286,0
4989,loyal_vip,24.0,web,6.0,576.5,96.08333333333333,71.34979458040974,2.0,3.0,9.0,45.0,62,0
4990,bargain_hunter,46.0,in_store,2.0,4.640000000000001,2.3200000000000003,1.8667619023324855,1.0,1.0,99.0,4.0,106,1
4991,loyal_vip,34.0,mobile_app,40.0,4443.88,111.09700000000001,70.33290579041275,3.0,5.0,3.0,158.0,174,0
4992,loyal_vip,19.0,web,36.0,4787.32,132.9811111111111,96.02472999263642,3.0,5.0,1.0,293.0,324,0
4993,regular,64.0,mobile_app,6.0,459.03,76.505,36.131309276028176,3.0,5.0,10.0,13.0,48,0
4994,regular,43.0,web,30.0,1955.56,65.18533333333333,43.16207488647582,3.0,5.0,19.0,330.0,350,1
4995,loyal_vip,31.0,mobile_app,16.0,2195.11,137.194375,91.24192186845913,3.0,5.0,10.0,146.0,168,0
4996,regular,32.0,mobile_app,15.0,1073.24,71.54933333333334,35.11669575789244,3.0,5.0,17.0,162.0,190,0
4997,one_off,63.0,web,1.0,46.39,46.39,0.0,1.0,1.0,86.0,0.0,185,1
4998,regular,29.0,web,11.0,707.01,64.27363636363636,42.81043313789929,3.0,4.0,30.0,189.0,220,0
4999,regular,18.0,in_store,3.0,126.23,42.07666666666667,26.03328126328553,2.0,2.0,26.0,19.0,54,1
5000,regular,52.0,in_store,18.0,1134.3400000000001,63.018888888888895,41.59025563036001,3.0,5.0,29.0,322.0,353,1
